日期,觀測時間(hour),測站氣壓(hPa),海平面氣壓(hPa),氣溫(℃),露點溫度(℃),相對溼度(%),風速(m/s),風向(360degree),最大瞬間風(m/s),最大瞬間風風向(360degree),降水量(mm),降水時數(h),全天空日射量(MJ/㎡),紫外線指數
2024-03-01,1,1020.6,1024.3,11.0,9.8,92,1.7,100,5.9,80,0.5,0.6,0.0,0
2024-03-01,2,1020.4,1024.1,11.2,10.3,94,1.7,80,6.1,90,T,0.2,0.0,0
2024-03-01,3,1020.2,1023.9,11.2,10.4,95,1.5,110,5.6,70,T,0.7,0.0,0
2024-03-01,4,1020.5,1024.2,11.1,10.5,96,1.6,100,5.0,90,0.5,1.0,0.0,0
2024-03-01,5,1020.1,1023.8,10.8,10.0,95,1.9,100,6.7,80,0.5,0.8,0.0,0
2024-03-01,6,1019.4,1023.1,10.9,10.1,95,2.5,100,7.1,110,T,0.3,0.0,0
2024-03-01,7,1019.8,1023.5,11.1,10.3,95,3.0,90,8.2,110,T,0.1,0.01,0
2024-03-01,8,1020.2,1023.9,11.5,10.2,92,2.9,90,8.1,80,T,0.1,0.05,0
2024-03-01,9,1020.4,1024.1,11.9,11.1,95,2.8,100,7.2,90,T,1.0,0.1,0
2024-03-01,10,1020.5,1024.2,12.0,11.4,96,1.7,120,7.1,100,1.0,1.0,0.18,1
2024-03-01,11,1020.3,1024.0,12.0,11.5,97,2.2,90,5.8,140,1.0,1.0,0.35,1
2024-03-01,12,1018.7,1022.4,12.0,10.7,92,3.5,90,7.8,110,T,1.0,0.55,2
2024-03-01,13,1017.8,1021.5,12.3,11.5,95,2.4,90,7.4,110,T,1.0,0.33,1
2024-03-01,14,1016.8,1020.5,12.0,11.5,97,2.3,90,7.6,60,0.5,1.0,0.21,1
2024-03-01,15,1016.4,1020.1,12.2,11.6,96,2.6,90,6.4,60,T,1.0,0.24,1
2024-03-01,16,1016.7,1020.4,12.2,11.7,97,1.9,80,5.9,50,0.5,1.0,0.15,0
2024-03-01,17,1017.1,1020.8,12.2,11.9,98,1.7,90,5.4,80,1.0,1.0,0.05,0
2024-03-01,18,1017.4,1021.1,12.4,11.8,96,2.3,90,5.6,80,T,1.0,0.01,0
2024-03-01,19,1017.8,1021.5,12.3,11.8,97,1.8,100,7.3,90,1.0,0.9,0.0,0
2024-03-01,20,1018.5,1022.2,12.4,12.1,98,1.3,90,6.5,100,0.5,0.8,0.0,0
2024-03-01,21,1018.5,1022.2,12.3,11.8,97,1.7,90,4.9,90,T,0.6,0.0,0
2024-03-01,22,1018.5,1022.2,12.4,11.9,97,1.4,90,4.8,100,0.5,0.3,0.0,0
2024-03-01,23,1018.6,1022.3,12.6,12.1,97,1.8,100,3.8,100,T,0.3,0.0,0
2024-03-01,24,1018.2,1021.9,12.5,12.0,97,1.6,100,4.1,70,T,0.8,0.0,0
2024-03-02,1,1017.8,1021.5,12.6,12.1,97,1.3,100,3.9,80,T,0.3,0.0,0
2024-03-02,2,1017.6,1021.3,12.6,12.1,97,1.5,120,4.1,80,T,0.2,0.0,0
2024-03-02,3,1017.8,1021.5,12.4,11.8,96,2.2,90,6.3,100,0.0,0.0,0.0,0
2024-03-02,4,1017.3,1021.0,12.4,11.5,94,2.0,90,6.6,70,0.0,0.0,0.0,0
2024-03-02,5,1017.4,1021.1,12.5,11.6,94,2.1,100,6.7,80,0.0,0.0,0.0,0
2024-03-02,6,1017.5,1021.2,12.4,11.6,95,2.2,90,7.5,100,0.0,0.0,0.0,0
2024-03-02,7,1017.2,1020.9,12.6,11.7,94,3.7,90,8.3,70,0.0,0.0,0.08,0
2024-03-02,8,1017.6,1021.3,13.4,11.6,89,3.0,90,8.3,80,0.0,0.0,0.38,0
2024-03-02,9,1017.2,1020.9,14.9,11.9,82,4.1,90,9.7,90,0.0,0.0,1.32,2
2024-03-02,10,1017.3,1021.0,15.0,11.8,81,3.4,100,10.6,80,0.0,0.0,1.1,2
2024-03-02,11,1017.3,1021.0,14.9,11.9,82,3.3,90,10.4,80,0.0,0.0,0.44,1
2024-03-02,12,1016.7,1020.4,15.1,12.1,82,3.2,80,9.4,70,0.0,0.0,0.32,1
2024-03-02,13,1015.9,1019.6,14.7,12.6,87,3.2,80,10.6,100,T,0.3,0.36,1
2024-03-02,14,1015.3,1019.0,14.1,13.2,94,2.7,90,7.7,80,T,1.0,0.24,1
2024-03-02,15,1014.9,1018.6,14.2,13.4,95,2.2,110,7.4,90,T,1.0,0.18,1
2024-03-02,16,1014.3,1018.0,14.8,13.5,92,2.7,100,7.8,90,T,0.5,0.49,1
2024-03-02,17,1014.3,1018.0,14.9,13.8,93,2.6,90,8.4,80,0.0,0.0,0.41,1
2024-03-02,18,1014.1,1017.8,14.9,13.9,94,3.4,90,9.2,80,0.0,0.0,0.09,0
2024-03-02,19,1013.9,1017.6,14.9,14.1,95,3.4,90,8.4,80,0.0,0.0,0.0,0
2024-03-02,20,1014.6,1018.2,15.5,14.5,94,4.1,80,9.2,80,0.0,0.0,0.0,0
2024-03-02,21,1014.4,1018.0,15.7,15.1,96,3.5,90,9.2,70,0.0,0.0,0.0,0
2024-03-02,22,1013.8,1017.4,15.7,15.2,97,3.8,100,9.3,100,0.0,0.0,0.0,0
2024-03-02,23,1013.2,1016.8,16.0,15.4,96,2.9,90,11.1,100,0.0,0.0,0.0,0
2024-03-02,24,1013.2,1016.8,16.4,15.6,95,2.7,90,6.8,60,0.0,0.0,0.0,0
2024-03-03,1,1012.8,1016.4,15.7,15.2,97,1.3,200,4.7,70,0.0,0.0,0.0,0
2024-03-03,2,1012.7,1016.3,15.0,14.7,98,1.4,210,2.5,230,0.0,0.0,0.0,0
2024-03-03,3,1012.7,1016.4,14.4,14.1,98,0.4,160,2.5,180,0.0,0.0,0.0,0
2024-03-03,4,1013.1,1016.8,13.9,13.6,98,0.9,180,1.9,250,0.0,0.0,0.0,0
2024-03-03,5,1013.0,1016.7,13.7,13.4,98,0.9,200,2.1,230,0.0,0.0,0.0,0
2024-03-03,6,1013.1,1016.8,13.3,13.0,98,0.5,170,1.6,140,0.0,0.0,0.0,0
2024-03-03,7,1013.3,1017.0,14.0,13.7,98,1.2,220,2.0,120,0.0,0.0,0.1,0
2024-03-03,8,1013.0,1016.6,15.7,14.7,94,1.5,170,2.7,180,0.0,0.0,0.6,0
2024-03-03,9,1012.6,1016.2,18.1,15.0,82,0.6,V,2.4,260,0.0,0.0,1.33,2
2024-03-03,10,1012.5,1016.1,20.7,15.5,72,1.0,350,4.3,300,0.0,0.0,2.06,4
2024-03-03,11,1012.3,1015.9,21.5,16.5,73,2.7,310,6.7,340,0.0,0.0,2.61,6
2024-03-03,12,1011.9,1015.5,20.4,16.2,77,3.1,320,8.2,310,0.0,0.0,2.24,6
2024-03-03,13,1010.5,1014.1,20.8,16.4,76,1.4,300,6.2,340,0.0,0.0,2.6,6
2024-03-03,14,1009.2,1012.7,22.3,17.0,72,1.1,300,3.5,310,0.0,0.0,2.0,5
2024-03-03,15,1008.1,1011.6,22.1,16.8,72,1.2,150,2.6,330,0.0,0.0,1.31,3
2024-03-03,16,1007.5,1011.0,22.9,16.9,69,1.8,50,3.6,40,0.0,0.0,1.23,2
2024-03-03,17,1007.7,1011.2,22.1,17.3,74,1.0,310,3.7,50,0.0,0.0,0.52,1
2024-03-03,18,1008.4,1012.0,19.9,17.1,84,2.6,90,6.1,60,0.0,0.0,0.12,0
2024-03-03,19,1008.9,1012.5,19.0,17.0,88,2.7,40,4.8,40,0.0,0.0,0.0,0
2024-03-03,20,1008.9,1012.5,18.9,16.9,88,1.1,120,3.6,40,0.0,0.0,0.0,0
2024-03-03,21,1009.4,1013.0,19.0,17.0,88,0.5,130,1.6,100,0.0,0.0,0.0,0
2024-03-03,22,1009.5,1013.1,19.0,17.2,89,1.4,120,1.8,120,0.0,0.0,0.0,0
2024-03-03,23,1009.4,1013.0,18.9,17.4,91,0.4,360,2.5,140,0.0,0.0,0.0,0
2024-03-03,24,1009.2,1012.8,18.7,17.4,92,0.7,180,1.8,110,0.0,0.0,0.0,0
2024-03-04,1,1008.6,1012.2,18.5,17.7,95,0.4,130,2.1,230,0.0,0.0,0.0,0
2024-03-04,2,1008.4,1012.0,18.5,17.7,95,0.9,180,1.9,230,0.0,0.0,0.0,0
2024-03-04,3,1008.0,1011.6,18.4,17.8,96,0.8,170,1.7,160,0.0,0.0,0.0,0
2024-03-04,4,1007.1,1010.7,18.1,17.6,97,0.5,V,1.7,110,0.0,0.0,0.0,0
2024-03-04,5,1006.7,1010.3,18.0,17.5,97,0.8,180,2.1,240,0.0,0.0,0.0,0
2024-03-04,6,1006.1,1009.7,17.6,17.3,98,1.2,90,2.5,100,0.0,0.0,0.0,0
2024-03-04,7,1006.6,1010.2,18.1,17.6,97,0.5,130,2.6,300,0.0,0.0,0.1,0
2024-03-04,8,1007.6,1011.2,20.0,17.8,87,0.8,140,1.5,180,0.0,0.0,0.63,1
2024-03-04,9,1007.4,1010.9,22.7,18.1,75,1.3,180,2.4,160,0.0,0.0,1.4,2
2024-03-04,10,1006.5,1010.0,24.8,18.5,68,0.6,120,2.8,130,0.0,0.0,2.1,4
2024-03-04,11,1005.5,1009.0,26.7,19.8,66,1.5,10,3.7,50,0.0,0.0,2.71,6
2024-03-04,12,1004.2,1007.7,27.1,18.7,60,1.3,340,4.2,350,0.0,0.0,2.65,7
2024-03-04,13,1003.1,1006.6,25.9,19.6,68,2.4,330,6.8,350,0.0,0.0,1.29,4
2024-03-04,14,1001.9,1005.4,27.2,20.1,65,2.2,40,5.8,350,0.0,0.0,1.69,5
2024-03-04,15,1001.1,1004.6,27.8,19.6,61,1.9,90,6.8,70,0.0,0.0,1.51,3
2024-03-04,16,1001.0,1004.4,29.7,17.6,48,4.2,280,9.9,280,0.0,0.0,1.56,2
2024-03-04,17,1001.8,1005.3,26.2,19.4,66,2.6,350,8.8,290,0.0,0.0,0.87,1
2024-03-04,18,1002.3,1005.8,24.7,19.8,74,1.5,90,5.8,80,0.0,0.0,0.14,0
2024-03-04,19,1002.4,1005.9,23.4,19.6,79,1.2,100,4.9,80,0.0,0.0,0.0,0
2024-03-04,20,1002.8,1006.3,23.5,19.9,80,1.2,130,2.7,80,0.0,0.0,0.0,0
2024-03-04,21,1003.5,1007.0,23.5,19.9,80,1.1,130,2.8,90,0.0,0.0,0.0,0
2024-03-04,22,1003.5,1007.0,23.2,20.2,83,1.1,140,2.5,90,0.0,0.0,0.0,0
2024-03-04,23,1003.0,1006.5,24.3,19.6,75,1.8,210,6.6,210,0.0,0.0,0.0,0
2024-03-04,24,1002.9,1006.4,27.2,18.2,58,2.9,230,8.5,220,0.0,0.0,0.0,0
2024-03-05,1,1003.3,1006.8,27.2,17.4,55,3.1,270,10.9,280,0.0,0.0,0.0,0
2024-03-05,2,1003.2,1006.7,26.9,17.7,57,2.7,260,10.2,260,0.0,0.0,0.0,0
2024-03-05,3,1002.9,1006.4,26.7,17.8,58,3.2,240,10.1,230,0.0,0.0,0.0,0
2024-03-05,4,1003.2,1006.7,24.7,18.2,67,1.1,250,6.6,210,0.0,0.0,0.0,0
2024-03-05,5,1005.0,1008.5,21.7,19.4,87,3.8,330,10.5,340,0.0,0.0,0.0,0
2024-03-05,6,1006.8,1010.4,21.0,18.0,83,1.7,350,7.4,330,0.0,0.0,0.0,0
2024-03-05,7,1008.4,1012.0,17.7,15.3,86,2.7,100,9.1,90,0.0,0.0,0.01,0
2024-03-05,8,1009.5,1013.1,17.3,14.8,85,3.7,100,9.2,40,T,0.1,0.06,0
2024-03-05,9,1010.3,1013.9,16.9,14.7,87,3.3,90,10.6,90,T,1.0,0.1,0
2024-03-05,10,1010.9,1014.5,16.3,14.5,89,3.8,90,9.6,90,T,1.0,0.13,0
2024-03-05,11,1011.4,1015.0,15.9,14.3,90,2.4,80,10.6,100,T,1.0,0.14,0
2024-03-05,12,1011.2,1014.8,15.5,13.9,90,3.0,90,9.2,80,T,1.0,0.27,1
2024-03-05,13,1010.4,1014.0,15.4,13.6,89,2.5,100,8.4,100,0.5,1.0,0.26,1
2024-03-05,14,1009.4,1013.0,15.8,13.1,84,3.5,110,9.3,80,T,0.9,0.56,2
2024-03-05,15,1009.8,1013.4,15.4,12.7,84,3.5,90,9.3,90,T,0.9,0.3,1
2024-03-05,16,1011.0,1014.6,15.1,13.1,88,2.2,100,8.5,90,T,0.8,0.09,0
2024-03-05,17,1011.9,1015.6,14.9,12.6,86,2.2,90,7.5,90,0.5,0.6,0.03,0
2024-03-05,18,1012.0,1015.7,14.7,12.9,89,2.1,90,6.9,90,T,1.0,0.01,0
2024-03-05,19,1012.8,1016.5,14.4,12.8,90,3.6,100,9.3,80,T,0.5,0.0,0
2024-03-05,20,1013.9,1017.6,14.3,13.4,94,2.4,90,8.2,110,1.0,0.9,0.0,0
2024-03-05,21,1014.5,1018.2,14.3,13.2,93,2.5,100,7.1,90,T,0.6,0.0,0
2024-03-05,22,1015.0,1018.7,14.4,13.1,92,2.6,90,8.3,80,0.5,0.5,0.0,0
2024-03-05,23,1014.8,1018.5,13.9,12.8,93,3.1,90,8.1,80,T,0.7,0.0,0
2024-03-05,24,1014.9,1018.6,13.8,12.9,94,2.8,100,6.2,70,0.5,0.6,0.0,0
2024-03-06,1,1015.2,1018.9,13.6,12.8,95,2.0,80,6.1,70,0.5,0.7,0.0,0
2024-03-06,2,1014.9,1018.6,13.7,12.9,95,1.5,100,6.2,80,T,0.4,0.0,0
2024-03-06,3,1014.2,1017.9,13.6,12.8,95,1.8,110,5.8,90,T,0.5,0.0,0
2024-03-06,4,1013.9,1017.6,13.6,12.2,91,2.7,100,6.9,80,T,0.4,0.0,0
2024-03-06,5,1014.6,1018.3,13.4,12.5,94,2.6,90,6.3,60,1.0,0.6,0.0,0
2024-03-06,6,1015.3,1019.0,13.1,12.6,97,2.4,110,5.6,90,6.5,1.0,0.0,0
2024-03-06,7,1015.7,1019.4,13.3,12.8,97,1.7,90,4.8,80,3.5,0.9,0.01,0
2024-03-06,8,1016.2,1019.9,13.8,13.2,96,2.4,90,5.1,110,T,0.5,0.06,0
2024-03-06,9,1016.5,1020.2,14.3,13.4,94,1.9,90,5.5,90,T,1.0,0.11,0
2024-03-06,10,1016.4,1020.1,14.4,13.0,91,2.4,80,6.0,80,T,0.8,0.15,0
2024-03-06,11,1016.2,1019.9,14.6,13.2,91,2.2,90,6.4,80,0.0,0.0,0.21,1
2024-03-06,12,1015.5,1019.2,14.4,13.0,91,2.8,90,7.7,70,T,0.7,0.29,1
2024-03-06,13,1014.9,1018.6,14.5,12.9,90,2.6,90,7.1,80,0.0,0.0,0.39,1
2024-03-06,14,1014.3,1018.0,14.7,12.7,88,2.4,100,8.4,70,0.0,0.0,0.3,1
2024-03-06,15,1013.8,1017.5,14.5,12.5,88,2.7,90,8.3,60,0.0,0.0,0.34,1
2024-03-06,16,1013.7,1017.4,14.4,12.6,89,3.3,90,7.7,90,0.0,0.0,0.26,1
2024-03-06,17,1014.0,1017.7,14.4,12.6,89,2.9,90,8.4,80,0.0,0.0,0.12,0
2024-03-06,18,1014.8,1018.5,14.3,12.3,88,2.7,90,8.7,90,0.0,0.0,0.03,0
2024-03-06,19,1015.2,1018.9,14.2,12.4,89,3.5,90,8.7,110,0.0,0.0,0.0,0
2024-03-06,20,1015.9,1019.6,14.0,12.0,88,3.1,90,8.3,80,0.0,0.0,0.0,0
2024-03-06,21,1016.3,1020.0,14.2,11.9,86,2.4,90,7.7,90,0.0,0.0,0.0,0
2024-03-06,22,1016.3,1020.0,14.2,11.9,86,2.3,100,7.5,110,T,0.2,0.0,0
2024-03-06,23,1016.7,1020.4,14.3,11.3,82,2.2,100,7.3,100,T,0.1,0.0,0
2024-03-06,24,1017.0,1020.7,14.2,11.2,82,1.6,80,5.6,100,T,0.3,0.0,0
2024-03-07,1,1016.8,1020.5,14.4,10.6,78,2.0,110,5.1,70,0.0,0.0,0.0,0
2024-03-07,2,1017.1,1020.8,14.4,9.2,71,2.0,90,5.8,90,0.0,0.0,0.0,0
2024-03-07,3,1017.1,1020.8,14.3,8.9,70,2.6,90,5.8,90,0.0,0.0,0.0,0
2024-03-07,4,1016.7,1020.4,14.2,8.8,70,2.3,90,6.6,90,0.0,0.0,0.0,0
2024-03-07,5,1017.3,1021.0,14.1,8.9,71,2.3,90,6.4,90,0.0,0.0,0.0,0
2024-03-07,6,1018.0,1021.7,14.1,8.9,71,2.3,100,6.9,90,0.0,0.0,0.0,0
2024-03-07,7,1018.8,1022.5,14.2,8.6,69,2.1,90,6.4,70,0.0,0.0,0.05,0
2024-03-07,8,1019.3,1023.0,14.9,9.5,70,1.5,110,5.1,90,0.0,0.0,0.44,1
2024-03-07,9,1019.6,1023.3,16.1,8.4,60,2.7,70,9.2,70,0.0,0.0,1.29,2
2024-03-07,10,1020.2,1023.9,16.4,6.3,51,3.6,100,9.7,90,0.0,0.0,1.51,3
2024-03-07,11,1020.0,1023.7,15.7,5.3,50,2.9,40,9.5,110,0.0,0.0,1.54,4
2024-03-07,12,1019.2,1022.9,16.1,3.5,43,2.2,70,8.6,50,0.0,0.0,1.37,4
2024-03-07,13,1018.7,1022.4,15.9,2.7,41,4.3,80,10.6,120,0.0,0.0,1.85,5
2024-03-07,14,1018.3,1021.9,16.5,1.0,35,3.2,80,10.2,80,0.0,0.0,2.35,6
2024-03-07,15,1018.1,1021.7,16.3,1.2,36,4.4,40,11.8,70,0.0,0.0,2.37,5
2024-03-07,16,1018.2,1021.9,15.3,-0.4,34,3.6,80,12.3,110,0.0,0.0,1.68,2
2024-03-07,17,1018.6,1022.3,14.7,-0.2,36,2.3,80,10.2,80,0.0,0.0,0.88,1
2024-03-07,18,1019.2,1022.9,13.9,1.2,42,3.1,80,9.6,80,0.0,0.0,0.19,0
2024-03-07,19,1019.5,1023.2,13.5,0.9,42,2.0,90,8.4,90,0.0,0.0,0.0,0
2024-03-07,20,1020.2,1023.9,13.1,1.5,45,2.0,140,6.0,120,0.0,0.0,0.0,0
2024-03-07,21,1020.7,1024.4,12.9,1.9,47,3.0,130,5.9,140,0.0,0.0,0.0,0
2024-03-07,22,1020.6,1024.3,12.8,2.4,49,3.7,130,7.6,140,0.0,0.0,0.0,0
2024-03-07,23,1020.3,1024.0,12.7,2.0,48,3.6,130,6.5,130,0.0,0.0,0.0,0
2024-03-07,24,1020.0,1023.7,12.5,1.8,48,3.8,130,7.2,120,0.0,0.0,0.0,0
2024-03-08,1,1020.1,1023.8,12.6,2.2,49,2.7,130,6.5,150,0.0,0.0,0.0,0
2024-03-08,2,1020.3,1024.0,12.6,2.8,51,2.1,120,5.6,130,0.0,0.0,0.0,0
2024-03-08,3,1019.7,1023.4,12.7,3.9,55,3.0,130,5.7,110,0.0,0.0,0.0,0
2024-03-08,4,1017.4,1021.1,12.7,4.7,58,4.7,130,8.3,120,0.0,0.0,0.0,0
2024-03-08,5,1018.5,1022.2,13.0,4.9,58,2.8,100,10.1,120,0.0,0.0,0.0,0
2024-03-08,6,1019.4,1023.1,13.2,5.4,59,1.9,120,6.6,90,0.0,0.0,0.0,0
2024-03-08,7,1020.8,1024.5,13.5,5.7,59,1.2,110,5.3,90,0.0,0.0,0.08,0
2024-03-08,8,1021.4,1025.1,14.1,5.7,57,2.2,90,6.7,80,0.0,0.0,0.2,0
2024-03-08,9,1021.1,1024.8,14.6,5.9,56,2.6,100,9.9,40,T,0.3,0.41,1
2024-03-08,10,1021.1,1024.8,14.9,6.2,56,3.3,90,11.4,90,0.0,0.0,0.56,1
2024-03-08,11,1020.5,1024.2,14.8,6.4,57,3.2,100,10.3,60,T,0.9,0.31,1
2024-03-08,12,1020.4,1024.1,14.9,7.0,59,2.9,100,9.0,100,T,0.9,0.34,1
2024-03-08,13,1019.6,1023.3,15.6,6.9,56,3.6,90,9.3,100,T,0.3,0.8,3
2024-03-08,14,1019.5,1023.2,15.4,7.2,58,2.4,90,10.2,90,0.0,0.0,0.64,2
2024-03-08,15,1019.3,1023.0,15.4,7.0,57,4.3,90,9.6,80,T,1.0,0.89,2
2024-03-08,16,1018.8,1022.5,15.3,7.1,58,3.3,90,10.2,60,T,0.2,0.62,1
2024-03-08,17,1018.8,1022.5,14.8,6.9,59,3.8,90,12.1,80,0.0,0.0,0.36,0
2024-03-08,18,1019.0,1022.7,14.5,6.8,60,3.6,90,11.2,80,0.0,0.0,0.13,0
2024-03-08,19,1019.0,1022.7,14.3,6.9,61,3.5,100,9.3,70,0.0,0.0,0.0,0
2024-03-08,20,1019.4,1023.1,14.2,6.8,61,3.4,100,9.5,60,0.0,0.0,0.0,0
2024-03-08,21,1019.8,1023.5,14.3,6.9,61,3.5,80,8.9,80,0.0,0.0,0.0,0
2024-03-08,22,1020.1,1023.8,14.4,7.0,61,2.9,90,9.2,70,0.0,0.0,0.0,0
2024-03-08,23,1020.1,1023.8,14.4,7.0,61,3.4,90,8.9,100,0.0,0.0,0.0,0
2024-03-08,24,1020.1,1023.8,14.5,7.1,61,3.6,90,8.1,80,0.0,0.0,0.0,0
2024-03-09,1,1019.8,1023.5,14.6,7.7,63,3.2,100,8.3,70,0.0,0.0,0.0,0
2024-03-09,2,1019.4,1023.1,14.9,8.2,64,3.1,90,8.3,50,0.0,0.0,0.0,0
2024-03-09,3,1019.0,1022.7,15.1,8.6,65,3.4,90,8.0,70,0.0,0.0,0.0,0
2024-03-09,4,1018.9,1022.6,15.4,9.1,66,2.5,100,8.7,90,0.0,0.0,0.0,0
2024-03-09,5,1018.5,1022.2,15.4,9.8,69,3.8,90,9.1,60,0.0,0.0,0.0,0
2024-03-09,6,1019.2,1022.9,15.6,10.2,70,3.3,90,9.0,90,T,0.2,0.0,0
2024-03-09,7,1019.6,1023.3,16.1,10.6,70,4.5,90,10.8,80,0.0,0.0,0.03,0
2024-03-09,8,1020.7,1024.4,16.3,11.0,71,2.9,90,10.0,90,0.0,0.0,0.14,0
2024-03-09,9,1021.7,1025.4,16.6,11.6,72,3.4,90,10.7,80,T,0.2,0.25,0
2024-03-09,10,1022.0,1025.7,17.3,12.4,73,3.2,90,10.9,80,T,0.1,0.67,2
2024-03-09,11,1021.5,1025.1,18.1,12.6,70,3.5,80,10.8,90,0.0,0.0,1.27,3
2024-03-09,12,1020.6,1024.2,18.7,12.9,69,4.4,90,10.8,80,0.0,0.0,1.04,3
2024-03-09,13,1020.2,1023.8,18.7,13.1,70,3.5,90,9.9,80,0.0,0.0,1.08,3
2024-03-09,14,1018.7,1022.3,18.9,13.8,72,3.6,90,10.1,80,0.0,0.0,0.96,3
2024-03-09,15,1018.4,1022.0,19.0,13.6,71,3.6,90,10.4,100,0.0,0.0,0.82,2
2024-03-09,16,1018.2,1021.8,18.8,13.4,71,4.1,90,9.4,70,0.0,0.0,0.41,1
2024-03-09,17,1018.2,1021.8,18.6,13.9,74,3.4,90,9.4,80,0.0,0.0,0.3,0
2024-03-09,18,1018.1,1021.7,18.4,14.1,76,3.7,90,10.0,70,0.0,0.0,0.09,0
2024-03-09,19,1018.6,1022.2,18.1,14.4,79,2.9,90,10.6,80,0.0,0.0,0.0,0
2024-03-09,20,1018.5,1022.1,18.1,13.8,76,3.1,90,7.8,80,0.0,0.0,0.0,0
2024-03-09,21,1018.3,1021.9,18.2,13.5,74,2.8,90,8.3,80,0.0,0.0,0.0,0
2024-03-09,22,1018.8,1022.4,18.6,13.3,71,2.3,90,8.0,100,0.0,0.0,0.0,0
2024-03-09,23,1018.9,1022.5,18.6,13.5,72,1.5,80,5.7,80,0.0,0.0,0.0,0
2024-03-09,24,1018.4,1022.0,18.0,13.9,77,1.0,80,2.9,120,0.0,0.0,0.0,0
2024-03-10,1,1017.9,1021.5,17.4,14.3,82,0.8,150,2.7,70,T,0.1,0.0,0
2024-03-10,2,1016.7,1020.3,17.3,14.4,83,0.7,200,2.1,180,0.0,0.0,0.0,0
2024-03-10,3,1015.9,1019.5,16.7,15.2,91,0.7,250,1.4,230,T,0.2,0.0,0
2024-03-10,4,1015.5,1019.1,16.6,15.0,90,0.7,220,2.9,290,T,0.3,0.0,0
2024-03-10,5,1015.3,1018.9,16.6,15.0,90,0.6,190,2.2,250,0.0,0.0,0.0,0
2024-03-10,6,1015.3,1018.9,16.7,14.9,89,0.9,220,1.7,240,0.0,0.0,0.0,0
2024-03-10,7,1015.1,1018.7,16.8,14.6,87,0.7,170,1.4,220,0.0,0.0,0.04,0
2024-03-10,8,1015.6,1019.2,17.6,14.9,84,1.4,240,2.9,270,0.0,0.0,0.3,0
2024-03-10,9,1015.6,1019.2,19.3,15.6,79,0.9,180,2.8,200,0.0,0.0,1.21,2
2024-03-10,10,1015.8,1019.4,19.6,15.7,78,0.9,250,3.0,210,0.0,0.0,0.85,2
2024-03-10,11,1015.6,1019.2,19.4,16.4,83,0.8,240,3.3,330,T,1.0,0.45,2
2024-03-10,12,1015.0,1018.6,18.9,17.1,89,1.7,320,4.1,310,T,1.0,0.21,1
2024-03-10,13,1014.8,1018.4,18.0,16.9,93,2.5,310,5.8,320,T,1.0,0.12,0
2024-03-10,14,1014.4,1018.0,17.2,16.7,97,2.5,310,5.8,340,0.5,1.0,0.31,1
2024-03-10,15,1013.5,1017.1,17.0,16.5,97,1.1,330,4.7,300,1.0,1.0,0.38,1
2024-03-10,16,1012.9,1016.5,17.4,16.8,96,0.7,340,3.1,320,T,1.0,0.36,1
2024-03-10,17,1013.2,1016.8,17.0,16.5,97,0.4,10,3.0,330,0.5,0.5,0.09,0
2024-03-10,18,1013.1,1016.7,16.7,16.4,98,1.0,210,2.0,290,3.0,1.0,0.01,0
2024-03-10,19,1013.6,1017.2,16.7,16.4,98,1.2,240,3.0,260,5.0,1.0,0.0,0
2024-03-10,20,1014.1,1017.7,16.7,16.4,98,1.1,220,2.7,250,3.5,1.0,0.0,0
2024-03-10,21,1014.6,1018.2,16.7,16.4,98,1.3,270,3.3,280,3.5,1.0,0.0,0
2024-03-10,22,1014.7,1018.3,15.9,15.6,98,2.3,320,6.7,310,2.5,1.0,0.0,0
2024-03-10,23,1015.0,1018.6,15.7,15.2,97,0.7,270,5.1,330,2.0,0.8,0.0,0
2024-03-10,24,1014.9,1018.5,15.6,15.3,98,0.7,300,3.2,320,1.5,1.0,0.0,0
2024-03-11,1,1015.0,1018.6,15.5,15.2,98,1.9,300,4.9,320,1.5,0.8,0.0,0
2024-03-11,2,1014.6,1018.3,15.1,14.8,98,1.1,330,4.6,300,0.5,0.6,0.0,0
2024-03-11,3,1014.9,1018.5,15.6,14.8,95,1.5,300,3.3,310,0.0,0.0,0.0,0
2024-03-11,4,1015.2,1018.9,15.1,14.6,97,1.4,250,3.8,300,0.0,0.0,0.0,0
2024-03-11,5,1015.9,1019.5,15.7,13.9,89,1.4,280,3.5,260,0.0,0.0,0.0,0
2024-03-11,6,1016.4,1020.1,14.9,14.4,97,1.4,220,4.2,280,0.0,0.0,0.0,0
2024-03-11,7,1017.2,1020.9,14.9,14.3,96,1.1,260,3.2,270,0.0,0.0,0.15,0
2024-03-11,8,1017.9,1021.5,16.5,13.4,82,1.2,270,3.1,300,0.0,0.0,0.85,1
2024-03-11,9,1018.0,1021.6,17.9,12.8,72,0.8,330,3.4,280,0.0,0.0,1.71,2
2024-03-11,10,1018.1,1021.7,19.6,11.4,59,0.8,50,2.6,160,0.0,0.0,2.48,5
2024-03-11,11,1017.2,1020.8,20.6,10.7,53,0.6,100,3.5,120,0.0,0.0,3.0,7
2024-03-11,12,1016.3,1019.9,22.2,3.4,29,2.7,120,7.0,60,0.0,0.0,3.39,9
2024-03-11,13,1015.8,1019.4,22.3,1.9,26,3.4,110,6.9,150,0.0,0.0,3.45,9
2024-03-11,14,1015.4,1019.0,23.1,0.3,22,3.0,130,6.9,70,0.0,0.0,3.17,8
2024-03-11,15,1015.1,1018.7,22.9,0.1,22,2.7,110,7.2,80,0.0,0.0,2.65,5
2024-03-11,16,1015.2,1018.8,22.9,-3.4,17,2.7,140,6.4,110,0.0,0.0,1.91,3
2024-03-11,17,1015.7,1019.3,21.8,-2.8,19,2.5,100,7.0,80,0.0,0.0,1.03,1
2024-03-11,18,1016.0,1019.6,20.2,3.5,33,2.2,100,6.6,100,0.0,0.0,0.24,0
2024-03-11,19,1016.7,1020.3,18.9,7.4,47,1.9,90,4.6,70,0.0,0.0,0.0,0
2024-03-11,20,1017.1,1020.7,17.5,8.9,57,3.4,100,5.6,110,0.0,0.0,0.0,0
2024-03-11,21,1018.0,1021.6,16.5,9.9,65,1.6,120,5.1,70,0.0,0.0,0.0,0
2024-03-11,22,1018.5,1022.2,16.3,9.0,62,1.7,100,4.7,110,0.0,0.0,0.0,0
2024-03-11,23,1018.6,1022.2,16.5,8.7,60,2.2,90,5.5,100,0.0,0.0,0.0,0
2024-03-11,24,1018.7,1022.3,16.5,9.5,63,3.0,100,7.6,100,0.0,0.0,0.0,0
2024-03-12,1,1018.8,1022.5,16.4,9.8,65,2.9,90,6.9,90,0.0,0.0,0.0,0
2024-03-12,2,1018.7,1022.4,16.3,10.4,68,3.2,90,7.8,80,0.0,0.0,0.0,0
2024-03-12,3,1018.4,1022.0,16.4,11.1,71,2.8,90,8.4,70,0.0,0.0,0.0,0
2024-03-12,4,1018.2,1021.9,16.3,10.4,68,2.6,100,9.0,70,0.0,0.0,0.0,0
2024-03-12,5,1018.2,1021.9,16.1,9.5,65,3.3,90,9.9,90,0.0,0.0,0.0,0
2024-03-12,6,1019.0,1022.7,16.0,9.0,63,2.7,100,9.1,110,0.0,0.0,0.0,0
2024-03-12,7,1019.2,1022.9,16.2,8.4,60,3.1,90,9.1,70,0.0,0.0,0.15,0
2024-03-12,8,1019.2,1022.8,17.6,8.5,55,4.3,90,10.3,90,0.0,0.0,0.8,1
2024-03-12,9,1019.6,1023.2,19.2,8.6,50,5.2,100,12.0,80,0.0,0.0,1.6,2
2024-03-12,10,1019.7,1023.3,20.4,9.1,48,4.4,100,12.0,110,0.0,0.0,2.25,4
2024-03-12,11,1019.8,1023.4,21.1,9.7,48,4.2,110,12.0,70,0.0,0.0,2.49,6
2024-03-12,12,1019.0,1022.6,21.6,10.5,49,4.0,100,12.3,110,0.0,0.0,2.92,7
2024-03-12,13,1018.3,1021.9,21.2,10.1,49,3.3,100,10.2,100,0.0,0.0,2.86,7
2024-03-12,14,1016.7,1020.3,21.6,10.5,49,3.5,100,11.0,80,0.0,0.0,2.17,5
2024-03-12,15,1016.1,1019.7,21.2,10.4,50,4.1,110,10.8,130,0.0,0.0,2.1,4
2024-03-12,16,1016.1,1019.7,20.4,10.8,54,3.9,130,10.4,120,0.0,0.0,1.12,2
2024-03-12,17,1016.0,1019.6,19.6,10.9,57,4.0,100,10.9,140,0.0,0.0,0.37,0
2024-03-12,18,1016.1,1019.7,19.2,11.0,59,3.4,100,9.0,110,0.0,0.0,0.05,0
2024-03-12,19,1016.3,1019.9,19.0,11.3,61,2.7,80,7.8,80,0.0,0.0,0.0,0
2024-03-12,20,1016.7,1020.3,18.9,11.5,62,2.6,90,8.3,90,0.0,0.0,0.0,0
2024-03-12,21,1016.8,1020.4,18.9,11.7,63,2.4,90,6.8,90,0.0,0.0,0.0,0
2024-03-12,22,1016.4,1020.0,18.9,12.0,64,2.4,90,7.8,90,0.0,0.0,0.0,0
2024-03-12,23,1016.0,1019.6,18.9,12.4,66,2.1,100,6.1,100,0.0,0.0,0.0,0
2024-03-12,24,1016.1,1019.7,18.5,12.5,68,1.8,90,4.9,90,0.0,0.0,0.0,0
2024-03-13,1,1016.0,1019.6,18.3,12.5,69,1.5,90,4.1,80,0.0,0.0,0.0,0
2024-03-13,2,1015.8,1019.4,17.8,12.9,73,0.6,80,3.7,80,0.0,0.0,0.0,0
2024-03-13,3,1015.5,1019.1,17.6,13.1,75,0.9,130,2.2,90,0.0,0.0,0.0,0
2024-03-13,4,1015.1,1018.7,17.4,13.3,77,0.8,150,1.9,120,0.0,0.0,0.0,0
2024-03-13,5,1015.2,1018.8,17.5,13.2,76,1.3,150,2.4,140,0.0,0.0,0.0,0
2024-03-13,6,1015.6,1019.2,17.5,13.6,78,1.1,160,2.3,170,0.0,0.0,0.0,0
2024-03-13,7,1015.9,1019.5,17.7,13.6,77,0.5,130,2.0,120,0.0,0.0,0.04,0
2024-03-13,8,1016.4,1020.0,18.5,13.8,74,1.1,110,2.5,90,0.0,0.0,0.13,0
2024-03-13,9,1016.9,1020.5,18.9,14.4,75,0.5,160,3.0,120,T,1.0,0.31,1
2024-03-13,10,1016.8,1020.4,19.7,14.3,71,1.5,160,2.1,170,T,0.5,0.7,2
2024-03-13,11,1016.4,1020.0,20.1,14.0,68,0.8,200,2.3,150,0.0,0.0,0.84,3
2024-03-13,12,1015.8,1019.4,21.2,13.4,61,1.5,140,3.1,160,0.0,0.0,1.56,5
2024-03-13,13,1014.6,1018.2,22.7,12.4,52,1.7,220,3.3,220,0.0,0.0,2.23,7
2024-03-13,14,1013.5,1017.0,23.7,10.1,42,2.1,220,3.9,150,0.0,0.0,2.71,7
2024-03-13,15,1013.1,1016.6,23.9,9.1,39,0.6,180,3.5,180,0.0,0.0,1.53,4
2024-03-13,16,1013.2,1016.8,22.5,14.6,61,3.5,320,5.2,330,0.0,0.0,0.73,2
2024-03-13,17,1013.8,1017.4,21.2,15.7,71,3.1,320,5.9,340,0.0,0.0,0.22,0
2024-03-13,18,1014.1,1017.7,21.0,15.3,70,1.3,330,5.3,340,0.0,0.0,0.05,0
2024-03-13,19,1014.7,1018.3,20.8,15.4,71,0.7,210,1.9,230,0.0,0.0,0.0,0
2024-03-13,20,1015.1,1018.7,20.6,15.4,72,1.2,180,2.9,170,0.0,0.0,0.0,0
2024-03-13,21,1015.2,1018.8,20.3,15.1,72,0.8,200,2.6,150,0.0,0.0,0.0,0
2024-03-13,22,1014.8,1018.4,20.4,14.8,70,1.9,100,4.1,90,0.0,0.0,0.0,0
2024-03-13,23,1014.9,1018.5,20.1,14.9,72,1.9,70,4.3,90,0.0,0.0,0.0,0
2024-03-13,24,1014.5,1018.1,20.2,14.6,70,2.1,90,4.7,70,0.0,0.0,0.0,0
2024-03-14,1,1014.3,1017.9,19.9,14.3,70,1.1,90,3.9,90,0.0,0.0,0.0,0
2024-03-14,2,1014.3,1017.9,18.7,14.8,78,0.4,190,3.0,60,0.0,0.0,0.0,0
2024-03-14,3,1013.8,1017.4,18.6,13.9,74,1.6,160,3.4,160,0.0,0.0,0.0,0
2024-03-14,4,1014.0,1017.6,18.2,13.5,74,1.2,160,3.4,170,0.0,0.0,0.0,0
2024-03-14,5,1014.4,1018.0,18.0,13.7,76,1.4,170,2.5,170,0.0,0.0,0.0,0
2024-03-14,6,1015.0,1018.6,18.3,13.8,75,1.4,170,3.0,160,0.0,0.0,0.0,0
2024-03-14,7,1015.8,1019.4,18.6,14.1,75,0.5,230,2.0,340,0.0,0.0,0.06,0
2024-03-14,8,1016.5,1020.1,18.5,14.2,76,1.2,210,2.0,240,0.0,0.0,0.17,0
2024-03-14,9,1016.8,1020.4,18.9,14.2,74,0.8,210,2.4,230,0.0,0.0,0.2,0
2024-03-14,10,1017.0,1020.6,19.2,14.0,72,0.7,190,1.8,210,0.0,0.0,0.2,1
2024-03-14,11,1016.5,1020.1,18.9,15.4,80,0.7,140,1.7,220,T,0.9,0.29,1
2024-03-14,12,1015.6,1019.2,19.7,15.2,75,0.5,130,2.0,10,T,1.0,0.71,3
2024-03-14,13,1015.2,1018.8,20.1,16.9,82,0.6,20,2.2,340,T,1.0,0.47,2
2024-03-14,14,1015.0,1018.6,20.0,16.5,80,0.9,280,3.2,290,T,0.6,0.35,1
2024-03-14,15,1014.9,1018.5,20.0,17.6,86,0.8,200,2.4,240,T,0.6,0.37,1
2024-03-14,16,1014.8,1018.4,19.8,17.0,84,0.9,200,1.9,230,T,1.0,0.32,1
2024-03-14,17,1014.9,1018.5,20.0,17.6,86,0.7,140,1.1,210,0.5,1.0,0.15,0
2024-03-14,18,1015.5,1019.1,19.7,18.7,94,1.2,220,2.4,20,T,1.0,0.06,0
2024-03-14,19,1015.8,1019.4,19.3,18.5,95,1.1,210,2.6,240,T,0.4,0.0,0
2024-03-14,20,1016.1,1019.7,18.9,18.1,95,0.9,200,1.7,230,T,0.1,0.0,0
2024-03-14,21,1016.2,1019.8,18.7,18.1,96,0.6,130,2.4,10,0.0,0.0,0.0,0
2024-03-14,22,1016.4,1020.0,18.8,18.2,96,0.6,270,1.7,210,0.0,0.0,0.0,0
2024-03-14,23,1016.2,1019.8,18.4,18.1,98,1.0,220,2.7,320,0.0,0.0,0.0,0
2024-03-14,24,1016.1,1019.7,18.0,17.8,99,1.5,330,3.3,340,0.0,0.0,0.0,0
2024-03-15,1,1016.1,1019.7,17.8,17.5,98,1.1,210,4.0,340,0.0,0.0,0.0,0
2024-03-15,2,1015.3,1018.9,18.1,17.3,95,0.6,120,2.1,180,0.0,0.0,0.0,0
2024-03-15,3,1015.6,1019.2,18.1,17.6,97,1.4,340,3.0,330,0.0,0.0,0.0,0
2024-03-15,4,1015.2,1018.8,17.6,16.8,95,1.2,160,2.7,170,0.0,0.0,0.0,0
2024-03-15,5,1015.5,1019.1,17.6,17.0,96,0.9,200,2.1,340,0.0,0.0,0.0,0
2024-03-15,6,1015.8,1019.4,17.4,16.4,94,1.2,150,2.8,180,0.0,0.0,0.0,0
2024-03-15,7,1016.4,1020.0,17.8,16.8,94,0.5,190,1.7,150,0.0,0.0,0.08,0
2024-03-15,8,1016.9,1020.5,18.8,17.1,90,0.6,190,1.6,150,0.0,0.0,0.45,1
2024-03-15,9,1017.2,1020.8,19.6,17.6,88,0.5,320,2.4,360,0.0,0.0,0.55,1
2024-03-15,10,1017.0,1020.6,20.8,18.0,84,0.8,20,2.3,330,0.0,0.0,1.08,3
2024-03-15,11,1016.2,1019.8,21.3,17.3,78,0.4,200,1.5,130,0.0,0.0,0.87,3
2024-03-15,12,1015.7,1019.3,21.8,17.8,78,1.1,250,2.6,310,0.0,0.0,0.93,3
2024-03-15,13,1014.7,1018.3,22.8,18.8,78,1.6,330,4.2,340,0.0,0.0,1.14,4
2024-03-15,14,1013.8,1017.3,24.0,18.4,71,0.8,350,2.7,330,0.0,0.0,1.91,5
2024-03-15,15,1013.2,1016.7,24.1,18.5,71,1.2,340,2.4,360,0.0,0.0,0.98,3
2024-03-15,16,1013.1,1016.6,23.6,18.7,74,1.7,320,3.8,330,0.0,0.0,0.42,1
2024-03-15,17,1013.3,1016.9,22.4,18.2,77,2.4,330,4.0,330,0.0,0.0,0.3,0
2024-03-15,18,1013.6,1017.2,21.5,18.1,81,0.9,10,3.9,350,0.0,0.0,0.14,0
2024-03-15,19,1014.0,1017.6,21.2,18.4,84,0.3,190,2.6,330,0.0,0.0,0.0,0
2024-03-15,20,1014.2,1017.8,21.4,18.8,85,1.3,60,3.4,100,0.0,0.0,0.0,0
2024-03-15,21,1014.9,1018.5,20.7,18.8,89,1.1,130,3.1,300,0.0,0.0,0.0,0
2024-03-15,22,1014.8,1018.4,20.8,19.1,90,0.8,180,2.0,10,0.0,0.0,0.0,0
2024-03-15,23,1014.4,1018.0,20.4,18.9,91,0.6,150,1.6,160,0.0,0.0,0.0,0
2024-03-15,24,1014.2,1017.8,20.0,19.0,94,1.1,210,2.2,250,0.0,0.0,0.0,0
2024-03-16,1,1014.1,1017.7,19.4,18.7,96,0.8,200,2.0,250,0.0,0.0,0.0,0
2024-03-16,2,1013.9,1017.5,19.0,18.5,97,0.8,190,1.7,160,0.0,0.0,0.0,0
2024-03-16,3,1013.4,1017.0,19.1,18.1,94,0.7,190,2.4,170,0.0,0.0,0.0,0
2024-03-16,4,1013.4,1017.0,18.9,17.7,93,1.1,190,2.6,180,0.0,0.0,0.0,0
2024-03-16,5,1014.0,1017.6,19.1,17.8,92,1.1,170,2.4,150,0.0,0.0,0.0,0
2024-03-16,6,1014.3,1017.9,18.6,17.6,94,1.6,160,3.1,180,0.0,0.0,0.0,0
2024-03-16,7,1014.7,1018.3,19.4,17.5,89,0.9,190,2.7,170,0.0,0.0,0.11,0
2024-03-16,8,1015.2,1018.8,20.3,17.5,84,0.6,200,2.0,220,0.0,0.0,0.52,1
2024-03-16,9,1015.0,1018.6,22.6,18.2,76,0.6,180,2.5,160,0.0,0.0,1.34,2
2024-03-16,10,1014.8,1018.3,24.1,18.1,69,0.6,160,2.0,30,0.0,0.0,1.52,4
2024-03-16,11,1014.1,1017.6,25.1,19.0,69,0.5,80,2.4,350,0.0,0.0,1.37,4
2024-03-16,12,1012.8,1016.3,27.0,19.6,64,2.1,350,4.7,340,0.0,0.0,3.13,8
2024-03-16,13,1011.9,1015.4,27.9,19.7,61,2.6,340,5.5,360,0.0,0.0,3.07,8
2024-03-16,14,1011.1,1014.6,27.5,20.1,64,3.3,330,6.6,360,0.0,0.0,2.81,7
2024-03-16,15,1010.9,1014.4,26.7,20.1,67,3.3,340,7.4,350,0.0,0.0,2.2,5
2024-03-16,16,1011.4,1014.9,25.6,19.7,70,3.2,330,7.0,350,0.0,0.0,1.77,2
2024-03-16,17,1012.1,1015.7,22.0,18.8,82,3.8,90,7.5,100,0.0,0.0,0.49,1
2024-03-16,18,1012.1,1015.7,21.3,18.7,85,2.0,80,6.9,90,0.0,0.0,0.17,0
2024-03-16,19,1013.0,1016.6,20.6,18.5,88,3.6,90,7.7,60,0.0,0.0,0.0,0
2024-03-16,20,1013.8,1017.4,20.2,18.3,89,2.7,80,8.9,80,0.0,0.0,0.0,0
2024-03-16,21,1014.3,1017.9,20.0,18.3,90,3.2,100,8.1,80,0.0,0.0,0.0,0
2024-03-16,22,1014.8,1018.4,20.2,17.4,84,3.4,80,9.5,80,0.0,0.0,0.0,0
2024-03-16,23,1015.1,1018.7,19.1,16.2,83,3.6,90,10.5,60,0.0,0.0,0.0,0
2024-03-16,24,1015.0,1018.6,18.5,15.8,84,3.4,90,11.2,90,0.0,0.0,0.0,0
2024-03-17,1,1014.8,1018.4,18.2,15.5,84,4.0,90,12.2,90,0.0,0.0,0.0,0
2024-03-17,2,1014.8,1018.4,18.0,15.4,85,3.4,90,10.2,80,0.0,0.0,0.0,0
2024-03-17,3,1014.4,1018.0,17.8,15.4,86,3.5,90,8.3,90,0.0,0.0,0.0,0
2024-03-17,4,1014.2,1017.8,17.8,15.3,85,3.1,100,9.0,80,0.0,0.0,0.0,0
2024-03-17,5,1014.9,1018.5,17.8,15.4,86,2.8,90,10.0,90,0.0,0.0,0.0,0
2024-03-17,6,1015.4,1019.0,17.7,15.2,85,2.7,90,8.3,90,0.0,0.0,0.0,0
2024-03-17,7,1016.1,1019.7,17.1,14.9,87,3.9,100,9.7,80,0.0,0.0,0.05,0
2024-03-17,8,1016.6,1020.2,17.0,15.0,88,3.6,100,11.3,90,0.0,0.0,0.25,0
2024-03-17,9,1016.7,1020.3,17.7,15.0,84,3.6,90,11.7,80,0.0,0.0,0.7,1
2024-03-17,10,1016.2,1019.8,17.6,14.9,84,5.2,90,12.6,110,0.0,0.0,1.24,3
2024-03-17,11,1016.1,1019.7,18.2,14.7,80,5.2,90,12.5,90,0.0,0.0,1.81,6
2024-03-17,12,1015.0,1018.6,18.6,14.7,78,5.6,100,14.9,90,0.0,0.0,2.93,9
2024-03-17,13,1013.9,1017.5,18.6,14.3,76,5.3,90,13.4,70,0.0,0.0,2.67,8
2024-03-17,14,1013.0,1016.6,19.0,14.5,75,5.3,90,14.9,100,0.0,0.0,2.84,8
2024-03-17,15,1012.3,1015.9,18.8,14.7,77,5.4,90,13.3,80,0.0,0.0,2.38,5
2024-03-17,16,1012.0,1015.6,18.3,14.8,80,5.4,100,13.3,80,0.0,0.0,1.65,3
2024-03-17,17,1011.9,1015.5,17.7,14.8,83,5.0,90,14.6,60,0.0,0.0,0.87,1
2024-03-17,18,1012.3,1015.9,17.4,15.2,87,3.8,90,11.9,80,0.0,0.0,0.21,0
2024-03-17,19,1013.1,1016.7,17.3,15.5,89,4.3,90,13.1,110,0.0,0.0,0.0,0
2024-03-17,20,1014.1,1017.7,17.9,15.7,87,2.9,90,8.3,100,0.0,0.0,0.0,0
2024-03-17,21,1014.6,1018.2,17.8,16.0,89,2.5,100,8.1,80,0.0,0.0,0.0,0
2024-03-17,22,1014.5,1018.1,17.7,16.0,90,2.4,100,7.7,80,0.0,0.0,0.0,0
2024-03-17,23,1014.9,1018.5,17.9,16.2,90,2.1,80,7.9,70,0.0,0.0,0.0,0
2024-03-17,24,1014.8,1018.4,18.3,16.1,87,1.1,130,4.1,100,0.0,0.0,0.0,0
2024-03-18,1,1014.9,1018.5,18.2,16.2,88,2.1,310,5.4,330,0.0,0.0,0.0,0
2024-03-18,2,1015.1,1018.7,17.0,15.4,90,2.4,310,5.3,300,T,0.1,0.0,0
2024-03-18,3,1015.0,1018.6,15.7,14.7,94,1.2,310,5.2,320,T,0.4,0.0,0
2024-03-18,4,1015.5,1019.2,15.0,14.2,95,1.5,310,6.4,310,T,0.9,0.0,0
2024-03-18,5,1016.4,1020.1,14.4,13.9,97,1.2,210,2.9,290,0.5,0.6,0.0,0
2024-03-18,6,1017.3,1021.0,14.4,14.1,98,1.0,210,3.3,160,1.5,1.0,0.0,0
2024-03-18,7,1018.0,1021.7,14.4,14.1,98,0.9,310,3.6,170,1.5,1.0,0.01,0
2024-03-18,8,1019.1,1022.8,14.9,13.8,93,1.3,300,3.1,300,0.0,0.0,0.05,0
2024-03-18,9,1019.7,1023.4,14.5,14.2,98,1.3,310,4.0,320,0.5,1.0,0.15,0
2024-03-18,10,1020.1,1023.8,14.7,14.1,96,2.5,320,5.1,330,0.5,1.0,0.18,1
2024-03-18,11,1019.8,1023.5,15.7,13.0,84,1.6,320,4.7,330,T,0.3,0.57,2
2024-03-18,12,1019.4,1023.1,15.0,13.5,91,1.2,150,3.9,340,0.0,0.0,0.34,1
2024-03-18,13,1018.9,1022.6,15.6,12.4,81,2.1,130,5.0,150,0.0,0.0,0.83,3
2024-03-18,14,1018.0,1021.7,15.8,11.4,75,1.4,150,3.8,160,0.0,0.0,0.54,2
2024-03-18,15,1017.6,1021.3,15.9,11.1,73,1.8,170,3.2,160,0.0,0.0,0.41,1
2024-03-18,16,1018.2,1021.9,16.0,9.9,67,2.0,320,4.7,320,0.0,0.0,0.37,1
2024-03-18,17,1018.7,1022.4,15.9,10.2,69,1.1,120,3.0,330,0.0,0.0,0.33,0
2024-03-18,18,1019.3,1023.0,15.5,10.1,70,2.0,20,6.1,40,0.0,0.0,0.22,0
2024-03-18,19,1019.7,1023.4,15.2,10.0,71,1.1,20,6.0,80,0.0,0.0,0.0,0
2024-03-18,20,1020.4,1024.1,15.2,10.2,72,1.9,90,4.6,10,0.0,0.0,0.0,0
2024-03-18,21,1021.1,1024.8,15.4,10.2,71,2.2,90,6.0,110,0.0,0.0,0.0,0
2024-03-18,22,1021.1,1024.8,15.3,10.1,71,1.9,100,5.7,100,0.0,0.0,0.0,0
2024-03-18,23,1021.3,1025.0,14.7,10.3,75,2.1,140,4.2,120,0.0,0.0,0.0,0
2024-03-18,24,1021.2,1024.9,14.3,10.5,78,1.7,130,4.4,110,0.0,0.0,0.0,0
2024-03-19,1,1021.0,1024.7,14.1,9.9,76,2.0,130,4.3,120,0.0,0.0,0.0,0
2024-03-19,2,1021.0,1024.7,14.1,9.7,75,1.7,120,3.8,100,0.0,0.0,0.0,0
2024-03-19,3,1020.9,1024.6,14.0,9.3,73,1.7,130,3.7,120,0.0,0.0,0.0,0
2024-03-19,4,1021.4,1025.1,13.8,8.9,72,1.9,130,4.1,130,0.0,0.0,0.0,0
2024-03-19,5,1022.0,1025.7,14.2,8.2,67,1.9,140,3.9,120,0.0,0.0,0.0,0
2024-03-19,6,1022.7,1026.4,14.3,7.1,62,2.1,140,4.4,140,0.0,0.0,0.0,0
2024-03-19,7,1023.4,1027.1,15.0,6.8,58,2.2,130,4.3,130,0.0,0.0,0.2,0
2024-03-19,8,1023.9,1027.6,16.9,7.0,52,2.6,120,8.4,70,0.0,0.0,0.83,1
2024-03-19,9,1023.8,1027.4,17.9,7.1,49,4.1,100,12.0,70,0.0,0.0,1.59,2
2024-03-19,10,1023.5,1027.1,18.6,6.5,45,4.4,100,11.9,110,0.0,0.0,2.19,5
2024-03-19,11,1023.0,1026.6,19.1,7.6,47,4.0,60,10.5,70,0.0,0.0,2.91,7
2024-03-19,12,1021.9,1025.5,19.4,7.5,46,3.8,90,11.3,120,0.0,0.0,3.25,9
2024-03-19,13,1021.3,1024.9,19.5,7.9,47,2.9,70,10.3,90,0.0,0.0,3.09,8
2024-03-19,14,1020.4,1024.0,19.4,6.9,44,2.9,70,12.6,50,0.0,0.0,2.25,6
2024-03-19,15,1020.7,1024.3,18.8,5.7,42,3.3,50,12.5,90,0.0,0.0,2.22,5
2024-03-19,16,1020.4,1024.0,18.1,4.7,41,4.9,100,11.2,90,0.0,0.0,1.69,3
2024-03-19,17,1020.7,1024.3,17.5,5.8,46,4.2,80,11.1,90,0.0,0.0,0.91,1
2024-03-19,18,1020.8,1024.4,17.1,5.7,47,3.1,100,11.0,80,0.0,0.0,0.22,0
2024-03-19,19,1021.0,1024.7,16.7,5.7,48,3.1,110,9.7,100,0.0,0.0,0.0,0
2024-03-19,20,1021.0,1024.7,16.3,5.3,48,4.6,100,9.0,90,0.0,0.0,0.0,0
2024-03-19,21,1021.3,1025.0,16.3,5.3,48,3.3,100,9.5,90,0.0,0.0,0.0,0
2024-03-19,22,1020.7,1024.4,15.9,6.4,53,3.4,90,8.8,80,0.0,0.0,0.0,0
2024-03-19,23,1020.0,1023.7,15.5,6.8,56,3.9,100,9.7,90,0.0,0.0,0.0,0
2024-03-19,24,1019.3,1023.0,15.0,7.1,59,4.1,90,8.2,80,0.0,0.0,0.0,0
2024-03-20,1,1018.5,1022.2,15.1,7.4,60,3.0,80,8.7,70,0.0,0.0,0.0,0
2024-03-20,2,1017.6,1021.3,15.2,7.7,61,2.9,90,7.7,70,0.0,0.0,0.0,0
2024-03-20,3,1016.8,1020.5,15.1,7.9,62,3.0,90,7.8,70,0.0,0.0,0.0,0
2024-03-20,4,1016.6,1020.3,15.0,8.0,63,3.2,90,8.2,80,0.0,0.0,0.0,0
2024-03-20,5,1016.9,1020.6,15.2,8.0,62,3.0,90,7.9,60,0.0,0.0,0.0,0
2024-03-20,6,1017.1,1020.8,15.3,8.5,64,3.1,90,7.5,80,0.0,0.0,0.0,0
2024-03-20,7,1017.4,1021.1,15.8,8.8,63,2.7,90,8.1,70,0.0,0.0,0.16,0
2024-03-20,8,1017.8,1021.4,17.3,9.2,59,2.8,90,7.3,80,0.0,0.0,0.66,1
2024-03-20,9,1017.5,1021.1,19.0,8.9,52,2.5,100,9.4,80,0.0,0.0,1.19,2
2024-03-20,10,1016.6,1020.2,20.3,8.0,45,4.0,100,9.0,70,0.0,0.0,1.41,4
2024-03-20,11,1016.0,1019.6,22.1,7.5,39,3.3,110,9.0,100,0.0,0.0,3.11,8
2024-03-20,12,1014.7,1018.3,22.7,8.8,41,4.1,120,9.1,110,0.0,0.0,3.39,9
2024-03-20,13,1013.4,1016.9,23.3,10.1,43,3.1,90,7.6,110,0.0,0.0,3.35,9
2024-03-20,14,1012.2,1015.7,23.4,10.1,43,4.2,120,8.4,130,0.0,0.0,3.06,7
2024-03-20,15,1011.7,1015.2,23.2,10.6,45,3.6,130,8.1,100,0.0,0.0,2.53,5
2024-03-20,16,1011.9,1015.5,22.1,10.6,48,3.3,110,8.2,90,0.0,0.0,1.56,2
2024-03-20,17,1011.8,1015.4,21.1,10.6,51,2.5,120,7.5,120,0.0,0.0,0.64,1
2024-03-20,18,1011.9,1015.5,20.2,10.6,54,2.4,110,6.4,90,0.0,0.0,0.18,0
2024-03-20,19,1012.8,1016.4,19.9,10.9,56,1.5,110,5.4,70,0.0,0.0,0.0,0
2024-03-20,20,1013.1,1016.7,19.8,10.8,56,2.4,100,6.3,90,0.0,0.0,0.0,0
2024-03-20,21,1013.6,1017.2,19.9,10.9,56,2.5,110,5.7,120,0.0,0.0,0.0,0
2024-03-20,22,1013.6,1017.2,19.8,10.5,55,1.9,140,5.8,130,0.0,0.0,0.0,0
2024-03-20,23,1013.1,1016.7,19.8,10.3,54,2.1,110,5.3,110,0.0,0.0,0.0,0
2024-03-20,24,1012.4,1016.0,19.7,10.4,55,2.5,130,5.1,160,0.0,0.0,0.0,0
2024-03-21,1,1012.5,1016.1,18.3,10.9,62,0.4,V,4.6,140,0.0,0.0,0.0,0
2024-03-21,2,1011.9,1015.5,18.7,11.0,61,1.8,160,3.5,160,0.0,0.0,0.0,0
2024-03-21,3,1011.5,1015.1,18.4,11.0,62,1.5,170,3.1,170,0.0,0.0,0.0,0
2024-03-21,4,1011.6,1015.2,18.2,11.3,64,1.9,190,4.5,170,0.0,0.0,0.0,0
2024-03-21,5,1012.1,1015.7,17.8,11.4,66,1.7,170,3.9,160,0.0,0.0,0.0,0
2024-03-21,6,1012.4,1016.0,17.7,11.5,67,1.7,160,2.9,170,0.0,0.0,0.0,0
2024-03-21,7,1012.8,1016.4,17.8,12.1,69,0.9,120,3.6,170,0.0,0.0,0.14,0
2024-03-21,8,1013.4,1017.0,18.7,12.7,68,1.1,130,2.4,180,0.0,0.0,0.49,1
2024-03-21,9,1013.5,1017.1,20.0,12.8,63,0.9,140,2.6,100,0.0,0.0,0.96,2
2024-03-21,10,1013.0,1016.6,22.6,12.6,53,0.9,140,2.8,120,0.0,0.0,1.95,4
2024-03-21,11,1012.0,1015.5,25.0,12.9,47,1.3,90,3.5,80,0.0,0.0,2.84,7
2024-03-21,12,1011.1,1014.6,26.0,12.5,43,1.1,240,4.4,170,0.0,0.0,3.17,8
2024-03-21,13,1010.2,1013.7,26.8,12.1,40,1.3,140,4.6,340,0.0,0.0,3.0,7
2024-03-21,14,1009.2,1012.7,26.9,13.7,44,1.6,320,6.8,330,0.0,0.0,2.81,6
2024-03-21,15,1008.7,1012.2,26.6,14.7,48,2.2,330,5.6,330,0.0,0.0,2.13,4
2024-03-21,16,1009.0,1012.5,25.2,14.7,52,1.9,320,6.7,300,0.0,0.0,0.96,1
2024-03-21,17,1009.2,1012.7,24.4,15.1,56,1.3,330,5.9,330,0.0,0.0,0.41,0
2024-03-21,18,1009.7,1013.2,23.6,14.9,58,1.2,350,3.4,350,0.0,0.0,0.12,0
2024-03-21,19,1010.1,1013.6,23.4,14.7,58,1.0,350,2.5,360,0.0,0.0,0.0,0
2024-03-21,20,1010.6,1014.1,22.8,15.2,62,1.0,170,2.9,340,0.0,0.0,0.0,0
2024-03-21,21,1011.2,1014.8,22.1,16.8,72,1.9,170,3.3,160,0.0,0.0,0.0,0
2024-03-21,22,1011.3,1014.9,21.3,16.9,76,1.7,170,3.2,190,0.0,0.0,0.0,0
2024-03-21,23,1011.3,1014.9,20.9,16.7,77,1.0,170,3.8,180,0.0,0.0,0.0,0
2024-03-21,24,1011.0,1014.6,20.7,16.5,77,1.5,160,3.0,160,0.0,0.0,0.0,0
2024-03-22,1,1010.7,1014.3,20.2,16.3,78,0.8,120,2.9,160,0.0,0.0,0.0,0
2024-03-22,2,1010.2,1013.8,19.9,16.6,81,1.2,170,2.8,150,0.0,0.0,0.0,0
2024-03-22,3,1009.9,1013.5,19.5,16.5,83,1.2,180,3.2,180,0.0,0.0,0.0,0
2024-03-22,4,1009.5,1013.1,19.3,16.3,83,1.0,140,2.6,180,0.0,0.0,0.0,0
2024-03-22,5,1009.7,1013.3,19.3,16.3,83,0.8,120,3.4,130,0.0,0.0,0.0,0
2024-03-22,6,1010.5,1014.1,19.0,16.4,85,0.8,110,1.7,150,0.0,0.0,0.0,0
2024-03-22,7,1011.0,1014.6,19.6,16.6,83,1.0,160,2.3,120,0.0,0.0,0.15,0
2024-03-22,8,1011.7,1015.3,21.6,17.0,75,1.6,170,3.1,190,0.0,0.0,0.76,1
2024-03-22,9,1011.5,1015.0,23.7,17.5,68,0.6,180,3.1,100,0.0,0.0,1.51,2
2024-03-22,10,1011.5,1015.0,25.5,18.7,66,1.2,110,2.0,120,0.0,0.0,1.99,4
2024-03-22,11,1011.0,1014.5,27.8,18.8,58,1.3,60,3.7,90,0.0,0.0,2.46,6
2024-03-22,12,1010.2,1013.7,29.0,18.2,52,0.9,70,3.8,30,0.0,0.0,2.71,7
2024-03-22,13,1009.7,1013.2,29.4,17.6,49,1.4,300,4.3,290,0.0,0.0,2.71,7
2024-03-22,14,1009.1,1012.6,30.0,18.2,49,2.4,320,5.3,350,0.0,0.0,2.37,6
2024-03-22,15,1009.0,1012.5,29.0,17.9,51,2.6,320,7.1,320,0.0,0.0,2.3,4
2024-03-22,16,1009.1,1012.6,28.6,18.7,55,2.6,330,6.6,330,0.0,0.0,1.51,2
2024-03-22,17,1009.5,1013.0,27.4,19.5,62,1.8,350,4.7,350,0.0,0.0,0.82,1
2024-03-22,18,1010.0,1013.5,26.6,21.8,75,2.2,340,4.8,350,0.0,0.0,0.15,0
2024-03-22,19,1010.8,1014.3,25.8,22.3,81,2.0,360,5.2,340,0.0,0.0,0.0,0
2024-03-22,20,1011.3,1014.8,24.5,23.8,96,1.7,360,3.9,340,1.0,0.3,0.0,0
2024-03-22,21,1011.8,1015.3,24.3,24.0,98,1.0,350,2.6,50,T,0.3,0.0,0
2024-03-22,22,1011.6,1015.1,23.8,22.2,91,1.5,140,3.0,110,0.0,0.0,0.0,0
2024-03-22,23,1011.7,1015.2,22.8,21.4,92,0.8,210,3.7,90,0.0,0.0,0.0,0
2024-03-22,24,1011.8,1015.4,22.4,21.2,93,0.7,180,1.5,200,0.0,0.0,0.0,0
2024-03-23,1,1012.2,1015.8,22.2,21.0,93,0.5,10,3.1,180,0.0,0.0,0.0,0
2024-03-23,2,1012.1,1015.7,22.6,20.5,88,2.1,160,3.8,150,0.0,0.0,0.0,0
2024-03-23,3,1012.0,1015.6,22.3,20.4,89,1.5,160,3.1,170,0.0,0.0,0.0,0
2024-03-23,4,1011.9,1015.5,21.6,20.2,92,0.7,150,2.9,140,0.0,0.0,0.0,0
2024-03-23,5,1012.3,1015.9,21.5,20.3,93,0.8,170,1.7,180,0.0,0.0,0.0,0
2024-03-23,6,1013.1,1016.7,21.7,19.8,89,1.6,160,3.9,170,0.0,0.0,0.0,0
2024-03-23,7,1013.7,1017.3,22.0,19.9,88,0.8,180,3.8,140,0.0,0.0,0.24,0
2024-03-23,8,1014.4,1017.9,23.6,20.4,82,0.6,130,2.8,140,0.0,0.0,0.95,1
2024-03-23,9,1014.3,1017.8,26.7,20.8,70,0.7,110,2.8,160,0.0,0.0,1.84,3
2024-03-23,10,1014.0,1017.5,28.7,21.5,65,1.2,180,3.2,210,0.0,0.0,2.5,6
2024-03-23,11,1013.4,1016.9,30.3,21.1,58,0.9,240,4.0,300,0.0,0.0,3.03,8
2024-03-23,12,1012.2,1015.7,31.0,19.7,51,2.1,270,5.7,320,0.0,0.0,2.74,8
2024-03-23,13,1011.4,1014.9,30.8,22.4,61,3.8,340,7.1,340,0.0,0.0,3.09,9
2024-03-23,14,1010.9,1014.4,29.5,22.5,66,2.8,340,7.1,340,0.0,0.0,1.67,5
2024-03-23,15,1010.6,1014.1,28.7,22.7,70,3.2,340,6.3,340,0.0,0.0,1.63,4
2024-03-23,16,1010.6,1014.1,28.5,23.0,72,1.5,340,5.3,330,0.0,0.0,1.08,2
2024-03-23,17,1010.7,1014.2,27.6,23.0,76,1.4,330,5.8,40,0.0,0.0,0.55,1
2024-03-23,18,1011.3,1014.8,26.8,23.1,80,2.6,350,5.0,350,0.0,0.0,0.14,0
2024-03-23,19,1011.6,1015.1,26.7,22.8,79,0.6,290,3.4,360,0.0,0.0,0.0,0
2024-03-23,20,1012.0,1015.5,26.0,23.1,84,1.5,340,3.5,330,0.0,0.0,0.0,0
2024-03-23,21,1012.4,1015.9,25.6,23.1,86,0.5,10,2.7,340,0.0,0.0,0.0,0
2024-03-23,22,1012.6,1016.1,25.2,22.7,86,1.5,180,2.4,170,0.0,0.0,0.0,0
2024-03-23,23,1012.1,1015.6,24.7,22.4,87,1.4,180,3.0,140,0.0,0.0,0.0,0
2024-03-23,24,1011.5,1015.0,24.1,22.2,89,1.0,150,2.9,180,0.0,0.0,0.0,0
2024-03-24,1,1010.9,1014.4,23.7,22.1,91,1.0,200,2.3,180,0.0,0.0,0.0,0
2024-03-24,2,1010.4,1013.9,23.6,21.9,90,1.4,170,2.5,160,0.0,0.0,0.0,0
2024-03-24,3,1009.8,1013.3,23.1,21.6,91,1.2,190,3.3,180,0.0,0.0,0.0,0
2024-03-24,4,1009.8,1013.3,22.7,21.3,92,0.7,190,2.2,170,0.0,0.0,0.0,0
2024-03-24,5,1010.3,1013.8,22.8,20.7,88,1.0,160,3.6,160,0.0,0.0,0.0,0
2024-03-24,6,1011.0,1014.5,22.9,20.6,87,1.7,160,3.0,140,0.0,0.0,0.0,0
2024-03-24,7,1011.5,1015.0,22.9,20.3,85,1.5,170,3.8,160,0.0,0.0,0.19,0
2024-03-24,8,1012.5,1016.0,24.0,20.9,83,1.5,170,3.1,140,0.0,0.0,0.48,1
2024-03-24,9,1012.3,1015.8,25.0,21.5,81,1.5,120,2.9,170,0.0,0.0,0.69,1
2024-03-24,10,1012.0,1015.5,27.6,22.3,73,0.8,170,2.6,80,0.0,0.0,2.06,5
2024-03-24,11,1011.3,1014.8,29.9,22.4,64,1.1,250,3.9,280,0.0,0.0,2.53,7
2024-03-24,12,1010.7,1014.1,30.8,23.5,65,0.8,330,5.3,310,0.0,0.0,2.08,6
2024-03-24,13,1009.9,1013.4,29.6,23.8,71,1.5,330,5.9,340,0.0,0.0,2.18,7
2024-03-24,14,1009.2,1012.7,28.7,23.8,75,2.7,340,6.8,340,0.0,0.0,1.69,5
2024-03-24,15,1008.8,1012.3,28.4,23.8,76,2.4,340,5.7,330,0.0,0.0,0.74,2
2024-03-24,16,1008.6,1012.1,28.5,23.2,73,2.4,280,6.6,300,0.0,0.0,0.61,1
2024-03-24,17,1008.8,1012.3,27.9,22.9,74,2.8,280,6.9,270,0.0,0.0,0.58,1
2024-03-24,18,1009.0,1012.5,26.8,23.1,80,1.9,240,6.8,280,0.0,0.0,0.18,0
2024-03-24,19,1009.5,1013.0,26.8,23.3,81,1.2,260,5.1,200,0.0,0.0,0.0,0
2024-03-24,20,1010.3,1013.8,26.9,23.4,81,0.9,260,3.4,310,0.0,0.0,0.0,0
2024-03-24,21,1011.1,1014.6,26.7,23.4,82,0.4,170,2.5,330,0.0,0.0,0.0,0
2024-03-24,22,1011.1,1014.6,26.3,23.4,84,1.0,200,2.3,240,0.0,0.0,0.0,0
2024-03-24,23,1011.2,1014.7,25.7,23.2,86,0.8,200,2.1,260,0.0,0.0,0.0,0
2024-03-24,24,1011.2,1014.7,25.2,23.3,89,1.3,160,2.7,180,0.0,0.0,0.0,0
2024-03-25,1,1010.9,1014.4,24.9,23.2,90,1.5,140,2.6,120,0.0,0.0,0.0,0
2024-03-25,2,1010.6,1014.1,24.2,22.8,92,0.9,130,3.0,180,0.0,0.0,0.0,0
2024-03-25,3,1010.5,1014.0,24.0,22.4,91,1.1,160,3.1,180,0.0,0.0,0.0,0
2024-03-25,4,1011.1,1014.6,23.6,22.0,91,1.0,200,2.7,180,0.0,0.0,0.0,0
2024-03-25,5,1012.3,1015.8,23.4,21.3,88,0.9,180,2.5,190,0.0,0.0,0.0,0
2024-03-25,6,1013.4,1016.9,23.8,21.3,86,1.7,170,2.4,160,0.0,0.0,0.0,0
2024-03-25,7,1014.5,1018.0,23.8,21.3,86,1.1,210,2.9,180,0.0,0.0,0.03,0
2024-03-25,8,1015.6,1019.2,23.6,22.8,95,1.6,300,6.2,290,2.0,0.8,0.09,0
2024-03-25,9,1016.4,1020.0,23.0,22.2,95,0.8,130,5.9,340,T,0.1,0.22,1
2024-03-25,10,1017.4,1021.0,20.3,18.6,90,5.8,90,13.8,80,T,0.6,0.4,1
2024-03-25,11,1017.9,1021.5,19.9,17.5,86,4.4,90,14.0,120,0.0,0.0,0.91,3
2024-03-25,12,1017.8,1021.4,19.6,16.6,83,5.4,100,14.3,80,0.0,0.0,0.91,3
2024-03-25,13,1017.3,1020.9,18.6,16.0,85,4.8,100,14.5,60,0.0,0.0,0.6,2
2024-03-25,14,1016.7,1020.3,18.6,15.7,83,5.1,90,13.5,90,0.0,0.0,0.7,2
2024-03-25,15,1016.5,1020.1,17.9,15.4,85,6.2,90,14.5,70,T,1.0,0.61,2
2024-03-25,16,1016.8,1020.4,17.5,14.6,83,6.5,90,17.2,80,T,0.4,0.61,1
2024-03-25,17,1017.4,1021.0,17.2,14.5,84,5.5,90,15.9,80,0.0,0.0,0.29,0
2024-03-25,18,1017.9,1021.5,16.9,14.2,84,5.4,90,14.3,120,0.0,0.0,0.09,0
2024-03-25,19,1018.3,1021.9,17.0,14.1,83,5.0,90,17.6,60,0.0,0.0,0.0,0
2024-03-25,20,1018.8,1022.4,17.1,14.7,86,4.1,90,12.8,80,0.0,0.0,0.0,0
2024-03-25,21,1019.5,1023.1,17.1,14.2,83,5.4,90,12.6,80,0.0,0.0,0.0,0
2024-03-25,22,1019.5,1023.1,17.4,13.9,80,3.4,100,11.4,90,0.0,0.0,0.0,0
2024-03-25,23,1019.3,1022.9,17.7,14.0,79,4.1,90,9.4,80,0.0,0.0,0.0,0
2024-03-25,24,1018.7,1022.3,17.6,14.1,80,4.4,90,11.1,80,0.0,0.0,0.0,0
2024-03-26,1,1018.2,1021.8,17.7,14.0,79,4.4,90,11.3,80,0.0,0.0,0.0,0
2024-03-26,2,1017.5,1021.1,17.7,14.2,80,3.0,90,10.8,100,0.0,0.0,0.0,0
2024-03-26,3,1017.1,1020.7,17.8,14.5,81,3.7,100,10.5,100,0.0,0.0,0.0,0
2024-03-26,4,1016.8,1020.4,17.8,14.7,82,3.7,90,9.8,120,0.0,0.0,0.0,0
2024-03-26,5,1016.8,1020.4,17.6,14.7,83,4.7,90,11.7,100,0.0,0.0,0.0,0
2024-03-26,6,1017.4,1021.0,17.6,14.5,82,4.0,90,11.8,90,0.0,0.0,0.0,0
2024-03-26,7,1017.6,1021.2,17.9,14.6,81,4.4,90,11.9,80,0.0,0.0,0.17,0
2024-03-26,8,1017.8,1021.4,18.7,15.0,79,4.6,90,14.1,90,0.0,0.0,0.8,1
2024-03-26,9,1018.1,1021.7,19.3,15.0,76,5.6,90,12.9,70,0.0,0.0,1.49,3
2024-03-26,10,1017.8,1021.4,20.5,15.5,73,3.9,90,12.1,90,0.0,0.0,2.17,5
2024-03-26,11,1017.2,1020.8,20.8,16.0,74,4.5,90,11.2,80,0.0,0.0,2.07,6
2024-03-26,12,1016.4,1020.0,22.2,16.9,72,3.2,80,11.4,100,0.0,0.0,2.63,8
2024-03-26,13,1015.7,1019.3,22.2,17.1,73,3.9,80,10.6,80,0.0,0.0,2.4,7
2024-03-26,14,1014.6,1018.2,22.4,17.6,74,3.0,90,8.0,110,0.0,0.0,2.3,6
2024-03-26,15,1014.0,1017.6,22.5,17.6,74,2.6,80,7.4,50,0.0,0.0,1.33,3
2024-03-26,16,1013.9,1017.5,22.0,17.8,77,3.0,110,7.6,80,0.0,0.0,0.47,1
2024-03-26,17,1013.8,1017.4,21.8,18.0,79,2.3,90,7.3,80,0.0,0.0,0.37,0
2024-03-26,18,1013.9,1017.5,21.7,18.1,80,2.3,80,5.6,90,0.0,0.0,0.1,0
2024-03-26,19,1014.3,1017.9,21.6,18.4,82,3.0,100,6.8,80,0.0,0.0,0.0,0
2024-03-26,20,1014.3,1017.9,21.7,18.3,81,2.0,90,5.6,100,0.0,0.0,0.0,0
2024-03-26,21,1014.4,1018.0,21.9,18.1,79,1.4,90,4.0,60,0.0,0.0,0.0,0
2024-03-26,22,1013.9,1017.5,22.0,18.0,78,1.0,120,3.4,110,0.0,0.0,0.0,0
2024-03-26,23,1013.2,1016.8,21.9,17.7,77,1.1,120,2.8,150,0.0,0.0,0.0,0
2024-03-26,24,1012.5,1016.1,21.6,17.8,79,1.9,140,3.4,140,0.0,0.0,0.0,0
2024-03-27,1,1011.6,1015.2,21.2,17.8,81,0.9,140,3.7,150,0.0,0.0,0.0,0
2024-03-27,2,1010.7,1014.3,21.4,17.6,79,1.9,170,3.9,170,0.0,0.0,0.0,0
2024-03-27,3,1009.9,1013.5,21.1,17.7,81,1.5,170,4.3,170,0.0,0.0,0.0,0
2024-03-27,4,1009.3,1012.9,20.9,18.1,84,1.2,170,3.3,150,0.0,0.0,0.0,0
2024-03-27,5,1008.6,1012.2,20.7,17.7,83,2.4,160,4.2,170,0.0,0.0,0.0,0
2024-03-27,6,1008.9,1012.5,20.7,17.9,84,1.1,140,4.0,160,0.0,0.0,0.0,0
2024-03-27,7,1009.8,1013.4,20.8,18.0,84,1.2,210,2.9,180,0.0,0.0,0.04,0
2024-03-27,8,1010.2,1013.8,21.6,18.4,82,0.9,150,2.1,130,0.0,0.0,0.29,0
2024-03-27,9,1010.7,1014.3,22.0,19.0,83,0.7,150,3.0,140,0.0,0.0,0.47,1
2024-03-27,10,1011.6,1015.2,22.5,19.5,83,1.2,260,2.9,250,T,0.2,0.22,1
2024-03-27,11,1011.6,1015.2,22.2,19.9,87,1.7,160,3.0,250,T,1.0,0.19,1
2024-03-27,12,1009.4,1012.9,25.9,21.8,78,2.9,160,6.0,140,T,0.1,1.87,6
2024-03-27,13,1008.0,1011.5,29.7,21.4,61,2.4,270,7.8,220,0.0,0.0,3.47,10
2024-03-27,14,1007.3,1010.8,29.5,20.9,60,3.1,280,9.7,310,0.0,0.0,2.81,8
2024-03-27,15,1005.8,1009.2,31.1,20.4,53,1.6,260,10.7,290,0.0,0.0,2.57,6
2024-03-27,16,1005.1,1008.5,30.3,20.0,54,1.6,260,6.4,290,0.0,0.0,1.73,3
2024-03-27,17,1006.4,1009.9,29.1,20.0,58,3.5,300,9.2,260,0.0,0.0,0.68,1
2024-03-27,18,1007.3,1010.8,27.8,20.1,63,3.6,280,9.0,260,0.0,0.0,0.09,0
2024-03-27,19,1008.4,1011.9,26.8,21.3,72,1.9,300,9.1,280,0.0,0.0,0.0,0
2024-03-27,20,1008.9,1012.4,26.5,21.7,75,2.3,290,6.1,300,0.0,0.0,0.0,0
2024-03-27,21,1009.8,1013.3,26.3,21.7,76,1.1,240,4.8,300,0.0,0.0,0.0,0
2024-03-27,22,1010.5,1014.0,26.0,21.9,78,0.6,260,3.1,290,0.0,0.0,0.0,0
2024-03-27,23,1010.4,1013.9,25.7,22.0,80,0.6,250,2.8,270,0.0,0.0,0.0,0
2024-03-27,24,1010.1,1013.6,25.7,22.0,80,1.7,250,3.8,250,0.0,0.0,0.0,0
2024-03-28,1,1009.7,1013.2,25.6,21.9,80,0.8,260,3.9,250,0.0,0.0,0.0,0
2024-03-28,2,1009.4,1012.9,25.3,21.6,80,1.7,260,5.3,280,0.0,0.0,0.0,0
2024-03-28,3,1009.2,1012.7,25.1,22.0,83,1.4,290,4.2,260,0.0,0.0,0.0,0
2024-03-28,4,1009.4,1012.9,23.8,21.1,85,2.5,330,7.5,310,0.0,0.0,0.0,0
2024-03-28,5,1010.0,1013.5,23.0,20.9,88,1.9,320,6.6,330,0.0,0.0,0.0,0
2024-03-28,6,1010.3,1013.8,22.8,20.2,85,1.4,320,4.3,310,0.0,0.0,0.0,0
2024-03-28,7,1010.9,1014.4,23.2,20.2,83,1.2,350,2.7,330,0.0,0.0,0.14,0
2024-03-28,8,1011.4,1015.0,22.4,20.1,87,1.7,100,4.6,110,0.0,0.0,0.32,1
2024-03-28,9,1012.0,1015.6,22.6,19.2,81,3.1,80,6.9,90,0.0,0.0,0.89,2
2024-03-28,10,1012.0,1015.5,24.1,18.3,70,2.7,120,7.4,80,0.0,0.0,1.87,4
2024-03-28,11,1011.7,1015.2,25.0,17.0,61,3.1,100,7.5,110,0.0,0.0,2.02,5
2024-03-28,12,1011.1,1014.6,25.9,17.0,58,2.9,110,7.4,90,0.0,0.0,2.27,7
2024-03-28,13,1010.1,1013.6,27.0,17.5,56,2.1,80,7.3,80,0.0,0.0,3.28,8
2024-03-28,14,1009.4,1012.9,27.2,17.1,54,2.6,90,7.5,110,0.0,0.0,2.84,7
2024-03-28,15,1008.9,1012.4,26.5,16.5,54,3.5,90,8.1,100,0.0,0.0,2.31,4
2024-03-28,16,1009.2,1012.7,25.2,17.2,61,3.5,90,9.5,100,0.0,0.0,1.43,2
2024-03-28,17,1009.6,1013.1,23.9,18.1,70,3.3,90,10.0,100,0.0,0.0,0.75,1
2024-03-28,18,1009.9,1013.4,23.5,18.4,73,3.0,90,8.3,80,0.0,0.0,0.21,0
2024-03-28,19,1010.4,1013.9,23.4,18.3,73,1.9,100,7.2,80,0.0,0.0,0.0,0
2024-03-28,20,1011.1,1014.6,23.1,18.0,73,2.7,110,6.6,90,0.0,0.0,0.0,0
2024-03-28,21,1011.4,1014.9,22.8,17.9,74,1.8,90,5.1,110,0.0,0.0,0.0,0
2024-03-28,22,1011.6,1015.1,22.9,18.0,74,1.1,100,3.2,90,0.0,0.0,0.0,0
2024-03-28,23,1011.5,1015.0,22.7,17.8,74,0.9,140,3.3,140,0.0,0.0,0.0,0
2024-03-28,24,1011.2,1014.7,22.5,18.1,76,1.1,140,2.4,140,0.0,0.0,0.0,0
2024-03-29,1,1010.9,1014.4,22.5,18.3,77,1.1,180,2.4,190,0.0,0.0,0.0,0
2024-03-29,2,1011.0,1014.6,22.2,18.6,80,1.5,170,4.4,160,0.0,0.0,0.0,0
2024-03-29,3,1010.6,1014.2,22.1,18.7,81,1.0,200,3.5,160,0.0,0.0,0.0,0
2024-03-29,4,1010.7,1014.3,22.1,18.7,81,0.8,180,2.6,220,0.0,0.0,0.0,0
2024-03-29,5,1011.1,1014.7,22.1,18.7,81,1.0,170,2.6,150,0.0,0.0,0.0,0
2024-03-29,6,1012.1,1015.7,22.0,19.2,84,0.9,170,2.0,140,T,0.3,0.0,0
2024-03-29,7,1012.8,1016.4,20.9,20.4,97,0.7,130,1.8,240,0.5,0.8,0.0,0
2024-03-29,8,1013.4,1017.0,21.3,20.6,96,1.4,150,3.4,130,1.0,0.9,0.08,0
2024-03-29,9,1012.8,1016.4,21.4,20.7,96,2.1,130,5.4,120,0.5,1.0,0.17,0
2024-03-29,10,1012.3,1015.9,22.0,21.5,97,1.0,110,2.3,100,0.5,1.0,0.25,1
2024-03-29,11,1011.6,1015.1,24.5,22.6,89,1.4,30,4.6,50,T,0.6,1.2,3
2024-03-29,12,1010.9,1014.4,26.8,22.2,76,1.2,20,4.5,110,0.0,0.0,2.28,6
2024-03-29,13,1010.4,1013.9,27.7,21.3,68,1.0,280,3.9,320,0.0,0.0,2.45,6
2024-03-29,14,1009.8,1013.3,27.3,21.1,69,1.2,290,3.8,310,0.0,0.0,1.35,3
2024-03-29,15,1009.5,1013.0,26.4,21.2,73,2.3,340,5.8,340,0.0,0.0,0.64,1
2024-03-29,16,1009.2,1012.7,26.2,21.6,76,0.7,20,4.5,340,0.0,0.0,0.34,1
2024-03-29,17,1009.1,1012.6,26.6,21.8,75,0.6,210,2.2,30,0.0,0.0,0.25,0
2024-03-29,18,1009.4,1012.9,26.0,21.7,77,0.9,100,3.9,80,0.0,0.0,0.1,0
2024-03-29,19,1010.2,1013.7,25.4,21.1,77,0.7,80,3.8,60,0.0,0.0,0.0,0
2024-03-29,20,1010.2,1013.7,24.9,21.0,79,0.6,100,2.1,130,0.0,0.0,0.0,0
2024-03-29,21,1010.4,1013.9,24.7,21.0,80,1.2,140,2.7,40,0.0,0.0,0.0,0
2024-03-29,22,1009.9,1013.4,24.0,21.9,88,1.2,150,3.2,140,0.0,0.0,0.0,0
2024-03-29,23,1009.7,1013.2,23.3,21.6,90,0.8,130,2.6,80,0.0,0.0,0.0,0
2024-03-29,24,1009.8,1013.3,23.3,21.0,87,1.9,170,3.7,160,0.0,0.0,0.0,0
2024-03-30,1,1009.3,1012.8,22.8,20.7,88,1.6,150,3.5,170,0.0,0.0,0.0,0
2024-03-30,2,1008.3,1011.8,22.6,20.7,89,1.2,110,3.8,80,0.0,0.0,0.0,0
2024-03-30,3,1008.5,1012.0,22.4,20.5,89,0.7,120,2.3,200,0.0,0.0,0.0,0
2024-03-30,4,1008.7,1012.2,22.5,20.4,88,1.1,200,2.8,170,0.0,0.0,0.0,0
2024-03-30,5,1008.7,1012.2,22.3,19.9,86,1.1,170,3.2,160,0.0,0.0,0.0,0
2024-03-30,6,1008.3,1011.8,22.2,19.8,86,2.2,170,4.4,160,0.0,0.0,0.0,0
2024-03-30,7,1008.5,1012.0,22.6,20.3,87,2.0,160,3.9,160,0.0,0.0,0.21,0
2024-03-30,8,1012.3,1015.9,21.7,21.2,97,2.9,200,9.8,270,8.5,0.6,0.07,0
2024-03-30,9,1007.5,1011.0,21.5,21.0,97,0.9,70,6.0,180,2.5,0.8,0.12,0
2024-03-30,10,1006.9,1010.4,23.8,21.3,86,0.8,50,4.0,50,0.0,0.0,1.82,4
2024-03-30,11,1007.0,1010.5,25.2,21.3,79,1.0,250,3.7,340,0.0,0.0,1.42,4
2024-03-30,12,1006.2,1009.7,28.1,23.0,74,0.9,190,3.1,120,0.0,0.0,2.47,6
2024-03-30,13,1006.0,1009.5,27.2,22.8,77,0.5,80,4.3,340,0.0,0.0,1.2,3
2024-03-30,14,1004.8,1008.3,27.1,23.8,82,1.2,200,5.8,350,T,0.9,0.69,2
2024-03-30,15,1003.9,1007.4,28.1,23.9,78,1.6,120,3.0,110,T,0.7,1.17,2
2024-03-30,16,1006.3,1009.8,23.0,20.2,84,7.4,330,18.7,330,T,0.1,0.55,1
2024-03-30,17,1006.6,1010.1,22.2,20.7,91,3.3,280,16.5,340,8.5,1.0,0.03,0
2024-03-30,18,1006.6,1010.1,21.7,21.2,97,1.3,100,7.3,340,6.0,1.0,0.0,0
2024-03-30,19,1007.0,1010.5,22.2,21.9,98,1.6,160,4.6,240,9.5,0.5,0.0,0
2024-03-30,20,1007.1,1010.6,22.3,22.0,98,1.2,20,2.3,20,0.0,0.0,0.0,0
2024-03-30,21,1007.9,1011.4,22.8,22.5,98,1.1,120,2.6,350,0.0,0.0,0.0,0
2024-03-30,22,1008.5,1012.0,22.7,22.4,98,0.7,190,2.4,220,0.0,0.0,0.0,0
2024-03-30,23,1009.3,1012.8,23.8,23.5,98,2.1,320,6.0,320,0.0,0.0,0.0,0
2024-03-30,24,1009.3,1012.8,23.5,23.0,97,1.4,330,6.1,350,0.0,0.0,0.0,0
2024-03-31,1,1008.8,1012.3,22.8,21.6,93,1.9,360,7.9,320,0.0,0.0,0.0,0
2024-03-31,2,1009.4,1012.9,22.1,20.7,92,1.7,140,5.7,90,0.5,0.4,0.0,0
2024-03-31,3,1009.1,1012.7,20.6,18.0,85,2.9,100,8.1,80,T,0.5,0.0,0
2024-03-31,4,1009.3,1012.9,20.1,18.6,91,3.4,130,7.6,60,1.0,0.4,0.0,0
2024-03-31,5,1010.3,1013.9,20.5,18.1,86,2.3,130,4.9,130,0.0,0.0,0.0,0
2024-03-31,6,1010.2,1013.8,20.5,17.3,82,1.9,140,4.7,110,0.0,0.0,0.0,0
2024-03-31,7,1010.6,1014.2,21.1,16.3,74,2.6,120,5.7,110,0.0,0.0,0.07,0
2024-03-31,8,1011.7,1015.3,22.5,15.4,64,2.9,100,7.3,110,0.0,0.0,0.54,1
2024-03-31,9,1011.7,1015.2,23.0,16.3,66,2.6,90,7.8,80,0.0,0.0,0.99,2
2024-03-31,10,1011.6,1015.1,24.0,16.5,63,2.5,90,8.6,80,0.0,0.0,1.58,3
2024-03-31,11,1011.0,1014.5,25.6,17.0,59,1.9,80,7.8,90,0.0,0.0,1.92,5
2024-03-31,12,1009.9,1013.4,27.1,17.9,57,2.3,90,8.1,80,0.0,0.0,2.6,6
2024-03-31,13,1008.9,1012.4,28.0,18.1,55,3.5,80,8.0,80,0.0,0.0,2.88,7
2024-03-31,14,1008.1,1011.6,27.2,18.0,57,3.1,80,9.1,90,0.0,0.0,2.47,6
2024-03-31,15,1007.6,1011.1,26.9,18.0,58,2.9,100,8.5,100,0.0,0.0,1.02,2
2024-03-31,16,1007.3,1010.8,26.3,17.7,59,3.2,80,8.4,50,0.0,0.0,0.94,1
2024-03-31,17,1006.8,1010.3,25.4,18.6,66,3.5,80,8.8,70,0.0,0.0,0.46,1
2024-03-31,18,1007.7,1011.2,25.2,18.4,66,3.0,80,9.0,60,0.0,0.0,0.16,0
2024-03-31,19,1008.5,1012.0,24.8,18.0,66,2.1,100,7.0,90,0.0,0.0,0.0,0
2024-03-31,20,1009.2,1012.7,23.5,19.5,78,1.6,110,5.6,80,T,0.2,0.0,0
2024-03-31,21,1009.3,1012.8,22.6,20.5,88,0.8,110,2.9,100,T,0.1,0.0,0
2024-03-31,22,1009.4,1012.9,23.3,19.7,80,1.1,160,2.4,150,0.0,0.0,0.0,0
2024-03-31,23,1008.4,1011.9,23.3,19.5,79,1.3,130,2.7,110,0.0,0.0,0.0,0
2024-03-31,24,1008.1,1011.6,23.1,19.5,80,1.1,210,2.1,150,0.0,0.0,0.0,0
2024-04-01,1,1007.9,1011.4,22.5,20.0,86,1.7,160,3.5,140,T,0.2,0.0,0
2024-04-01,2,1007.6,1011.1,21.8,20.3,91,0.7,150,3.6,160,T,0.5,0.0,0
2024-04-01,3,1007.1,1010.6,21.5,20.8,96,0.4,50,1.5,200,0.5,0.5,0.0,0
2024-04-01,4,1007.3,1010.8,21.9,20.5,92,1.1,170,1.9,140,T,0.1,0.0,0
2024-04-01,5,1008.0,1011.5,22.1,20.0,88,0.8,200,2.7,160,0.0,0.0,0.0,0
2024-04-01,6,1008.4,1011.9,22.3,20.0,87,0.7,130,3.0,160,0.0,0.0,0.0,0
2024-04-01,7,1009.0,1012.5,22.8,20.3,86,0.9,210,2.2,170,0.0,0.0,0.16,0
2024-04-01,8,1009.3,1012.8,23.9,20.5,81,0.9,200,2.3,160,0.0,0.0,0.75,1
2024-04-01,9,1009.2,1012.7,26.2,21.4,75,0.7,90,2.5,210,0.0,0.0,1.85,3
2024-04-01,10,1009.0,1012.5,28.2,21.8,68,1.3,160,3.4,220,0.0,0.0,2.6,6
2024-04-01,11,1008.2,1011.6,30.5,23.4,66,0.4,140,4.3,140,0.0,0.0,3.11,8
2024-04-01,12,1007.2,1010.6,31.5,22.0,57,1.7,290,5.3,300,0.0,0.0,2.75,8
2024-04-01,13,1005.7,1009.1,31.9,22.3,57,1.5,220,5.3,280,0.0,0.0,3.39,9
2024-04-01,14,1004.6,1008.0,32.3,22.4,56,1.0,290,3.8,310,0.0,0.0,2.93,7
2024-04-01,15,1004.4,1007.8,31.0,23.9,66,2.9,350,8.1,350,0.0,0.0,2.2,4
2024-04-01,16,1004.5,1007.9,30.3,24.5,71,3.5,340,7.3,350,0.0,0.0,1.23,2
2024-04-01,17,1004.6,1008.0,29.0,24.1,75,2.5,10,5.6,340,0.0,0.0,0.46,0
2024-04-01,18,1005.1,1008.6,28.1,23.3,75,2.0,90,4.5,80,0.0,0.0,0.05,0
2024-04-01,19,1005.2,1008.7,27.7,22.9,75,2.1,90,4.1,80,0.0,0.0,0.0,0
2024-04-01,20,1005.2,1008.7,27.4,23.0,77,2.0,90,4.8,80,0.0,0.0,0.0,0
2024-04-01,21,1005.7,1009.2,26.7,23.0,80,2.4,100,4.9,130,0.0,0.0,0.0,0
2024-04-01,22,1006.2,1009.7,26.7,23.0,80,1.3,80,4.3,90,0.0,0.0,0.0,0
2024-04-01,23,1006.7,1010.2,26.6,23.3,82,0.3,150,2.1,110,0.0,0.0,0.0,0
2024-04-01,24,1006.6,1010.1,26.6,23.1,81,0.9,130,2.2,130,0.0,0.0,0.0,0
2024-04-02,1,1006.0,1009.5,26.2,23.1,83,1.2,150,2.5,130,0.0,0.0,0.0,0
2024-04-02,2,1005.3,1008.8,25.4,23.1,87,0.9,120,2.4,130,0.0,0.0,0.0,0
2024-04-02,3,1005.3,1008.8,25.0,23.1,89,1.5,150,3.3,180,0.0,0.0,0.0,0
2024-04-02,4,1005.8,1009.3,24.6,23.0,91,0.8,140,3.0,110,0.0,0.0,0.0,0
2024-04-02,5,1007.1,1010.6,24.5,22.6,89,0.9,190,2.3,140,0.0,0.0,0.0,0
2024-04-02,6,1007.3,1010.8,24.0,22.3,90,0.9,120,3.8,170,0.0,0.0,0.01,0
2024-04-02,7,1008.2,1011.7,24.8,22.1,85,1.1,150,2.8,130,0.0,0.0,0.35,0
2024-04-02,8,1009.5,1013.0,27.2,22.6,76,0.8,190,2.1,120,0.0,0.0,1.02,1
2024-04-02,9,1009.1,1012.6,28.2,22.2,70,1.0,160,3.4,170,0.0,0.0,1.71,3
2024-04-02,10,1009.0,1012.4,30.7,21.8,59,1.0,220,3.5,300,0.0,0.0,2.45,5
2024-04-02,11,1007.6,1011.0,31.5,21.4,55,1.7,170,5.2,160,0.0,0.0,3.02,6
2024-04-02,12,1006.2,1009.6,32.5,21.1,51,1.6,200,5.0,180,0.0,0.0,3.14,7
2024-04-02,13,1005.0,1008.4,32.8,22.3,54,1.9,300,6.1,290,0.0,0.0,2.9,7
2024-04-02,14,1004.4,1007.8,31.7,22.7,59,2.5,300,7.4,290,0.0,0.0,1.7,4
2024-04-02,15,1004.2,1007.6,31.1,22.7,61,2.5,300,8.7,290,0.0,0.0,1.48,3
2024-04-02,16,1004.8,1008.2,30.0,22.2,63,2.3,270,6.6,290,0.0,0.0,0.3,1
2024-04-02,17,1005.1,1008.5,29.4,22.7,67,1.5,260,7.4,310,0.0,0.0,0.15,0
2024-04-02,18,1006.2,1009.7,29.0,22.8,69,1.6,290,7.4,270,0.0,0.0,0.04,0
2024-04-02,19,1006.8,1010.3,28.5,22.3,69,0.8,270,6.3,290,0.0,0.0,0.0,0
2024-04-02,20,1007.7,1011.2,28.1,22.6,72,2.0,280,6.9,290,0.0,0.0,0.0,0
2024-04-02,21,1007.7,1011.2,27.9,23.3,76,1.6,270,5.2,270,0.0,0.0,0.0,0
2024-04-02,22,1008.0,1011.5,27.7,23.1,76,1.3,280,5.5,260,0.0,0.0,0.0,0
2024-04-02,23,1008.8,1012.3,27.5,22.9,76,2.2,260,7.3,280,0.0,0.0,0.0,0
2024-04-02,24,1008.4,1011.9,27.0,23.1,79,1.4,200,5.8,230,0.0,0.0,0.0,0
2024-04-03,1,1008.3,1011.8,26.7,22.3,77,1.3,230,4.4,250,0.0,0.0,0.0,0
2024-04-03,2,1007.8,1011.3,26.1,22.4,80,1.6,210,3.3,220,0.0,0.0,0.0,0
2024-04-03,3,1007.5,1011.0,26.0,22.9,83,1.0,150,2.6,180,0.0,0.0,0.0,0
2024-04-03,4,1007.6,1011.1,25.4,23.1,87,0.9,200,1.8,170,0.0,0.0,0.0,0
2024-04-03,5,1008.2,1011.7,24.9,23.0,89,1.0,170,2.9,170,0.0,0.0,0.0,0
2024-04-03,6,1008.7,1012.2,24.8,22.7,88,1.6,170,3.0,160,0.0,0.0,0.01,0
2024-04-03,7,1009.8,1013.3,25.4,22.7,85,1.1,180,2.6,170,0.0,0.0,0.28,0
2024-04-03,8,1010.5,1014.0,26.4,23.3,83,1.1,180,2.1,160,0.0,0.0,0.64,1
2024-04-03,9,1010.3,1013.8,27.5,22.2,73,0.4,180,2.5,140,0.0,0.0,1.17,2
2024-04-03,10,1009.9,1013.4,29.0,20.7,61,1.0,240,3.9,290,0.0,0.0,1.8,4
2024-04-03,11,1009.3,1012.8,29.8,21.8,62,1.0,300,5.3,340,0.0,0.0,2.52,6
2024-04-03,12,1009.0,1012.5,28.7,23.6,74,2.3,320,7.7,340,0.0,0.0,1.96,5
2024-04-03,13,1008.5,1012.0,28.5,23.4,74,2.1,330,6.4,320,0.0,0.0,1.56,5
2024-04-03,14,1008.4,1011.9,25.3,23.4,89,2.2,110,6.0,100,1.5,0.3,0.33,1
2024-04-03,15,1008.0,1011.5,24.4,23.5,95,2.0,100,6.4,80,1.5,1.0,0.15,0
2024-04-03,16,1008.0,1011.5,23.7,22.5,93,2.6,100,6.3,100,1.5,1.0,0.17,0
2024-04-03,17,1008.1,1011.6,23.6,22.2,92,3.1,110,8.1,100,0.0,0.0,0.46,0
2024-04-03,18,1008.1,1011.6,23.2,22.2,94,3.5,90,8.1,80,0.0,0.0,0.16,0
2024-04-03,19,1008.5,1012.0,23.1,22.1,94,2.1,60,7.5,90,0.0,0.0,0.0,0
2024-04-03,20,1009.6,1013.1,23.4,22.0,92,2.2,90,6.3,30,0.0,0.0,0.0,0
2024-04-03,21,1010.5,1014.0,23.2,22.0,93,4.1,90,9.3,60,0.0,0.0,0.0,0
2024-04-03,22,1012.2,1015.7,23.2,22.0,93,1.9,110,7.4,80,0.0,0.0,0.0,0
2024-04-03,23,1013.8,1017.4,22.3,20.9,92,1.2,310,5.4,340,T,0.2,0.0,0
2024-04-03,24,1014.3,1017.9,21.6,19.7,89,0.9,280,9.4,320,T,0.1,0.0,0
2024-04-04,1,1012.2,1015.8,20.8,19.1,90,3.0,130,5.8,140,0.0,0.0,0.0,0
2024-04-04,2,1010.6,1014.2,20.5,18.8,90,1.0,80,4.9,120,0.0,0.0,0.0,0
2024-04-04,3,1009.5,1013.1,20.6,18.7,89,2.9,110,5.8,100,0.0,0.0,0.0,0
2024-04-04,4,1009.7,1013.3,20.6,18.7,89,1.3,90,5.7,100,0.0,0.0,0.0,0
2024-04-04,5,1010.0,1013.6,20.7,19.0,90,2.4,100,6.4,90,0.0,0.0,0.0,0
2024-04-04,6,1010.5,1014.1,20.8,19.1,90,3.2,100,8.0,70,0.0,0.0,0.0,0
2024-04-04,7,1011.3,1014.9,21.0,19.3,90,3.1,90,7.9,100,T,0.1,0.08,0
2024-04-04,8,1012.4,1016.0,21.1,19.0,88,2.9,100,8.1,120,T,0.1,0.22,0
2024-04-04,9,1012.7,1016.3,21.0,18.8,87,3.4,100,8.1,80,0.0,0.0,0.16,0
2024-04-04,10,1012.9,1016.5,21.2,18.8,86,3.1,80,9.5,80,0.0,0.0,0.48,1
2024-04-04,11,1012.4,1016.0,21.2,18.6,85,3.8,90,8.9,100,0.0,0.0,1.03,2
2024-04-04,12,1011.8,1015.4,21.1,18.5,85,3.7,100,9.4,80,0.0,0.0,0.68,2
2024-04-04,13,1010.3,1013.9,20.7,18.5,87,5.6,100,12.4,100,0.0,0.0,1.69,4
2024-04-04,14,1010.3,1013.9,21.0,18.4,85,3.5,90,11.9,80,0.0,0.0,0.87,2
2024-04-04,15,1010.2,1013.8,21.1,18.5,85,3.6,90,12.9,150,0.0,0.0,1.07,2
2024-04-04,16,1010.8,1014.4,20.2,18.2,88,4.4,90,13.0,80,0.0,0.0,0.39,1
2024-04-04,17,1011.6,1015.2,20.3,18.1,87,3.3,90,9.6,70,0.0,0.0,0.09,0
2024-04-04,18,1012.5,1016.1,20.2,18.0,87,3.5,90,10.0,80,0.0,0.0,0.04,0
2024-04-04,19,1012.8,1016.4,20.3,17.7,85,2.5,100,9.1,100,0.0,0.0,0.0,0
2024-04-04,20,1012.7,1016.3,20.1,17.9,87,3.6,110,8.4,90,0.0,0.0,0.0,0
2024-04-04,21,1012.5,1016.1,20.1,17.9,87,2.6,100,10.0,90,0.0,0.0,0.0,0
2024-04-04,22,1012.5,1016.1,20.0,18.0,88,3.0,90,10.0,80,0.0,0.0,0.0,0
2024-04-04,23,1013.0,1016.6,20.0,18.0,88,2.8,100,9.0,100,0.0,0.0,0.0,0
2024-04-04,24,1012.5,1016.1,19.8,18.1,90,2.8,100,9.3,80,0.0,0.0,0.0,0
2024-04-05,1,1013.4,1017.0,20.3,18.4,89,2.0,120,7.1,90,0.0,0.0,0.0,0
2024-04-05,2,1013.0,1016.6,20.4,18.4,88,1.5,70,5.6,90,0.0,0.0,0.0,0
2024-04-05,3,1012.3,1015.9,20.3,18.6,90,2.2,130,4.8,100,0.0,0.0,0.0,0
2024-04-05,4,1012.0,1015.6,19.8,19.1,96,1.2,40,4.6,150,T,0.5,0.0,0
2024-04-05,5,1012.3,1015.9,20.0,19.2,95,1.2,90,3.6,70,0.5,0.3,0.0,0
2024-04-05,6,1012.0,1015.6,20.0,19.0,94,1.8,90,5.3,90,T,0.1,0.0,0
2024-04-05,7,1012.4,1016.0,20.3,19.0,92,2.6,90,6.3,90,0.0,0.0,0.12,0
2024-04-05,8,1012.4,1016.0,21.1,19.6,91,2.6,90,7.4,80,0.0,0.0,0.54,1
2024-04-05,9,1012.2,1015.8,22.4,20.0,86,2.4,60,9.5,80,0.0,0.0,1.48,3
2024-04-05,10,1012.3,1015.8,24.5,20.4,78,2.5,70,8.0,90,0.0,0.0,2.33,5
2024-04-05,11,1012.2,1015.7,23.9,20.5,81,2.2,90,11.2,80,0.0,0.0,1.64,5
2024-04-05,12,1011.8,1015.3,22.8,20.3,86,2.3,80,11.1,70,0.0,0.0,0.57,2
2024-04-05,13,1011.1,1014.6,23.3,20.5,84,2.8,100,8.6,100,0.0,0.0,1.35,4
2024-04-05,14,1010.6,1014.1,22.6,20.5,88,2.4,100,9.6,100,0.0,0.0,0.66,2
2024-04-05,15,1010.3,1013.8,22.2,20.3,89,3.0,90,7.8,80,0.0,0.0,0.37,1
2024-04-05,16,1009.9,1013.5,22.0,20.5,91,3.4,90,8.6,80,T,0.5,0.24,0
2024-04-05,17,1010.1,1013.7,21.6,20.6,94,2.8,90,8.7,90,T,0.5,0.18,0
2024-04-05,18,1009.7,1013.3,20.7,20.0,96,2.4,80,7.5,100,0.5,1.0,0.0,0
2024-04-05,19,1011.0,1014.6,21.5,20.7,95,1.8,100,5.8,70,T,0.4,0.0,0
2024-04-05,20,1011.5,1015.1,21.6,20.4,93,2.1,90,6.2,90,T,0.3,0.0,0
2024-04-05,21,1011.8,1015.4,21.5,20.5,94,2.9,90,6.3,80,T,0.2,0.0,0
2024-04-05,22,1011.6,1015.2,21.4,20.4,94,2.9,90,8.5,80,0.0,0.0,0.0,0
2024-04-05,23,1011.4,1015.0,21.1,20.1,94,3.1,90,8.1,80,0.0,0.0,0.0,0
2024-04-05,24,1010.9,1014.5,21.0,20.0,94,2.9,90,9.7,70,0.0,0.0,0.0,0
2024-04-06,1,1010.1,1013.7,21.0,19.8,93,2.9,90,8.3,90,0.0,0.0,0.0,0
2024-04-06,2,1009.2,1012.8,21.0,19.7,92,3.5,90,9.7,100,0.0,0.0,0.0,0
2024-04-06,3,1009.3,1012.9,21.0,20.0,94,2.4,80,7.0,60,0.0,0.0,0.0,0
2024-04-06,4,1009.6,1013.2,20.7,20.2,97,2.0,120,6.5,70,T,0.6,0.0,0
2024-04-06,5,1009.1,1012.7,20.6,20.1,97,2.7,90,7.3,120,0.5,1.0,0.0,0
2024-04-06,6,1009.7,1013.3,20.7,20.0,96,2.4,80,7.5,100,0.5,0.5,0.0,0
2024-04-06,7,1010.1,1013.7,20.5,20.0,97,3.8,100,8.3,90,3.0,0.8,0.02,0
2024-04-06,8,1011.0,1014.6,21.1,20.4,96,2.7,120,7.7,80,T,0.2,0.3,0
2024-04-06,9,1011.2,1014.8,21.4,20.2,93,2.5,90,8.0,70,T,0.3,0.84,2
2024-04-06,10,1010.5,1014.1,21.9,20.0,89,3.1,100,8.4,100,0.0,0.0,1.27,4
2024-04-06,11,1009.7,1013.2,22.7,20.4,87,3.1,100,9.4,90,0.0,0.0,1.84,6
2024-04-06,12,1009.7,1013.2,23.0,20.7,87,4.1,90,10.0,90,0.0,0.0,2.27,7
2024-04-06,13,1009.2,1012.7,23.9,21.0,84,3.0,100,8.4,80,0.0,0.0,2.87,9
2024-04-06,14,1008.6,1012.1,23.7,21.0,85,2.6,90,6.0,90,0.0,0.0,2.04,6
2024-04-06,15,1008.0,1011.5,23.7,21.2,86,1.7,50,7.7,110,0.0,0.0,1.41,4
2024-04-06,16,1007.7,1011.2,22.8,20.9,89,4.0,90,10.5,100,0.0,0.0,0.93,2
2024-04-06,17,1007.8,1011.3,22.6,20.7,89,3.5,80,9.0,110,0.0,0.0,0.33,1
2024-04-06,18,1007.6,1011.1,22.4,20.9,91,3.1,100,9.3,100,0.0,0.0,0.09,0
2024-04-06,19,1008.5,1012.0,22.2,20.8,92,2.6,90,7.9,100,0.0,0.0,0.0,0
2024-04-06,20,1008.9,1012.4,22.1,20.7,92,3.8,90,9.8,90,0.0,0.0,0.0,0
2024-04-06,21,1009.2,1012.8,21.7,21.0,96,3.2,90,8.4,70,T,0.1,0.0,0
2024-04-06,22,1009.6,1013.2,21.8,21.1,96,2.9,90,8.9,120,0.0,0.0,0.0,0
2024-04-06,23,1009.3,1012.8,22.0,21.2,95,2.5,100,8.2,80,0.0,0.0,0.0,0
2024-04-06,24,1009.0,1012.5,22.0,21.0,94,2.2,90,7.2,50,0.0,0.0,0.0,0
2024-04-07,1,1008.4,1011.9,22.1,20.9,93,2.0,100,6.8,80,0.0,0.0,0.0,0
2024-04-07,2,1007.8,1011.3,22.0,21.0,94,2.1,130,4.6,80,0.0,0.0,0.0,0
2024-04-07,3,1007.6,1011.1,22.0,21.3,96,0.7,120,3.6,130,T,0.2,0.0,0
2024-04-07,4,1007.7,1011.2,22.1,21.6,97,0.7,110,2.9,110,0.0,0.0,0.0,0
2024-04-07,5,1008.1,1011.6,22.2,21.7,97,1.1,150,1.9,130,0.0,0.0,0.0,0
2024-04-07,6,1008.5,1012.0,22.2,21.4,95,1.1,120,2.3,120,0.0,0.0,0.0,0
2024-04-07,7,1008.5,1012.0,22.5,21.7,95,1.3,120,2.9,100,T,0.1,0.13,0
2024-04-07,8,1009.0,1012.5,22.7,21.9,95,1.0,90,2.9,100,T,0.5,0.16,0
2024-04-07,9,1010.1,1013.6,22.7,22.2,97,0.7,340,2.5,70,0.5,1.0,0.16,0
2024-04-07,10,1010.2,1013.7,23.2,22.4,95,1.0,140,2.0,140,T,0.3,0.4,1
2024-04-07,11,1009.5,1013.0,23.5,22.5,94,0.7,40,2.2,130,0.0,0.0,0.58,2
2024-04-07,12,1009.3,1012.8,22.7,22.2,97,2.0,330,6.7,330,4.5,0.9,0.35,1
2024-04-07,13,1008.6,1012.1,23.4,22.4,94,1.3,280,4.5,320,0.5,0.1,0.64,2
2024-04-07,14,1007.7,1011.2,23.8,22.8,94,1.4,320,4.1,310,0.0,0.0,0.52,2
2024-04-07,15,1007.4,1010.9,23.6,22.4,93,2.7,330,5.0,100,0.0,0.0,0.37,1
2024-04-07,16,1007.6,1011.1,23.2,21.7,91,3.9,330,7.4,330,0.0,0.0,0.31,1
2024-04-07,17,1008.4,1011.9,22.9,21.5,92,2.0,320,7.0,340,0.0,0.0,0.09,0
2024-04-07,18,1008.8,1012.3,22.8,21.4,92,0.7,300,5.7,340,0.0,0.0,0.02,0
2024-04-07,19,1009.7,1013.2,23.2,21.3,89,1.5,310,5.8,320,0.0,0.0,0.0,0
2024-04-07,20,1010.6,1014.1,22.5,21.0,91,1.6,330,5.4,320,0.0,0.0,0.0,0
2024-04-07,21,1011.7,1015.3,21.5,20.8,96,2.4,150,4.8,150,0.5,0.6,0.0,0
2024-04-07,22,1012.5,1016.1,20.1,19.6,97,2.2,100,7.9,90,9.0,1.0,0.0,0
2024-04-07,23,1012.9,1016.5,19.5,18.8,96,2.6,100,7.6,80,3.0,0.8,0.0,0
2024-04-07,24,1012.7,1016.3,18.8,18.3,97,2.8,110,8.9,60,1.5,0.7,0.0,0
2024-04-08,1,1012.3,1015.9,18.4,17.9,97,2.7,100,8.1,100,T,0.5,0.0,0
2024-04-08,2,1012.2,1015.8,18.4,17.8,96,2.6,110,7.4,130,T,0.2,0.0,0
2024-04-08,3,1012.5,1016.1,18.4,17.6,95,3.3,110,7.4,90,0.0,0.0,0.0,0
2024-04-08,4,1012.7,1016.3,18.4,17.4,94,1.9,120,6.2,120,0.0,0.0,0.0,0
2024-04-08,5,1013.0,1016.6,18.4,17.4,94,2.1,100,5.2,80,0.0,0.0,0.0,0
2024-04-08,6,1013.7,1017.3,18.7,17.4,92,1.4,110,5.7,120,0.0,0.0,0.0,0
2024-04-08,7,1014.1,1017.7,18.8,17.3,91,1.9,100,4.7,80,T,0.2,0.02,0
2024-04-08,8,1015.3,1018.9,19.0,17.5,91,2.5,120,6.5,60,0.0,0.0,0.08,0
2024-04-08,9,1015.6,1019.2,18.7,17.4,92,2.7,110,5.9,90,T,0.9,0.15,0
2024-04-08,10,1016.3,1019.9,19.2,16.8,86,2.7,100,8.5,60,T,0.4,0.2,1
2024-04-08,11,1016.4,1020.0,19.1,16.5,85,2.4,90,6.5,70,0.0,0.0,0.21,1
2024-04-08,12,1015.9,1019.5,19.0,16.6,86,2.7,100,6.8,80,T,0.5,0.32,1
2024-04-08,13,1015.7,1019.3,19.0,16.8,87,2.6,90,7.7,90,0.5,0.6,0.67,2
2024-04-08,14,1015.5,1019.1,18.8,16.8,88,2.7,100,7.6,90,T,0.2,0.28,1
2024-04-08,15,1015.3,1018.9,18.9,16.7,87,3.1,90,9.1,140,T,0.6,0.33,1
2024-04-08,16,1015.5,1019.1,19.4,15.9,80,1.9,90,8.4,70,0.0,0.0,0.28,1
2024-04-08,17,1015.5,1019.1,19.3,15.4,78,3.4,90,8.9,70,T,0.4,0.18,0
2024-04-08,18,1015.3,1018.9,19.4,15.3,77,3.2,100,9.9,60,0.0,0.0,0.1,0
2024-04-08,19,1015.3,1018.9,19.5,14.8,74,3.0,100,8.6,110,0.0,0.0,0.0,0
2024-04-08,20,1015.8,1019.4,19.4,14.7,74,2.6,110,9.4,80,0.0,0.0,0.0,0
2024-04-08,21,1016.1,1019.7,19.6,15.1,75,3.2,100,9.2,110,0.0,0.0,0.0,0
2024-04-08,22,1015.9,1019.5,18.9,16.0,83,2.9,100,9.2,60,T,0.3,0.0,0
2024-04-08,23,1015.2,1018.8,19.4,15.9,80,3.3,100,10.5,130,0.5,0.1,0.0,0
2024-04-08,24,1014.2,1017.8,19.6,16.3,81,3.9,100,9.8,80,0.0,0.0,0.0,0
2024-04-09,1,1013.5,1017.1,19.8,16.6,82,3.6,90,9.6,100,0.0,0.0,0.0,0
2024-04-09,2,1013.1,1016.7,20.0,17.2,84,4.4,90,10.0,60,T,0.1,0.0,0
2024-04-09,3,1013.0,1016.6,20.2,18.0,87,3.8,90,9.6,80,T,0.2,0.0,0
2024-04-09,4,1013.3,1016.9,20.2,18.5,90,3.0,90,9.3,80,T,0.1,0.0,0
2024-04-09,5,1013.5,1017.1,19.8,19.3,97,3.3,90,7.4,70,0.5,0.8,0.0,0
2024-04-09,6,1014.2,1017.8,20.1,19.4,96,3.2,90,7.8,80,0.5,0.5,0.0,0
2024-04-09,7,1014.6,1018.2,20.0,19.3,96,2.6,100,8.0,70,1.5,0.4,0.03,0
2024-04-09,8,1014.7,1018.3,20.4,19.6,95,3.3,90,7.7,80,0.0,0.0,0.19,0
2024-04-09,9,1015.0,1018.6,21.2,20.0,93,2.3,100,8.4,80,T,0.7,0.39,1
2024-04-09,10,1015.1,1018.7,22.3,19.7,85,3.0,90,7.7,100,T,0.5,0.95,3
2024-04-09,11,1015.3,1018.9,22.2,19.8,86,2.2,100,7.8,80,0.5,1.0,0.55,2
2024-04-09,12,1014.7,1018.3,22.2,20.1,88,2.2,100,6.7,80,T,0.9,0.8,3
2024-04-09,13,1013.9,1017.5,22.5,20.0,86,2.2,90,6.6,80,0.0,0.0,0.54,2
2024-04-09,14,1013.4,1017.0,21.5,20.1,92,3.0,90,8.3,90,2.5,0.8,0.48,2
2024-04-09,15,1012.7,1016.3,21.9,20.2,90,2.7,80,7.9,60,0.0,0.0,0.48,1
2024-04-09,16,1012.6,1016.2,22.3,19.9,86,3.1,90,7.4,90,T,0.1,0.33,1
2024-04-09,17,1012.7,1016.3,22.5,19.5,83,2.6,90,7.2,70,0.0,0.0,0.23,0
2024-04-09,18,1012.7,1016.3,22.6,19.2,81,2.9,90,7.4,80,0.0,0.0,0.06,0
2024-04-09,19,1012.8,1016.4,22.7,18.5,77,2.5,90,7.3,80,0.0,0.0,0.0,0
2024-04-09,20,1013.4,1017.0,22.7,18.5,77,2.0,90,6.4,80,0.0,0.0,0.0,0
2024-04-09,21,1013.6,1017.2,22.8,18.6,77,2.3,90,6.0,90,0.0,0.0,0.0,0
2024-04-09,22,1013.8,1017.4,22.8,18.6,77,2.3,90,6.9,90,0.0,0.0,0.0,0
2024-04-09,23,1013.7,1017.3,22.7,18.9,79,1.9,90,5.4,60,0.0,0.0,0.0,0
2024-04-09,24,1013.2,1016.8,22.6,18.8,79,2.1,90,5.2,80,0.0,0.0,0.0,0
2024-04-10,1,1012.8,1016.4,21.7,19.1,85,0.6,140,3.4,90,0.0,0.0,0.0,0
2024-04-10,2,1012.2,1015.8,21.6,19.3,87,1.6,180,3.1,170,0.0,0.0,0.0,0
2024-04-10,3,1011.7,1015.3,20.8,18.9,89,0.9,170,3.2,180,0.0,0.0,0.0,0
2024-04-10,4,1012.1,1015.7,21.2,18.8,86,1.6,140,3.2,150,0.0,0.0,0.0,0
2024-04-10,5,1012.5,1016.1,20.3,18.6,90,1.2,210,4.5,150,0.0,0.0,0.0,0
2024-04-10,6,1012.7,1016.3,20.7,18.8,89,1.1,160,3.4,180,0.0,0.0,0.01,0
2024-04-10,7,1013.2,1016.8,21.4,18.8,85,0.7,150,3.6,170,0.0,0.0,0.25,0
2024-04-10,8,1013.6,1017.2,22.7,19.1,80,0.5,130,3.2,170,0.0,0.0,1.0,1
2024-04-10,9,1013.7,1017.2,25.4,20.7,75,1.3,140,2.5,170,0.0,0.0,1.52,3
2024-04-10,10,1013.6,1017.1,25.6,20.4,73,0.5,180,3.0,150,0.0,0.0,1.5,4
2024-04-10,11,1013.2,1016.7,27.3,20.9,68,1.5,340,3.0,320,0.0,0.0,2.32,6
2024-04-10,12,1012.9,1016.4,27.9,21.0,66,1.1,300,4.5,330,0.0,0.0,2.72,7
2024-04-10,13,1012.3,1015.8,28.0,21.8,69,0.6,280,3.5,320,0.0,0.0,1.86,6
2024-04-10,14,1011.4,1014.9,27.8,22.1,71,3.5,330,6.2,330,0.0,0.0,1.71,4
2024-04-10,15,1010.7,1014.2,28.1,22.6,72,2.7,320,6.1,340,0.0,0.0,1.94,4
2024-04-10,16,1010.4,1013.9,27.6,22.1,72,2.1,320,6.0,330,0.0,0.0,1.5,2
2024-04-10,17,1010.5,1014.0,27.1,22.1,74,1.2,320,4.1,340,0.0,0.0,0.98,1
2024-04-10,18,1010.5,1014.0,25.8,21.3,76,1.6,80,5.2,90,0.0,0.0,0.25,0
2024-04-10,19,1011.0,1014.5,25.1,20.8,77,2.5,50,5.4,40,0.0,0.0,0.0,0
2024-04-10,20,1011.7,1015.2,24.7,20.4,77,1.2,80,5.2,60,0.0,0.0,0.0,0
2024-04-10,21,1012.0,1015.5,24.1,20.4,80,1.5,110,3.2,70,0.0,0.0,0.0,0
2024-04-10,22,1012.1,1015.6,23.7,20.7,83,1.2,90,3.9,100,0.0,0.0,0.0,0
2024-04-10,23,1011.8,1015.3,23.2,20.7,86,1.0,200,2.6,110,0.0,0.0,0.0,0
2024-04-10,24,1010.6,1014.1,22.7,21.0,90,1.1,140,2.9,170,0.0,0.0,0.0,0
2024-04-11,1,1010.2,1013.7,22.4,21.2,93,1.1,210,1.6,210,0.0,0.0,0.0,0
2024-04-11,2,1010.7,1014.2,22.6,21.1,91,1.3,190,2.2,360,0.0,0.0,0.0,0
2024-04-11,3,1010.5,1014.0,22.5,21.1,92,1.4,340,2.9,330,0.0,0.0,0.0,0
2024-04-11,4,1010.1,1013.6,22.7,21.0,90,1.3,170,2.2,150,0.0,0.0,0.0,0
2024-04-11,5,1010.0,1013.5,22.4,20.9,91,1.3,170,2.7,160,0.0,0.0,0.0,0
2024-04-11,6,1010.3,1013.8,22.2,20.7,91,0.9,140,1.9,140,0.0,0.0,0.01,0
2024-04-11,7,1010.7,1014.2,22.9,21.0,89,0.6,140,2.1,180,0.0,0.0,0.16,0
2024-04-11,8,1010.8,1014.3,24.0,21.5,86,0.4,120,1.3,100,0.0,0.0,0.62,1
2024-04-11,9,1010.8,1014.3,25.7,22.6,83,0.7,340,2.6,330,0.0,0.0,1.3,2
2024-04-11,10,1010.2,1013.7,26.8,22.7,78,1.2,250,3.9,240,0.0,0.0,1.76,4
2024-04-11,11,1009.9,1013.4,28.1,22.8,73,0.9,270,4.3,340,0.0,0.0,2.56,6
2024-04-11,12,1009.6,1013.1,28.7,23.6,74,1.6,310,5.5,350,0.0,0.0,2.76,6
2024-04-11,13,1009.2,1012.7,28.6,23.7,75,2.5,330,6.4,340,0.0,0.0,2.11,5
2024-04-11,14,1008.5,1012.0,28.3,23.5,75,1.6,300,6.1,320,0.0,0.0,2.01,4
2024-04-11,15,1007.9,1011.4,28.8,23.3,72,1.6,290,4.7,290,0.0,0.0,1.65,3
2024-04-11,16,1007.6,1011.1,27.9,22.9,74,1.2,330,3.9,330,0.0,0.0,0.54,1
2024-04-11,17,1008.0,1011.5,27.4,22.8,76,1.4,330,4.2,300,0.0,0.0,0.19,0
2024-04-11,18,1008.6,1012.1,26.6,22.7,79,1.0,300,4.2,320,0.0,0.0,0.06,0
2024-04-11,19,1008.4,1011.9,26.2,22.7,81,0.7,210,3.7,360,0.0,0.0,0.0,0
2024-04-11,20,1009.1,1012.6,26.3,22.6,80,0.6,V,2.6,330,0.0,0.0,0.0,0
2024-04-11,21,1009.5,1013.0,25.9,22.4,81,0.9,100,2.9,350,0.0,0.0,0.0,0
2024-04-11,22,1009.7,1013.2,26.0,22.3,80,1.0,320,3.4,350,0.0,0.0,0.0,0
2024-04-11,23,1009.6,1013.1,25.6,22.5,83,0.9,170,2.9,330,0.0,0.0,0.0,0
2024-04-11,24,1009.4,1012.9,24.9,23.0,89,0.7,80,2.3,20,0.0,0.0,0.0,0
2024-04-12,1,1009.2,1012.7,24.9,22.8,88,0.8,80,2.0,10,0.0,0.0,0.0,0
2024-04-12,2,1008.7,1012.2,25.0,23.1,89,0.7,150,1.2,110,0.0,0.0,0.0,0
2024-04-12,3,1008.7,1012.2,24.8,22.9,89,0.9,200,1.8,150,0.0,0.0,0.0,0
2024-04-12,4,1008.4,1011.9,24.6,22.7,89,1.1,170,1.7,170,0.0,0.0,0.0,0
2024-04-12,5,1008.7,1012.2,24.3,22.7,91,0.8,170,2.6,160,0.0,0.0,0.0,0
2024-04-12,6,1009.0,1012.5,24.2,22.6,91,0.7,140,2.0,170,0.0,0.0,0.01,0
2024-04-12,7,1009.1,1012.6,24.7,22.6,88,0.7,140,1.7,100,0.0,0.0,0.15,0
2024-04-12,8,1009.6,1013.1,25.3,23.4,89,0.7,90,2.0,80,0.0,0.0,0.49,1
2024-04-12,9,1009.9,1013.4,26.1,23.2,84,1.1,70,2.4,90,0.0,0.0,0.91,2
2024-04-12,10,1010.1,1013.6,27.2,23.5,80,1.4,110,3.4,360,0.0,0.0,1.13,3
2024-04-12,11,1009.6,1013.1,28.9,23.4,72,1.6,20,4.6,100,0.0,0.0,2.62,6
2024-04-12,12,1009.3,1012.8,28.1,23.5,76,2.8,90,7.1,70,0.0,0.0,2.62,7
2024-04-12,13,1008.5,1012.0,27.8,23.4,77,3.1,90,9.2,100,0.0,0.0,2.56,7
2024-04-12,14,1007.7,1011.2,27.8,23.4,77,3.5,80,8.4,80,0.0,0.0,2.25,6
2024-04-12,15,1007.5,1011.0,28.5,23.7,75,3.0,90,8.4,80,0.0,0.0,2.21,4
2024-04-12,16,1007.6,1011.1,27.7,22.9,75,2.9,90,9.0,80,0.0,0.0,1.61,2
2024-04-12,17,1007.9,1011.4,27.1,22.7,77,2.4,80,8.4,70,0.0,0.0,0.65,1
2024-04-12,18,1008.1,1011.6,26.3,22.6,80,3.5,90,10.3,70,0.0,0.0,0.23,0
2024-04-12,19,1008.3,1011.8,26.0,22.9,83,3.9,90,8.6,90,0.0,0.0,0.01,0
2024-04-12,20,1008.4,1011.9,25.7,23.4,87,2.9,90,7.3,80,0.0,0.0,0.0,0
2024-04-12,21,1008.9,1012.4,25.5,23.6,89,1.5,120,6.6,70,0.0,0.0,0.0,0
2024-04-12,22,1009.6,1013.1,25.7,23.6,88,1.3,150,3.4,110,0.0,0.0,0.0,0
2024-04-12,23,1009.7,1013.2,25.8,23.3,86,0.9,210,2.2,120,0.0,0.0,0.0,0
2024-04-12,24,1009.2,1012.7,25.5,23.2,87,0.8,200,1.4,200,0.0,0.0,0.0,0
2024-04-13,1,1008.9,1012.4,25.3,23.2,88,0.9,190,1.6,180,0.0,0.0,0.0,0
2024-04-13,2,1008.5,1012.0,24.9,23.0,89,1.2,170,2.2,160,0.0,0.0,0.0,0
2024-04-13,3,1008.2,1011.7,24.6,22.9,90,1.7,170,2.6,170,0.0,0.0,0.0,0
2024-04-13,4,1007.9,1011.4,24.1,22.5,91,1.5,160,3.1,180,0.0,0.0,0.0,0
2024-04-13,5,1007.9,1011.4,23.8,22.4,92,0.4,120,2.7,170,0.0,0.0,0.0,0
2024-04-13,6,1008.3,1011.8,23.8,22.2,91,1.0,180,3.1,130,0.0,0.0,0.02,0
2024-04-13,7,1009.4,1012.9,24.4,22.3,88,1.2,210,3.2,140,0.0,0.0,0.32,0
2024-04-13,8,1010.0,1013.5,25.4,23.1,87,1.0,210,2.3,190,0.0,0.0,0.73,1
2024-04-13,9,1010.1,1013.6,27.2,23.7,81,0.5,120,2.1,210,0.0,0.0,1.23,2
2024-04-13,10,1010.0,1013.5,28.2,23.6,76,0.5,220,3.3,310,0.0,0.0,1.87,4
2024-04-13,11,1009.6,1013.1,27.9,23.7,78,2.1,330,5.4,340,0.0,0.0,1.37,3
2024-04-13,12,1009.0,1012.5,27.6,23.8,80,3.0,320,6.8,350,0.0,0.0,1.35,3
2024-04-13,13,1008.3,1011.8,28.2,24.2,79,0.6,180,4.8,330,0.0,0.0,0.77,2
2024-04-13,14,1007.5,1011.0,28.6,24.0,76,1.8,350,4.3,340,0.0,0.0,1.18,3
2024-04-13,15,1007.1,1010.6,28.9,23.8,74,1.4,280,5.7,330,0.0,0.0,1.04,2
2024-04-13,16,1006.9,1010.4,28.5,23.9,76,1.8,290,5.2,260,0.0,0.0,0.89,1
2024-04-13,17,1007.8,1011.3,27.5,23.5,79,1.6,300,5.0,310,0.0,0.0,0.32,0
2024-04-13,18,1007.9,1011.4,26.3,24.2,88,0.7,220,4.3,320,T,0.8,0.03,0
2024-04-13,19,1008.5,1012.0,26.5,24.0,86,0.7,240,3.0,300,0.0,0.0,0.0,0
2024-04-13,20,1008.7,1012.2,26.5,24.0,86,1.7,170,2.8,180,0.0,0.0,0.0,0
2024-04-13,21,1008.9,1012.4,26.2,24.1,88,0.5,200,2.6,200,0.0,0.0,0.0,0
2024-04-13,22,1008.8,1012.3,26.3,24.0,87,0.7,130,1.8,230,0.0,0.0,0.0,0
2024-04-13,23,1008.7,1012.2,25.9,24.0,89,0.8,190,1.7,120,0.0,0.0,0.0,0
2024-04-13,24,1008.2,1011.7,25.3,23.7,91,0.7,110,3.4,170,0.0,0.0,0.0,0
2024-04-14,1,1008.0,1011.5,25.1,23.7,92,1.1,120,1.9,350,0.0,0.0,0.0,0
2024-04-14,2,1008.2,1011.7,25.3,23.5,90,0.8,200,2.8,170,0.0,0.0,0.0,0
2024-04-14,3,1007.8,1011.3,25.0,23.6,92,0.9,150,2.0,180,0.0,0.0,0.0,0
2024-04-14,4,1007.7,1011.2,24.4,23.4,94,0.4,180,1.7,170,0.0,0.0,0.0,0
2024-04-14,5,1007.7,1011.2,24.4,23.5,95,0.9,200,1.5,210,0.0,0.0,0.0,0
2024-04-14,6,1008.4,1011.9,24.5,23.5,94,1.0,150,1.9,160,0.0,0.0,0.01,0
2024-04-14,7,1008.9,1012.4,25.4,23.6,90,0.5,80,1.6,20,0.0,0.0,0.3,0
2024-04-14,8,1009.2,1012.7,27.4,23.9,81,1.5,270,5.0,280,0.0,0.0,0.88,1
2024-04-14,9,1009.7,1013.2,28.5,24.1,77,1.9,290,5.4,260,0.0,0.0,1.28,2
2024-04-14,10,1009.9,1013.4,29.9,24.3,72,1.0,260,5.5,260,0.0,0.0,2.14,4
2024-04-14,11,1009.8,1013.2,30.9,24.1,67,1.9,270,5.2,300,0.0,0.0,2.74,6
2024-04-14,12,1009.4,1012.8,32.2,23.7,61,1.3,290,5.1,280,0.0,0.0,2.93,7
2024-04-14,13,1008.7,1012.1,32.7,22.5,55,2.3,270,6.6,270,0.0,0.0,2.9,7
2024-04-14,14,1007.9,1011.3,33.5,22.6,53,1.5,290,5.7,340,0.0,0.0,2.89,6
2024-04-14,15,1007.6,1011.0,31.7,23.8,63,2.2,340,5.9,340,0.0,0.0,1.76,3
2024-04-14,16,1007.7,1011.1,30.2,23.9,69,2.7,50,6.0,340,0.0,0.0,0.52,1
2024-04-14,17,1008.1,1011.6,29.5,24.2,73,3.2,340,5.8,350,0.0,0.0,0.2,0
2024-04-14,18,1008.8,1012.3,28.8,24.4,77,1.8,340,5.2,330,0.0,0.0,0.1,0
2024-04-14,19,1009.3,1012.8,28.2,24.4,80,0.7,260,4.2,340,0.0,0.0,0.0,0
2024-04-14,20,1009.8,1013.3,27.7,24.8,84,0.8,70,4.0,330,0.0,0.0,0.0,0
2024-04-14,21,1010.5,1014.0,26.9,24.9,89,2.4,80,5.0,100,0.0,0.0,0.0,0
2024-04-14,22,1010.5,1014.0,26.4,24.6,90,2.4,90,5.1,80,0.0,0.0,0.0,0
2024-04-14,23,1010.4,1013.9,26.1,24.5,91,2.2,90,5.4,80,0.0,0.0,0.0,0
2024-04-14,24,1010.0,1013.5,25.9,24.5,92,2.9,100,5.9,50,0.0,0.0,0.0,0
2024-04-15,1,1009.4,1012.9,25.6,24.2,92,2.7,100,6.5,90,0.0,0.0,0.0,0
2024-04-15,2,1008.8,1012.3,25.6,24.2,92,1.8,100,5.5,100,0.0,0.0,0.0,0
2024-04-15,3,1008.6,1012.1,25.7,24.3,92,1.3,160,3.2,90,0.0,0.0,0.0,0
2024-04-15,4,1008.4,1011.9,25.6,24.2,92,0.9,130,2.4,130,0.0,0.0,0.0,0
2024-04-15,5,1008.3,1011.8,25.3,24.1,93,1.0,140,1.8,130,0.0,0.0,0.0,0
2024-04-15,6,1008.6,1012.1,25.3,24.1,93,1.0,150,2.4,130,0.0,0.0,0.02,0
2024-04-15,7,1009.0,1012.5,26.0,24.4,91,0.7,120,1.4,160,0.0,0.0,0.3,0
2024-04-15,8,1008.9,1012.4,27.6,24.7,84,0.5,80,2.8,70,0.0,0.0,0.95,1
2024-04-15,9,1009.5,1013.0,28.2,24.8,82,0.7,320,3.8,350,T,0.3,1.09,2
2024-04-15,10,1008.9,1012.4,28.0,25.1,84,1.2,190,3.1,310,T,0.3,0.78,2
2024-04-15,11,1008.6,1012.1,29.5,25.1,77,1.0,290,3.2,310,T,0.1,1.52,4
2024-04-15,12,1007.6,1011.0,30.3,24.7,72,0.7,310,4.1,340,0.0,0.0,2.51,6
2024-04-15,13,1006.5,1009.9,31.2,24.9,69,1.3,280,4.2,340,0.0,0.0,2.53,6
2024-04-15,14,1006.6,1010.0,30.4,24.8,72,2.9,320,6.7,330,0.0,0.0,1.18,3
2024-04-15,15,1007.1,1010.6,29.1,24.9,78,3.3,320,9.0,350,0.0,0.0,1.32,2
2024-04-15,16,1007.1,1010.6,28.5,24.3,78,3.1,320,8.2,330,0.0,0.0,0.76,1
2024-04-15,17,1007.3,1010.8,28.2,22.9,73,3.0,280,6.9,280,0.0,0.0,0.24,0
2024-04-15,18,1007.9,1011.4,27.9,22.6,73,1.9,300,7.0,290,0.0,0.0,0.09,0
2024-04-15,19,1008.1,1011.6,27.2,23.5,80,1.6,310,6.3,300,0.0,0.0,0.0,0
2024-04-15,20,1008.2,1011.7,26.9,23.8,83,1.7,330,4.7,320,0.0,0.0,0.0,0
2024-04-15,21,1008.7,1012.2,26.9,23.4,81,0.9,330,4.0,330,0.0,0.0,0.0,0
2024-04-15,22,1008.3,1011.8,26.6,23.3,82,0.8,90,2.8,340,0.0,0.0,0.0,0
2024-04-15,23,1007.7,1011.2,25.4,23.6,90,2.5,90,5.3,80,0.0,0.0,0.0,0
2024-04-15,24,1007.4,1010.9,25.1,23.5,91,2.4,70,7.1,90,0.0,0.0,0.0,0
2024-04-16,1,1006.8,1010.3,25.3,23.2,88,1.6,80,6.9,50,0.0,0.0,0.0,0
2024-04-16,2,1006.6,1010.1,25.4,23.5,89,1.1,180,3.7,80,0.0,0.0,0.0,0
2024-04-16,3,1006.8,1010.3,25.6,23.5,88,1.5,200,3.1,170,0.0,0.0,0.0,0
2024-04-16,4,1006.5,1010.0,24.7,22.8,89,1.2,210,3.9,200,0.0,0.0,0.0,0
2024-04-16,5,1007.1,1010.6,24.2,22.5,90,0.6,160,2.1,120,0.0,0.0,0.0,0
2024-04-16,6,1007.9,1011.4,24.5,22.0,86,2.1,160,4.0,160,0.0,0.0,0.03,0
2024-04-16,7,1007.8,1011.3,24.9,22.4,86,0.8,120,2.1,160,0.0,0.0,0.39,0
2024-04-16,8,1007.7,1011.2,26.8,22.7,78,1.2,200,2.3,230,0.0,0.0,1.11,1
2024-04-16,9,1007.3,1010.8,28.3,22.1,69,1.5,180,2.9,170,0.0,0.0,1.92,3
2024-04-16,10,1006.6,1010.0,29.7,21.7,62,2.1,240,5.8,260,0.0,0.0,2.68,5
2024-04-16,11,1006.5,1009.9,30.6,21.7,59,2.9,270,7.0,280,0.0,0.0,2.92,7
2024-04-16,12,1006.1,1009.5,30.5,22.9,64,3.1,300,6.9,300,0.0,0.0,2.2,6
2024-04-16,13,1005.6,1009.0,29.5,23.2,69,3.2,300,7.4,290,0.0,0.0,1.82,5
2024-04-16,14,1004.4,1007.8,29.4,23.1,69,2.4,290,7.5,280,0.0,0.0,0.71,2
2024-04-16,15,1003.6,1007.0,29.6,23.1,68,1.7,300,6.1,290,0.0,0.0,0.45,1
2024-04-16,16,1003.2,1006.6,29.7,23.2,68,2.3,300,7.2,320,0.0,0.0,0.94,1
2024-04-16,17,1004.2,1007.6,28.9,23.1,71,2.9,280,7.5,290,0.0,0.0,0.53,0
2024-04-16,18,1005.6,1009.1,27.6,23.0,76,3.8,270,9.8,300,T,0.5,0.04,0
2024-04-16,19,1005.3,1008.8,27.7,22.4,73,3.8,230,9.8,210,T,0.1,0.0,0
2024-04-16,20,1005.2,1008.7,27.8,21.4,68,3.2,280,8.4,270,0.0,0.0,0.0,0
2024-04-16,21,1005.3,1008.8,27.7,21.7,70,1.9,270,6.5,220,0.0,0.0,0.0,0
2024-04-16,22,1005.8,1009.3,27.2,21.7,72,1.6,210,5.6,290,0.0,0.0,0.0,0
2024-04-16,23,1005.3,1008.8,26.6,22.2,77,0.8,200,2.5,220,0.0,0.0,0.0,0
2024-04-16,24,1005.2,1008.7,26.1,22.4,80,1.2,230,2.0,240,0.0,0.0,0.0,0
2024-04-17,1,1004.5,1008.0,26.9,21.4,72,1.4,200,6.7,280,0.0,0.0,0.0,0
2024-04-17,2,1004.3,1007.8,26.0,21.9,78,0.8,210,2.6,210,0.0,0.0,0.0,0
2024-04-17,3,1004.4,1007.9,26.0,22.5,81,1.1,200,1.6,180,0.0,0.0,0.0,0
2024-04-17,4,1004.3,1007.8,25.7,22.0,80,1.2,210,1.9,200,0.0,0.0,0.0,0
2024-04-17,5,1003.9,1007.4,25.7,22.2,81,1.2,200,2.3,200,0.0,0.0,0.0,0
2024-04-17,6,1004.4,1007.9,26.2,22.1,78,1.0,260,5.0,300,0.0,0.0,0.0,0
2024-04-17,7,1005.8,1009.3,22.8,22.5,98,2.6,310,10.0,340,36.5,0.7,0.0,0
2024-04-17,8,1007.9,1011.4,22.0,21.5,97,4.1,90,9.8,100,30.0,1.0,0.03,0
2024-04-17,9,1008.6,1012.1,21.7,21.2,97,2.0,90,9.6,80,9.5,1.0,0.12,0
2024-04-17,10,1009.1,1012.6,22.1,21.3,95,2.9,120,7.3,70,T,0.8,0.34,1
2024-04-17,11,1008.8,1012.3,22.6,20.5,88,2.7,120,6.4,60,0.0,0.0,0.87,3
2024-04-17,12,1008.3,1011.8,22.8,20.7,88,2.5,100,6.8,90,0.0,0.0,0.62,2
2024-04-17,13,1007.8,1011.3,22.7,19.9,84,3.8,90,8.1,90,0.0,0.0,0.9,3
2024-04-17,14,1007.5,1011.0,23.0,19.8,82,3.4,100,9.7,80,T,0.3,1.1,3
2024-04-17,15,1007.5,1011.0,22.7,19.1,80,4.3,100,9.1,90,0.0,0.0,0.96,2
2024-04-17,16,1007.6,1011.1,22.8,19.2,80,3.0,90,9.5,90,0.0,0.0,0.51,1
2024-04-17,17,1007.9,1011.4,22.6,19.0,80,3.8,90,9.4,90,0.0,0.0,0.29,0
2024-04-17,18,1008.1,1011.6,22.6,19.0,80,4.1,90,10.4,90,0.0,0.0,0.13,0
2024-04-17,19,1008.6,1012.1,22.5,18.7,79,4.1,80,10.3,70,0.0,0.0,0.01,0
2024-04-17,20,1009.0,1012.5,22.3,18.1,77,3.3,90,10.3,90,0.0,0.0,0.0,0
2024-04-17,21,1009.1,1012.6,22.1,18.3,79,3.0,80,10.7,70,0.0,0.0,0.0,0
2024-04-17,22,1008.7,1012.2,21.9,18.1,79,4.4,90,10.4,110,0.0,0.0,0.0,0
2024-04-17,23,1008.4,1011.9,22.0,18.2,79,3.5,80,9.8,80,0.0,0.0,0.0,0
2024-04-17,24,1007.8,1011.3,22.1,18.3,79,3.3,80,9.2,80,0.0,0.0,0.0,0
2024-04-18,1,1007.6,1011.1,22.3,18.7,80,3.0,80,9.1,80,0.0,0.0,0.0,0
2024-04-18,2,1007.3,1010.8,22.6,19.0,80,3.1,90,7.6,80,0.0,0.0,0.0,0
2024-04-18,3,1006.3,1009.8,22.4,19.2,82,2.6,100,6.9,100,0.0,0.0,0.0,0
2024-04-18,4,1006.6,1010.1,22.4,19.4,83,2.2,90,6.1,60,T,0.1,0.0,0
2024-04-18,5,1007.0,1010.5,22.5,19.5,83,2.9,90,7.1,50,0.0,0.0,0.0,0
2024-04-18,6,1007.1,1010.6,22.6,19.6,83,2.5,100,7.3,80,0.0,0.0,0.01,0
2024-04-18,7,1007.6,1011.1,23.1,19.9,82,2.3,90,6.7,70,0.0,0.0,0.2,0
2024-04-18,8,1008.1,1011.6,24.1,20.0,78,2.1,100,6.2,70,0.0,0.0,0.44,1
2024-04-18,9,1008.1,1011.6,25.6,20.9,75,1.7,80,6.4,100,0.0,0.0,1.22,2
2024-04-18,10,1007.8,1011.3,26.9,21.2,71,1.1,120,5.5,80,0.0,0.0,1.61,3
2024-04-18,11,1007.0,1010.5,26.8,20.7,69,3.3,120,5.6,100,0.0,0.0,0.99,3
2024-04-18,12,1006.1,1009.6,27.8,21.6,69,3.0,120,6.3,110,0.0,0.0,1.42,4
2024-04-18,13,1005.2,1008.7,28.8,21.3,64,3.4,120,7.1,110,0.0,0.0,3.37,9
2024-04-18,14,1004.6,1008.0,29.0,21.3,63,2.7,150,6.7,110,0.0,0.0,2.76,7
2024-04-18,15,1004.6,1008.1,28.5,20.8,63,2.7,150,5.6,130,0.0,0.0,1.2,3
2024-04-18,16,1005.0,1008.5,27.9,21.0,66,2.1,160,5.1,140,0.0,0.0,0.38,1
2024-04-18,17,1005.9,1009.4,25.6,23.1,86,3.3,170,5.4,170,0.5,0.5,0.07,0
2024-04-18,18,1006.6,1010.1,25.0,23.1,89,2.1,160,4.8,180,0.5,0.5,0.01,0
2024-04-18,19,1007.2,1010.7,25.1,23.2,89,1.4,140,3.2,100,T,0.1,0.0,0
2024-04-18,20,1006.5,1010.0,24.6,23.2,92,1.6,160,4.4,170,0.0,0.0,0.0,0
2024-04-18,21,1006.3,1009.8,24.6,23.0,91,2.2,140,4.6,120,0.0,0.0,0.0,0
2024-04-18,22,1007.1,1010.6,24.9,22.8,88,1.2,360,3.7,340,0.0,0.0,0.0,0
2024-04-18,23,1006.4,1009.9,24.5,22.2,87,0.7,150,3.5,10,0.0,0.0,0.0,0
2024-04-18,24,1006.2,1009.7,24.3,22.4,89,0.8,160,3.3,150,0.0,0.0,0.0,0
2024-04-19,1,1006.1,1009.6,23.8,22.1,90,1.8,170,3.7,150,0.0,0.0,0.0,0
2024-04-19,2,1005.3,1008.8,23.6,21.7,89,1.4,170,3.4,120,0.0,0.0,0.0,0
2024-04-19,3,1005.4,1008.9,23.4,21.9,91,1.1,170,3.3,160,0.0,0.0,0.0,0
2024-04-19,4,1004.6,1008.1,23.5,21.6,89,0.6,150,2.3,160,0.0,0.0,0.0,0
2024-04-19,5,1004.7,1008.2,23.3,21.6,90,1.4,170,2.8,160,0.0,0.0,0.0,0
2024-04-19,6,1005.0,1008.5,23.2,21.5,90,1.3,170,3.7,160,0.0,0.0,0.02,0
2024-04-19,7,1005.3,1008.8,23.7,21.6,88,1.4,140,3.0,100,0.0,0.0,0.23,0
2024-04-19,8,1005.8,1009.3,24.7,21.8,84,1.6,140,3.0,130,0.0,0.0,0.65,1
2024-04-19,9,1006.2,1009.7,26.0,22.5,81,1.0,150,2.9,110,0.0,0.0,1.32,3
2024-04-19,10,1006.6,1010.1,28.6,23.1,72,0.7,300,3.3,310,0.0,0.0,2.49,6
2024-04-19,11,1006.0,1009.4,30.0,21.7,61,0.9,260,4.5,310,0.0,0.0,2.92,8
2024-04-19,12,1005.0,1008.4,31.6,21.5,55,1.0,330,5.6,300,0.0,0.0,3.06,8
2024-04-19,13,1004.4,1007.8,32.1,23.1,59,2.4,280,5.9,290,0.0,0.0,2.92,8
2024-04-19,14,1004.1,1007.5,31.0,22.6,61,1.2,280,5.8,300,0.0,0.0,1.47,4
2024-04-19,15,1004.2,1007.6,30.2,21.6,60,2.0,270,6.8,280,0.0,0.0,0.45,1
2024-04-19,16,1003.9,1007.4,28.5,22.0,68,2.5,120,5.5,310,0.0,0.0,0.17,0
2024-04-19,17,1004.0,1007.5,27.8,22.5,73,2.1,100,5.0,100,0.0,0.0,0.09,0
2024-04-19,18,1004.6,1008.1,28.0,22.5,72,1.5,100,4.5,90,0.0,0.0,0.07,0
2024-04-19,19,1005.7,1009.2,27.3,24.2,83,2.4,360,4.3,350,T,0.1,0.0,0
2024-04-19,20,1007.0,1010.5,25.3,25.0,98,1.1,140,3.6,340,4.5,0.9,0.0,0
2024-04-19,21,1007.3,1010.8,24.8,24.5,98,1.4,120,4.3,150,0.5,0.2,0.0,0
2024-04-19,22,1007.3,1010.8,25.1,24.8,98,1.6,150,2.7,150,0.0,0.0,0.0,0
2024-04-19,23,1006.8,1010.3,24.8,24.3,97,1.6,160,3.5,140,0.0,0.0,0.0,0
2024-04-19,24,1005.9,1009.4,24.2,23.9,98,1.0,70,4.4,140,0.0,0.0,0.0,0
2024-04-20,1,1005.5,1009.0,23.9,23.6,98,0.7,120,2.5,100,0.0,0.0,0.0,0
2024-04-20,2,1005.7,1009.2,24.0,23.3,96,1.3,150,3.5,160,0.0,0.0,0.0,0
2024-04-20,3,1005.4,1008.9,23.5,23.0,97,1.2,150,3.4,170,0.0,0.0,0.0,0
2024-04-20,4,1005.0,1008.5,23.5,22.5,94,1.5,130,3.2,120,0.0,0.0,0.0,0
2024-04-20,5,1004.8,1008.3,23.3,22.6,96,0.7,140,4.0,120,0.0,0.0,0.0,0
2024-04-20,6,1005.2,1008.7,23.3,22.5,95,1.1,150,2.6,160,0.0,0.0,0.04,0
2024-04-20,7,1006.0,1009.5,24.1,22.9,93,0.4,130,2.4,120,0.0,0.0,0.41,0
2024-04-20,8,1006.9,1010.4,25.4,23.1,87,0.5,270,2.1,360,0.0,0.0,0.63,1
2024-04-20,9,1008.3,1011.8,26.6,22.5,78,1.4,250,3.2,240,0.0,0.0,1.06,2
2024-04-20,10,1008.0,1011.5,27.4,22.6,75,2.5,160,4.3,160,0.0,0.0,1.67,4
2024-04-20,11,1007.7,1011.2,29.1,22.6,68,1.6,210,4.5,170,0.0,0.0,2.2,6
2024-04-20,12,1006.9,1010.4,29.2,22.7,68,1.8,170,4.5,140,0.0,0.0,2.29,6
2024-04-20,13,1006.6,1010.0,29.9,24.5,73,2.3,320,4.8,330,0.0,0.0,2.15,6
2024-04-20,14,1006.0,1009.4,30.6,25.2,73,2.2,330,5.8,340,0.0,0.0,2.36,6
2024-04-20,15,1006.1,1009.5,30.1,24.7,73,3.2,330,6.7,330,0.0,0.0,2.54,5
2024-04-20,16,1006.1,1009.6,29.4,24.7,76,2.8,320,6.8,340,0.0,0.0,1.61,2
2024-04-20,17,1006.6,1010.1,28.2,23.4,75,3.2,320,6.9,330,0.0,0.0,0.81,1
2024-04-20,18,1007.2,1010.7,27.5,22.9,76,1.7,330,7.1,320,0.0,0.0,0.22,0
2024-04-20,19,1007.8,1011.3,27.1,22.3,75,1.4,350,5.2,350,0.0,0.0,0.01,0
2024-04-20,20,1008.2,1011.7,27.1,22.5,76,1.1,360,3.6,10,0.0,0.0,0.0,0
2024-04-20,21,1008.2,1011.7,26.8,22.4,77,0.8,100,2.5,360,0.0,0.0,0.0,0
2024-04-20,22,1008.4,1011.9,26.8,22.4,77,1.1,120,3.4,140,0.0,0.0,0.0,0
2024-04-20,23,1007.7,1011.2,26.7,22.8,79,1.4,130,2.4,130,0.0,0.0,0.0,0
2024-04-20,24,1007.1,1010.6,26.6,22.2,77,2.0,100,4.3,70,0.0,0.0,0.0,0
2024-04-21,1,1006.4,1009.9,26.4,22.1,77,1.1,120,4.3,80,0.0,0.0,0.0,0
2024-04-21,2,1005.8,1009.3,25.6,22.3,82,0.9,130,2.0,230,0.0,0.0,0.0,0
2024-04-21,3,1005.8,1009.3,25.7,22.2,81,0.9,140,3.0,160,0.0,0.0,0.0,0
2024-04-21,4,1005.9,1009.4,25.5,22.0,81,0.8,190,2.7,160,0.0,0.0,0.0,0
2024-04-21,5,1006.1,1009.6,25.2,22.3,84,1.4,220,2.8,160,0.0,0.0,0.0,0
2024-04-21,6,1006.3,1009.8,25.1,21.8,82,1.0,170,2.1,240,0.0,0.0,0.04,0
2024-04-21,7,1006.4,1009.9,25.2,21.3,79,1.4,170,2.8,170,0.0,0.0,0.35,0
2024-04-21,8,1006.9,1010.4,26.2,22.5,80,1.0,190,2.0,170,0.0,0.0,0.58,1
2024-04-21,9,1006.8,1010.3,26.6,23.3,82,1.0,130,3.0,120,0.0,0.0,0.67,1
2024-04-21,10,1007.0,1010.5,27.7,23.7,79,0.6,120,2.6,100,0.0,0.0,0.92,2
2024-04-21,11,1007.5,1011.0,28.7,23.2,72,0.6,210,2.4,260,0.0,0.0,1.25,3
2024-04-21,12,1006.8,1010.3,27.0,25.2,90,0.8,250,3.2,310,T,0.9,0.41,1
2024-04-21,13,1006.4,1009.9,27.4,25.2,88,1.0,290,4.8,280,T,0.5,0.57,2
2024-04-21,14,1005.6,1009.1,27.5,23.8,80,0.8,280,6.0,320,0.0,0.0,0.51,1
2024-04-21,15,1005.1,1008.6,27.7,23.9,80,0.5,240,3.9,300,0.0,0.0,0.43,1
2024-04-21,16,1005.1,1008.6,27.7,24.2,81,0.6,260,3.1,260,0.0,0.0,0.34,1
2024-04-21,17,1005.0,1008.5,27.2,24.9,87,0.5,V,2.7,10,T,0.7,0.19,0
2024-04-21,18,1004.9,1008.4,26.9,24.6,87,0.4,200,2.9,340,T,0.8,0.08,0
2024-04-21,19,1005.5,1009.0,26.8,24.8,89,0.7,320,2.3,360,T,0.2,0.0,0
2024-04-21,20,1006.1,1009.6,26.7,24.6,88,1.7,80,3.3,80,T,0.1,0.0,0
2024-04-21,21,1006.7,1010.2,26.0,24.6,92,2.8,100,5.0,70,T,0.1,0.0,0
2024-04-21,22,1007.1,1010.6,25.9,24.1,90,1.8,120,5.0,140,0.0,0.0,0.0,0
2024-04-21,23,1006.7,1010.2,25.7,23.9,90,1.7,80,3.4,100,0.5,0.0,0.0,0
2024-04-21,24,1006.2,1009.7,25.5,23.9,91,1.3,90,3.6,70,0.0,0.0,0.0,0
2024-04-22,1,1005.8,1009.3,25.2,24.0,93,1.5,100,4.7,100,0.0,0.0,0.0,0
2024-04-22,2,1005.4,1008.9,24.9,24.2,96,1.2,120,3.7,120,T,0.1,0.0,0
2024-04-22,3,1005.2,1008.7,24.9,24.0,95,0.8,100,4.0,100,T,0.1,0.0,0
2024-04-22,4,1004.8,1008.3,24.8,23.9,95,1.5,90,5.0,100,T,0.2,0.0,0
2024-04-22,5,1005.1,1008.6,24.6,24.1,97,1.9,350,4.9,80,T,0.5,0.0,0
2024-04-22,6,1004.4,1007.9,23.9,23.4,97,0.9,130,4.6,160,2.0,0.8,0.0,0
2024-04-22,7,1005.4,1008.9,23.6,23.1,97,0.7,90,4.0,320,T,0.1,0.01,0
2024-04-22,8,1005.4,1008.9,25.5,24.8,96,1.2,120,2.8,90,0.0,0.0,0.51,1
2024-04-22,9,1005.8,1009.3,26.5,24.4,88,1.5,140,4.6,110,0.0,0.0,1.35,3
2024-04-22,10,1004.9,1008.4,26.8,24.1,85,0.8,130,2.7,80,0.0,0.0,1.55,3
2024-04-22,11,1005.1,1008.6,26.9,23.4,81,1.0,200,2.4,230,0.0,0.0,0.42,1
2024-04-22,12,1004.8,1008.3,28.7,22.0,67,0.7,200,2.4,310,0.0,0.0,1.2,4
2024-04-22,13,1004.0,1007.5,28.5,22.7,71,0.8,260,3.7,290,0.0,0.0,0.99,3
2024-04-22,14,1003.4,1006.8,29.3,23.7,72,0.6,210,4.4,350,0.0,0.0,1.22,3
2024-04-22,15,1003.1,1006.5,29.5,21.7,63,1.2,220,4.3,340,0.0,0.0,1.48,3
2024-04-22,16,1003.3,1006.7,29.4,20.3,58,1.4,290,5.0,290,0.0,0.0,0.48,1
2024-04-22,17,1003.0,1006.4,29.1,20.8,61,1.3,280,8.1,310,T,0.1,0.45,1
2024-04-22,18,1004.8,1008.3,28.6,22.8,71,3.3,290,10.0,290,0.0,0.0,0.19,0
2024-04-22,19,1004.8,1008.3,28.1,23.3,75,1.0,270,9.7,290,0.0,0.0,0.0,0
2024-04-22,20,1005.8,1009.3,27.9,22.9,74,0.8,240,4.4,290,0.0,0.0,0.0,0
2024-04-22,21,1006.6,1010.1,27.5,23.8,80,1.8,280,5.1,280,0.0,0.0,0.0,0
2024-04-22,22,1006.5,1010.0,27.2,23.7,81,0.6,280,5.5,290,0.0,0.0,0.0,0
2024-04-22,23,1006.8,1010.3,27.2,23.9,82,0.7,280,4.6,300,0.0,0.0,0.0,0
2024-04-22,24,1006.9,1010.4,25.6,22.7,84,1.1,280,7.8,290,T,0.2,0.0,0
2024-04-23,1,1006.4,1009.9,25.4,22.5,84,0.9,230,2.7,250,0.0,0.0,0.0,0
2024-04-23,2,1006.1,1009.6,24.7,23.5,93,0.5,220,2.7,300,0.5,0.3,0.0,0
2024-04-23,3,1005.4,1008.9,24.2,23.7,97,0.5,170,1.9,240,T,0.2,0.0,0
2024-04-23,4,1005.2,1008.7,24.1,23.8,98,1.0,50,1.8,340,T,0.5,0.0,0
2024-04-23,5,1006.2,1009.7,23.7,23.4,98,1.5,180,3.2,170,4.0,0.9,0.0,0
2024-04-23,6,1005.9,1009.4,23.2,22.9,98,2.5,90,7.3,60,5.0,1.0,0.01,0
2024-04-23,7,1006.9,1010.4,22.3,21.8,97,2.1,100,9.4,100,3.0,0.9,0.07,0
2024-04-23,8,1008.1,1011.7,21.4,20.9,97,3.2,80,10.9,70,8.0,1.0,0.1,0
2024-04-23,9,1008.5,1012.1,20.9,20.1,95,4.2,90,10.6,80,6.0,1.0,0.14,0
2024-04-23,10,1008.9,1012.5,20.0,19.3,96,3.8,90,10.6,70,4.5,1.0,0.14,0
2024-04-23,11,1009.2,1012.8,19.8,19.3,97,2.7,90,10.7,90,6.5,1.0,0.4,1
2024-04-23,12,1009.4,1013.0,19.9,19.4,97,2.5,90,8.9,90,3.5,1.0,0.4,1
2024-04-23,13,1008.8,1012.4,20.2,18.9,92,4.2,90,11.9,80,T,0.4,1.03,4
2024-04-23,14,1008.3,1011.9,20.1,18.1,88,4.7,90,12.7,100,0.0,0.0,0.91,3
2024-04-23,15,1007.8,1011.4,20.3,18.1,87,4.3,90,11.9,80,0.0,0.0,0.74,2
2024-04-23,16,1007.3,1010.9,19.9,17.9,88,3.7,90,11.7,80,T,0.2,0.29,1
2024-04-23,17,1007.9,1011.5,19.2,18.5,96,3.5,90,10.6,80,4.5,0.4,0.11,0
2024-04-23,18,1008.2,1011.8,19.4,18.7,96,3.5,100,8.3,80,0.5,0.6,0.06,0
2024-04-23,19,1008.4,1012.0,19.8,19.0,95,3.3,90,8.9,80,0.5,0.7,0.0,0
2024-04-23,20,1008.6,1012.2,20.0,19.2,95,3.4,90,9.0,90,T,0.1,0.0,0
2024-04-23,21,1009.0,1012.6,20.4,19.4,94,2.4,90,8.0,80,0.0,0.0,0.0,0
2024-04-23,22,1009.1,1012.7,20.7,19.5,93,2.9,90,7.5,120,0.0,0.0,0.0,0
2024-04-23,23,1008.8,1012.4,21.1,19.4,90,3.2,90,8.0,80,0.0,0.0,0.0,0
2024-04-23,24,1008.2,1011.8,21.1,19.6,91,2.5,90,7.7,100,0.0,0.0,0.0,0
2024-04-24,1,1007.3,1010.9,21.2,19.7,91,2.9,90,7.4,100,0.0,0.0,0.0,0
2024-04-24,2,1006.2,1009.7,21.4,19.9,91,2.2,90,6.9,80,0.0,0.0,0.0,0
2024-04-24,3,1005.6,1009.1,21.4,20.1,92,3.0,90,6.6,100,0.0,0.0,0.0,0
2024-04-24,4,1005.9,1009.4,21.7,20.3,92,1.7,120,5.6,70,0.0,0.0,0.0,0
2024-04-24,5,1007.1,1010.6,22.0,20.5,91,1.2,140,4.0,100,0.0,0.0,0.0,0
2024-04-24,6,1007.6,1011.2,20.8,20.5,98,0.8,200,2.5,220,2.0,0.7,0.0,0
2024-04-24,7,1008.0,1011.6,20.8,20.5,98,1.7,170,3.2,160,2.0,0.8,0.06,0
2024-04-24,8,1007.2,1010.8,21.0,20.7,98,1.2,120,4.7,160,0.5,0.5,0.1,0
2024-04-24,9,1006.7,1010.2,22.3,21.8,97,0.8,160,3.7,170,0.0,0.0,0.5,1
2024-04-24,10,1005.7,1009.2,23.3,22.1,93,1.7,140,2.6,160,0.0,0.0,0.75,2
2024-04-24,11,1005.5,1009.0,25.4,22.9,86,0.4,120,2.6,110,0.0,0.0,1.61,5
2024-04-24,12,1005.5,1009.0,26.8,23.3,81,1.0,190,2.7,250,0.0,0.0,1.99,6
2024-04-24,13,1005.2,1008.7,27.3,23.6,80,1.2,220,2.2,90,0.0,0.0,1.53,5
2024-04-24,14,1005.3,1008.8,26.8,23.1,80,1.4,300,4.9,320,0.0,0.0,1.0,3
2024-04-24,15,1004.8,1008.3,26.2,22.9,82,1.6,290,5.2,340,0.0,0.0,0.49,1
2024-04-24,16,1005.2,1008.7,26.0,22.5,81,1.1,280,4.5,300,0.0,0.0,0.32,1
2024-04-24,17,1004.9,1008.4,24.8,22.9,89,0.8,180,3.2,320,T,0.3,0.22,0
2024-04-24,18,1004.9,1008.4,24.3,23.3,94,1.0,140,2.0,220,0.5,1.0,0.04,0
2024-04-24,19,1005.7,1009.2,23.9,23.4,97,1.1,200,1.7,120,T,0.8,0.0,0
2024-04-24,20,1006.0,1009.5,23.7,23.4,98,1.1,210,2.1,220,1.0,1.0,0.0,0
2024-04-24,21,1006.4,1009.9,23.3,23.0,98,0.8,200,2.2,120,1.0,0.9,0.0,0
2024-04-24,22,1006.4,1009.9,23.2,22.9,98,1.8,160,3.7,160,2.5,1.0,0.0,0
2024-04-24,23,1005.0,1008.5,23.0,22.7,98,0.8,90,3.0,40,0.5,0.8,0.0,0
2024-04-24,24,1004.4,1007.9,22.9,22.7,99,0.9,60,2.6,40,0.5,0.7,0.0,0
2024-04-25,1,1003.7,1007.2,22.8,22.6,99,1.6,160,3.1,160,1.0,0.9,0.0,0
2024-04-25,2,1004.2,1007.7,22.7,22.5,99,0.5,230,2.4,260,T,0.2,0.0,0
2024-04-25,3,1003.7,1007.2,22.2,22.0,99,1.7,160,3.1,170,0.0,0.0,0.0,0
2024-04-25,4,1003.8,1007.3,22.0,21.7,98,0.8,210,3.5,150,0.0,0.0,0.0,0
2024-04-25,5,1003.5,1007.0,22.1,21.6,97,1.5,170,3.2,160,0.0,0.0,0.0,0
2024-04-25,6,1003.7,1007.2,21.9,21.6,98,1.0,140,3.0,160,0.0,0.0,0.05,0
2024-04-25,7,1003.7,1007.2,22.8,22.0,95,0.8,110,3.3,180,0.0,0.0,0.49,0
2024-04-25,8,1004.0,1007.5,24.2,22.6,91,1.0,160,2.4,160,0.0,0.0,1.05,1
2024-04-25,9,1003.8,1007.3,26.0,22.5,81,1.0,130,2.3,130,0.0,0.0,1.79,3
2024-04-25,10,1003.2,1006.7,27.0,22.6,77,0.7,140,2.2,90,0.0,0.0,2.08,5
2024-04-25,11,1003.2,1006.7,25.3,23.7,91,1.0,350,2.7,310,T,0.3,0.23,1
2024-04-25,12,1004.2,1007.7,24.3,23.8,97,0.5,V,3.1,320,1.5,1.0,0.04,0
2024-04-25,13,1005.1,1008.6,23.7,23.2,97,1.1,270,4.1,220,6.5,1.0,0.05,0
2024-04-25,14,1002.0,1005.5,23.1,22.8,98,1.8,140,7.0,160,20.5,1.0,0.32,1
2024-04-25,15,1000.8,1004.3,24.0,23.3,96,1.0,100,3.4,130,T,0.2,0.85,2
2024-04-25,16,1000.3,1003.8,25.0,23.1,89,0.8,140,2.3,170,0.0,0.0,0.81,2
2024-04-25,17,1000.6,1004.1,25.3,23.4,89,1.6,80,3.3,80,0.0,0.0,0.67,1
2024-04-25,18,1001.5,1005.0,25.1,23.7,92,1.6,100,3.7,90,0.0,0.0,0.11,0
2024-04-25,19,1002.5,1006.0,24.5,23.3,93,2.5,90,6.5,60,0.0,0.0,0.01,0
2024-04-25,20,1003.4,1006.9,24.3,23.3,94,2.3,110,6.6,90,0.0,0.0,0.0,0
2024-04-25,21,1003.9,1007.4,24.2,23.2,94,2.0,110,5.4,100,0.0,0.0,0.0,0
2024-04-25,22,1004.2,1007.7,23.7,23.0,96,1.0,100,4.6,130,0.0,0.0,0.0,0
2024-04-25,23,1004.1,1007.6,23.2,22.7,97,0.8,170,2.8,100,0.0,0.0,0.0,0
2024-04-25,24,1004.0,1007.5,23.0,22.5,97,1.4,180,2.4,160,0.0,0.0,0.0,0
2024-04-26,1,1003.9,1007.4,23.0,22.0,94,1.1,160,3.0,130,0.0,0.0,0.0,0
2024-04-26,2,1003.8,1007.3,22.9,22.2,96,0.8,200,3.0,140,0.0,0.0,0.0,0
2024-04-26,3,1003.3,1006.8,22.7,22.2,97,0.9,170,2.5,160,0.0,0.0,0.0,0
2024-04-26,4,1003.5,1007.0,22.8,22.1,96,1.4,150,3.5,180,0.0,0.0,0.0,0
2024-04-26,5,1004.1,1007.6,22.6,21.9,96,0.7,140,2.8,180,0.0,0.0,0.0,0
2024-04-26,6,1004.6,1008.1,22.8,22.1,96,0.9,170,3.1,160,0.0,0.0,0.04,0
2024-04-26,7,1005.3,1008.8,23.5,22.1,92,0.7,150,3.3,120,0.0,0.0,0.32,0
2024-04-26,8,1006.7,1010.2,24.1,22.4,90,0.9,220,2.4,220,0.0,0.0,0.34,1
2024-04-26,9,1006.5,1010.0,25.4,22.3,83,0.6,160,1.7,100,0.0,0.0,0.94,2
2024-04-26,10,1006.4,1009.9,26.9,22.5,77,0.8,V,2.5,240,0.0,0.0,1.47,4
2024-04-26,11,1006.2,1009.7,28.2,23.1,74,1.2,250,5.4,230,0.0,0.0,2.38,6
2024-04-26,12,1005.5,1009.0,28.7,22.5,69,2.2,250,4.7,270,0.0,0.0,1.97,6
2024-04-26,13,1005.1,1008.6,28.4,24.2,78,2.3,320,6.2,340,0.0,0.0,1.58,5
2024-04-26,14,1004.8,1008.3,27.9,24.1,80,2.5,340,6.5,350,0.0,0.0,1.65,5
2024-04-26,15,1004.4,1007.9,26.6,24.8,90,0.9,270,5.5,340,T,0.9,0.57,2
2024-04-26,16,1004.1,1007.6,26.8,24.7,88,1.4,350,3.7,330,0.5,0.4,0.65,1
2024-04-26,17,1004.1,1007.6,26.5,24.0,86,2.5,80,5.9,100,0.0,0.0,0.31,1
2024-04-26,18,1004.7,1008.2,26.0,23.7,87,1.4,80,7.9,100,0.0,0.0,0.18,0
2024-04-26,19,1006.2,1009.7,25.7,23.6,88,1.7,80,5.5,60,0.0,0.0,0.01,0
2024-04-26,20,1007.2,1010.7,25.2,24.0,93,1.5,130,3.1,100,T,0.4,0.0,0
2024-04-26,21,1007.5,1011.0,25.4,23.8,91,1.5,90,3.4,80,0.0,0.0,0.0,0
2024-04-26,22,1008.2,1011.7,25.4,24.0,92,1.0,150,3.4,90,T,0.1,0.0,0
2024-04-26,23,1007.8,1011.3,25.1,23.7,92,1.4,130,3.0,170,0.0,0.0,0.0,0
2024-04-26,24,1007.4,1010.9,24.8,23.8,94,0.8,120,3.6,120,0.0,0.0,0.0,0
2024-04-27,1,1007.5,1011.0,24.8,23.4,92,1.3,140,3.9,160,0.0,0.0,0.0,0
2024-04-27,2,1006.4,1009.9,24.7,23.5,93,1.6,130,2.8,100,0.0,0.0,0.0,0
2024-04-27,3,1005.4,1008.9,24.6,23.2,92,1.0,160,4.4,170,0.0,0.0,0.0,0
2024-04-27,4,1004.4,1007.9,24.6,23.2,92,2.2,140,4.4,60,0.0,0.0,0.0,0
2024-04-27,5,1004.0,1007.5,24.9,23.0,89,1.8,70,4.8,100,0.0,0.0,0.0,0
2024-04-27,6,1005.5,1009.0,24.7,23.3,92,1.0,240,4.5,320,0.0,0.0,0.04,0
2024-04-27,7,1007.0,1010.5,25.4,23.5,89,1.9,220,4.2,160,0.0,0.0,0.29,0
2024-04-27,8,1007.4,1010.9,25.3,23.5,90,0.9,290,3.7,240,T,0.5,0.22,0
2024-04-27,9,1008.5,1012.0,25.6,24.0,91,1.3,250,3.8,260,0.5,0.9,0.57,1
2024-04-27,10,1009.1,1012.6,25.6,24.4,93,1.7,290,4.8,290,T,0.7,0.62,2
2024-04-27,11,1009.6,1013.1,25.8,22.1,80,2.6,260,7.3,280,0.5,1.0,1.27,4
2024-04-27,12,1008.4,1011.9,25.5,22.2,82,2.2,230,6.6,250,T,1.0,1.11,4
2024-04-27,13,1006.3,1009.8,26.4,22.7,80,0.5,40,3.2,260,0.0,0.0,1.44,5
2024-04-27,14,1003.9,1007.3,29.0,22.0,66,0.9,80,3.3,50,0.0,0.0,2.34,6
2024-04-27,15,1003.4,1006.8,30.2,19.9,54,1.2,10,3.9,40,0.0,0.0,2.16,5
2024-04-27,16,1003.2,1006.6,31.0,18.7,48,1.3,160,3.3,240,0.0,0.0,1.37,2
2024-04-27,17,1003.4,1006.8,30.4,19.5,52,0.6,110,2.4,50,0.0,0.0,1.06,1
2024-04-27,18,1004.4,1007.8,29.0,20.2,59,1.1,50,3.3,330,0.0,0.0,0.28,0
2024-04-27,19,1005.2,1008.7,28.2,19.7,60,1.2,320,3.9,330,0.0,0.0,0.01,0
2024-04-27,20,1006.4,1009.9,27.0,21.1,70,1.1,360,2.6,310,0.0,0.0,0.0,0
2024-04-27,21,1007.0,1010.5,26.4,21.8,76,1.5,150,3.6,140,0.0,0.0,0.0,0
2024-04-27,22,1007.0,1010.5,25.6,22.1,81,1.3,180,3.7,150,0.0,0.0,0.0,0
2024-04-27,23,1007.1,1010.6,25.0,21.9,83,1.7,160,3.5,160,0.0,0.0,0.0,0
2024-04-27,24,1006.7,1010.2,24.5,21.6,84,2.5,160,4.2,170,0.0,0.0,0.0,0
2024-04-28,1,1006.9,1010.4,24.0,21.5,86,0.9,220,4.6,170,0.0,0.0,0.0,0
2024-04-28,2,1006.9,1010.4,24.1,20.8,82,1.2,150,2.8,180,0.0,0.0,0.0,0
2024-04-28,3,1006.1,1009.6,23.6,20.9,85,2.1,160,3.7,180,0.0,0.0,0.0,0
2024-04-28,4,1005.9,1009.4,23.7,20.5,82,1.1,130,4.0,160,0.0,0.0,0.0,0
2024-04-28,5,1005.7,1009.2,23.3,20.5,84,0.8,140,3.7,170,0.0,0.0,0.0,0
2024-04-28,6,1006.4,1009.9,23.4,20.7,85,0.9,200,3.6,180,0.0,0.0,0.04,0
2024-04-28,7,1006.9,1010.4,24.2,21.1,83,0.5,190,2.9,220,0.0,0.0,0.42,0
2024-04-28,8,1007.2,1010.7,27.4,21.9,72,1.0,290,6.2,240,0.0,0.0,1.35,2
2024-04-28,9,1006.7,1010.2,29.5,22.5,66,1.6,230,3.7,220,0.0,0.0,2.11,4
2024-04-28,10,1006.4,1009.8,31.9,21.2,53,2.0,260,5.1,280,0.0,0.0,2.76,6
2024-04-28,11,1005.5,1008.9,33.2,21.7,51,2.0,290,8.0,300,0.0,0.0,3.24,8
2024-04-28,12,1004.6,1008.0,34.1,20.9,46,3.2,290,9.1,290,0.0,0.0,3.45,9
2024-04-28,13,1003.7,1007.1,34.7,19.9,42,3.0,280,10.5,310,0.0,0.0,3.33,8
2024-04-28,14,1003.5,1006.9,34.5,19.8,42,3.7,280,11.1,290,0.0,0.0,3.1,6
2024-04-28,15,1002.6,1006.0,34.1,21.2,47,3.4,290,9.9,290,0.0,0.0,2.33,4
2024-04-28,16,1002.9,1006.3,32.9,22.1,53,2.6,290,8.1,300,0.0,0.0,1.69,2
2024-04-28,17,1003.1,1006.5,32.2,20.5,50,1.7,300,7.0,290,0.0,0.0,0.75,1
2024-04-28,18,1003.0,1006.4,31.4,20.7,53,1.2,280,5.1,330,0.0,0.0,0.31,0
2024-04-28,19,1003.4,1006.8,29.5,22.2,65,1.6,340,4.3,340,0.0,0.0,0.01,0
2024-04-28,20,1004.2,1007.7,28.8,22.3,68,2.1,360,5.2,340,0.0,0.0,0.0,0
2024-04-28,21,1005.2,1008.7,28.8,23.3,72,1.4,350,4.2,360,0.0,0.0,0.0,0
2024-04-28,22,1005.1,1008.6,28.2,22.9,73,1.2,110,4.3,50,0.0,0.0,0.0,0
2024-04-28,23,1004.4,1007.9,27.8,23.4,77,1.8,100,4.6,90,0.0,0.0,0.0,0
2024-04-28,24,1004.3,1007.8,27.9,23.5,77,1.2,90,4.5,110,0.0,0.0,0.0,0
2024-04-29,1,1004.0,1007.5,27.6,23.4,78,0.5,90,4.0,110,0.0,0.0,0.0,0
2024-04-29,2,1003.6,1007.1,27.4,23.2,78,0.7,260,3.9,330,0.0,0.0,0.0,0
2024-04-29,3,1003.3,1006.8,27.0,23.5,81,1.4,240,3.7,280,0.0,0.0,0.0,0
2024-04-29,4,1003.3,1006.8,26.4,23.7,85,1.1,200,3.0,270,0.0,0.0,0.0,0
2024-04-29,5,1003.6,1007.1,25.9,23.6,87,0.9,140,3.0,120,0.0,0.0,0.0,0
2024-04-29,6,1003.4,1006.9,25.7,23.4,87,1.3,160,2.8,160,0.0,0.0,0.05,0
2024-04-29,7,1002.9,1006.4,26.6,23.7,84,1.3,140,3.6,140,0.0,0.0,0.45,0
2024-04-29,8,1002.9,1006.3,28.6,23.7,75,0.6,130,2.0,130,0.0,0.0,1.15,1
2024-04-29,9,1002.4,1005.8,30.2,23.7,68,0.9,200,2.9,90,0.0,0.0,1.91,3
2024-04-29,10,1002.0,1005.4,31.3,22.9,61,0.8,160,3.0,190,0.0,0.0,2.46,5
2024-04-29,11,1001.7,1005.1,33.2,22.4,53,1.2,280,4.2,310,0.0,0.0,3.06,7
2024-04-29,12,1000.5,1003.9,32.1,23.1,59,3.5,340,6.7,10,0.0,0.0,2.66,7
2024-04-29,13,1001.1,1004.5,32.0,23.6,61,3.4,340,7.8,340,0.0,0.0,2.26,5
2024-04-29,14,1000.8,1004.2,32.1,23.7,61,5.7,290,10.3,280,0.0,0.0,1.51,3
2024-04-29,15,1001.4,1004.9,27.7,22.4,73,5.3,320,14.1,270,0.0,0.0,1.31,3
2024-04-29,16,1004.3,1007.8,24.7,21.2,81,3.5,270,12.2,290,T,0.2,0.19,0
2024-04-29,17,1003.6,1007.1,23.3,22.5,95,2.6,210,7.3,280,4.5,0.9,0.12,0
2024-04-29,18,1003.3,1006.8,23.9,21.8,88,2.1,190,7.7,250,T,0.9,0.12,0
2024-04-29,19,1004.0,1007.5,24.2,22.5,90,1.1,340,3.4,320,0.0,0.0,0.0,0
2024-04-29,20,1004.8,1008.3,27.6,18.9,59,5.0,270,11.1,260,0.0,0.0,0.01,0
2024-04-29,21,1005.9,1009.4,27.0,18.9,61,3.8,240,9.5,250,T,0.1,0.0,0
2024-04-29,22,1003.2,1006.7,26.9,18.8,61,2.5,240,8.0,260,0.0,0.0,0.0,0
2024-04-29,23,1001.4,1004.9,26.8,19.2,63,1.2,310,4.6,320,0.0,0.0,0.0,0
2024-04-29,24,1002.0,1005.5,26.4,19.8,67,1.5,340,3.6,340,0.0,0.0,0.0,0
2024-04-30,1,1004.2,1007.7,27.0,21.8,73,3.6,310,11.1,320,T,0.1,0.0,0
2024-04-30,2,1004.3,1007.8,25.5,22.8,85,0.9,330,6.9,300,0.5,0.8,0.0,0
2024-04-30,3,1004.6,1008.1,24.1,23.4,96,0.7,290,3.3,260,0.5,0.7,0.0,0
2024-04-30,4,1004.5,1008.0,23.7,20.8,84,1.3,310,5.2,330,T,0.9,0.0,0
2024-04-30,5,1003.5,1007.0,23.0,20.9,88,1.8,320,7.3,340,1.0,0.7,0.0,0
2024-04-30,6,1003.2,1006.7,24.3,20.0,77,2.6,320,6.2,330,0.0,0.0,0.01,0
2024-04-30,7,1004.4,1007.9,25.3,19.5,70,1.8,320,7.0,320,0.0,0.0,0.21,0
2024-04-30,8,1006.0,1009.5,26.0,21.2,75,1.3,200,5.5,320,0.0,0.0,0.49,1
2024-04-30,9,1006.6,1010.1,26.7,22.1,76,1.0,310,6.6,330,0.0,0.0,0.72,1
2024-04-30,10,1006.9,1010.4,26.2,21.4,75,0.9,300,4.8,350,0.0,0.0,0.94,2
2024-04-30,11,1007.0,1010.5,26.7,20.6,69,2.2,320,5.7,340,0.0,0.0,1.85,5
2024-04-30,12,1006.8,1010.3,26.8,20.2,67,2.4,320,6.1,320,0.0,0.0,1.3,4
2024-04-30,13,1006.5,1010.0,24.9,21.0,79,2.7,100,5.4,350,0.0,0.0,0.4,1
2024-04-30,14,1006.5,1010.0,24.7,20.6,78,2.7,90,6.5,80,0.0,0.0,0.23,1
2024-04-30,15,1006.5,1010.0,23.4,20.0,81,2.9,90,10.0,110,T,0.3,0.18,1
2024-04-30,16,1007.0,1010.5,22.6,19.8,84,3.4,80,10.5,90,T,1.0,0.13,0
2024-04-30,17,1008.1,1011.6,21.6,20.1,91,2.3,110,9.0,100,2.5,1.0,0.1,0
2024-04-30,18,1009.0,1012.6,21.4,19.9,91,2.3,80,8.0,100,1.5,0.9,0.04,0
2024-04-30,19,1009.2,1012.8,21.2,19.5,90,3.0,100,9.5,90,1.0,0.6,0.0,0
2024-04-30,20,1009.0,1012.6,21.3,19.4,89,3.5,100,10.0,70,T,0.1,0.0,0
2024-04-30,21,1009.7,1013.3,21.3,19.4,89,2.4,100,8.2,70,T,0.1,0.0,0
2024-04-30,22,1010.0,1013.6,21.3,19.1,87,2.9,100,9.0,70,T,0.2,0.0,0
2024-04-30,23,1009.9,1013.5,20.8,19.1,90,3.3,110,8.1,110,0.5,0.4,0.0,0
2024-04-30,24,1009.9,1013.5,21.0,19.1,89,2.8,90,9.5,80,T,0.2,0.0,0
2024-05-01,1,1009.9,1013.5,21.3,19.1,87,2.5,90,7.4,90,T,0.1,0.0,0
2024-05-01,2,1009.4,1013.0,21.2,19.1,88,2.1,100,6.6,80,T,0.5,0.0,0
2024-05-01,3,1009.4,1013.0,20.8,19.6,93,2.4,120,5.7,90,0.5,0.9,0.0,0
2024-05-01,4,1009.2,1012.8,20.6,19.6,94,2.9,110,8.4,100,3.0,1.0,0.0,0
2024-05-01,5,1009.7,1013.3,20.5,19.7,95,1.9,100,6.0,90,5.0,1.0,0.0,0
2024-05-01,6,1010.4,1014.0,20.7,19.7,94,2.0,100,5.4,110,1.0,0.5,0.01,0
2024-05-01,7,1011.1,1014.7,20.8,19.6,93,2.3,90,6.6,80,T,0.5,0.06,0
2024-05-01,8,1011.7,1015.3,21.0,19.8,93,2.0,110,6.5,80,T,0.5,0.1,0
2024-05-01,9,1011.8,1015.4,21.4,19.7,90,3.1,110,6.9,110,T,0.3,0.27,1
2024-05-01,10,1012.0,1015.6,21.3,19.2,88,2.5,90,7.9,90,T,0.3,0.29,1
2024-05-01,11,1011.5,1015.1,21.9,18.9,83,3.5,90,10.4,60,0.0,0.0,0.88,3
2024-05-01,12,1010.6,1014.1,23.2,19.2,78,4.4,90,11.0,60,0.0,0.0,2.29,7
2024-05-01,13,1010.2,1013.7,22.8,19.0,79,3.1,80,10.6,90,0.0,0.0,1.93,6
2024-05-01,14,1010.1,1013.6,22.8,18.8,78,3.4,80,10.0,80,0.0,0.0,0.94,3
2024-05-01,15,1010.3,1013.8,22.4,18.8,80,3.4,100,10.5,80,0.0,0.0,0.81,2
2024-05-01,16,1010.4,1014.0,21.9,18.7,82,3.6,100,9.0,80,0.0,0.0,0.51,1
2024-05-01,17,1010.9,1014.5,21.7,18.3,81,3.4,90,9.4,90,0.0,0.0,0.14,0
2024-05-01,18,1011.2,1014.8,21.6,18.4,82,2.3,90,9.0,70,T,0.1,0.04,0
2024-05-01,19,1011.9,1015.5,21.5,18.1,81,3.6,90,8.2,90,0.0,0.0,0.0,0
2024-05-01,20,1012.0,1015.6,21.4,17.6,79,4.0,100,9.4,80,0.0,0.0,0.0,0
2024-05-01,21,1012.5,1016.1,21.5,17.5,78,2.8,90,9.1,100,0.0,0.0,0.0,0
2024-05-01,22,1012.7,1016.3,21.5,16.9,75,2.7,100,9.0,90,0.0,0.0,0.0,0
2024-05-01,23,1012.4,1016.0,21.6,17.0,75,2.6,80,7.8,80,0.0,0.0,0.0,0
2024-05-01,24,1011.3,1014.9,21.7,17.1,75,3.2,100,7.7,80,0.0,0.0,0.0,0
2024-05-02,1,1011.2,1014.8,21.4,17.2,77,2.6,80,7.2,80,0.0,0.0,0.0,0
2024-05-02,2,1010.9,1014.5,21.5,17.3,77,1.5,110,7.5,100,0.0,0.0,0.0,0
2024-05-02,3,1010.4,1014.0,21.6,17.0,75,3.1,110,7.7,110,0.0,0.0,0.0,0
2024-05-02,4,1010.7,1014.3,21.4,17.2,77,2.2,90,6.1,70,0.0,0.0,0.0,0
2024-05-02,5,1010.8,1014.4,21.2,17.4,79,2.4,90,7.1,90,0.0,0.0,0.0,0
2024-05-02,6,1011.1,1014.7,21.4,17.6,79,3.6,90,8.9,70,0.0,0.0,0.07,0
2024-05-02,7,1011.0,1014.6,22.0,17.8,77,3.8,90,9.1,80,0.0,0.0,0.54,0
2024-05-02,8,1011.4,1014.9,23.5,18.6,74,3.9,90,11.0,70,0.0,0.0,1.3,2
2024-05-02,9,1011.4,1014.9,24.2,18.4,70,4.4,90,12.0,80,0.0,0.0,2.08,4
2024-05-02,10,1011.2,1014.7,24.8,18.7,69,4.6,90,11.6,90,0.0,0.0,2.48,6
2024-05-02,11,1011.2,1014.7,25.0,19.4,71,5.4,90,11.3,40,0.0,0.0,3.2,9
2024-05-02,12,1010.7,1014.2,25.5,20.1,72,2.4,60,11.9,90,0.0,0.0,3.38,10
2024-05-02,13,1010.1,1013.6,25.7,20.1,71,5.6,90,12.8,70,0.0,0.0,3.32,10
2024-05-02,14,1009.4,1012.9,25.2,19.6,71,5.3,80,11.9,80,0.0,0.0,2.93,8
2024-05-02,15,1009.0,1012.5,25.7,19.8,70,3.8,100,12.7,100,0.0,0.0,2.67,6
2024-05-02,16,1009.0,1012.5,24.6,19.5,73,4.0,90,11.1,100,0.0,0.0,1.94,3
2024-05-02,17,1009.2,1012.7,23.8,19.5,77,4.4,80,12.2,60,0.0,0.0,1.13,1
2024-05-02,18,1009.9,1013.4,23.2,19.8,81,4.6,90,12.5,80,0.0,0.0,0.29,0
2024-05-02,19,1010.3,1013.8,22.8,19.8,83,4.2,90,10.5,80,0.0,0.0,0.01,0
2024-05-02,20,1010.4,1013.9,22.6,20.0,85,3.9,80,9.4,70,0.0,0.0,0.0,0
2024-05-02,21,1010.2,1013.7,22.9,20.3,85,3.4,90,10.0,60,0.0,0.0,0.0,0
2024-05-02,22,1010.2,1013.7,23.2,20.4,84,4.4,90,10.7,90,0.0,0.0,0.0,0
2024-05-02,23,1009.7,1013.2,23.2,20.7,86,4.0,90,10.1,60,0.0,0.0,0.0,0
2024-05-02,24,1009.4,1012.9,23.3,21.0,87,3.7,90,9.2,90,0.0,0.0,0.0,0
2024-05-03,1,1009.1,1012.6,23.3,21.2,88,3.9,90,10.3,90,0.0,0.0,0.0,0
2024-05-03,2,1008.6,1012.1,23.2,21.3,89,3.1,90,9.0,80,0.0,0.0,0.0,0
2024-05-03,3,1008.3,1011.8,23.2,21.3,89,3.3,90,8.6,90,0.0,0.0,0.0,0
2024-05-03,4,1008.2,1011.7,23.2,21.3,89,3.1,90,8.7,80,0.0,0.0,0.0,0
2024-05-03,5,1008.4,1011.9,23.2,21.3,89,3.5,90,9.4,70,0.0,0.0,0.0,0
2024-05-03,6,1008.3,1011.8,23.3,21.4,89,3.3,90,9.0,90,0.0,0.0,0.08,0
2024-05-03,7,1008.6,1012.1,24.0,21.7,87,2.5,90,9.3,80,0.0,0.0,0.45,0
2024-05-03,8,1008.7,1012.2,25.4,22.5,84,2.8,90,7.2,120,0.0,0.0,1.05,1
2024-05-03,9,1008.6,1012.1,26.3,22.6,80,2.9,90,9.0,80,0.0,0.0,1.64,3
2024-05-03,10,1007.9,1011.4,28.4,23.3,74,2.6,90,7.8,70,0.0,0.0,2.25,6
2024-05-03,11,1007.4,1010.9,29.2,23.4,71,2.7,100,7.9,80,0.0,0.0,3.23,9
2024-05-03,12,1006.8,1010.2,30.5,23.4,66,2.3,90,6.5,110,0.0,0.0,3.37,10
2024-05-03,13,1005.8,1009.2,31.6,22.4,58,2.0,110,6.6,80,0.0,0.0,3.25,9
2024-05-03,14,1005.1,1008.5,31.9,21.8,55,2.0,110,6.0,30,0.0,0.0,2.7,7
2024-05-03,15,1005.0,1008.4,30.5,21.9,60,2.7,130,5.9,100,0.0,0.0,1.06,3
2024-05-03,16,1005.3,1008.7,29.8,23.5,69,1.7,280,5.8,300,T,0.5,0.6,1
2024-05-03,17,1005.7,1009.2,27.5,24.2,82,2.1,150,5.5,310,T,0.5,0.21,0
2024-05-03,18,1006.2,1009.7,27.2,24.1,83,2.8,170,4.5,180,T,0.1,0.22,0
2024-05-03,19,1006.5,1010.0,27.1,23.2,79,1.0,160,4.0,160,0.0,0.0,0.02,0
2024-05-03,20,1007.1,1010.6,26.8,23.1,80,1.6,170,3.6,160,0.0,0.0,0.0,0
2024-05-03,21,1007.5,1011.0,26.3,23.0,82,1.5,160,3.5,180,0.0,0.0,0.0,0
2024-05-03,22,1007.5,1011.0,25.8,23.3,86,1.6,170,4.2,180,0.0,0.0,0.0,0
2024-05-03,23,1007.0,1010.5,25.6,22.9,85,1.6,170,2.7,170,0.0,0.0,0.0,0
2024-05-03,24,1006.4,1009.9,25.3,22.6,85,1.1,140,3.0,170,0.0,0.0,0.0,0
2024-05-04,1,1006.0,1009.5,25.0,22.7,87,1.8,160,3.2,180,0.0,0.0,0.0,0
2024-05-04,2,1005.3,1008.8,24.9,22.2,85,1.3,150,3.2,170,0.0,0.0,0.0,0
2024-05-04,3,1004.7,1008.2,24.8,22.3,86,0.8,170,2.7,160,0.0,0.0,0.0,0
2024-05-04,4,1005.2,1008.7,24.9,22.4,86,1.2,220,2.4,160,0.0,0.0,0.0,0
2024-05-04,5,1005.9,1009.4,24.6,22.3,87,1.1,200,2.4,240,0.0,0.0,0.0,0
2024-05-04,6,1006.8,1010.3,24.9,22.2,85,0.9,200,2.4,270,0.0,0.0,0.03,0
2024-05-04,7,1007.5,1011.0,25.3,22.2,83,1.2,220,2.3,210,0.0,0.0,0.19,0
2024-05-04,8,1007.8,1011.3,26.2,22.5,80,1.0,160,2.6,140,0.0,0.0,0.82,1
2024-05-04,9,1008.0,1011.5,27.2,23.0,78,0.7,210,2.1,260,0.0,0.0,1.47,3
2024-05-04,10,1008.0,1011.5,28.0,22.9,74,0.5,240,2.5,270,0.0,0.0,1.19,3
2024-05-04,11,1007.6,1011.1,27.8,23.0,75,0.3,190,3.0,280,T,0.3,0.57,2
2024-05-04,12,1007.8,1011.3,28.1,23.7,77,0.8,270,3.2,260,T,1.0,0.8,3
2024-05-04,13,1006.7,1010.2,28.3,23.2,74,1.9,200,3.6,180,T,0.5,1.06,4
2024-05-04,14,1005.5,1008.9,29.7,20.9,59,0.7,60,3.4,220,0.0,0.0,2.18,6
2024-05-04,15,1005.4,1008.8,31.0,20.9,55,0.9,260,4.4,310,0.0,0.0,2.25,5
2024-05-04,16,1004.8,1008.2,30.2,22.7,64,1.7,360,4.3,340,0.0,0.0,1.31,3
2024-05-04,17,1004.9,1008.3,30.8,22.4,61,0.7,280,3.6,360,0.0,0.0,0.51,1
2024-05-04,18,1005.6,1009.1,28.7,23.8,75,1.9,340,5.2,350,0.0,0.0,0.29,0
2024-05-04,19,1006.3,1009.8,27.6,23.8,80,1.7,80,5.6,70,0.0,0.0,0.01,0
2024-05-04,20,1006.6,1010.1,27.1,24.0,83,1.7,80,6.6,80,0.0,0.0,0.0,0
2024-05-04,21,1006.9,1010.4,26.9,24.0,84,1.4,90,4.4,100,0.0,0.0,0.0,0
2024-05-04,22,1007.3,1010.8,26.6,24.1,86,0.8,30,3.1,50,0.0,0.0,0.0,0
2024-05-04,23,1007.6,1011.1,26.9,24.0,84,0.9,190,2.3,10,0.0,0.0,0.0,0
2024-05-04,24,1007.7,1011.2,26.7,23.6,83,0.9,200,1.8,190,0.0,0.0,0.0,0
2024-05-05,1,1007.0,1010.5,26.4,23.7,85,1.0,150,2.1,150,0.0,0.0,0.0,0
2024-05-05,2,1006.5,1010.0,25.9,23.2,85,1.1,190,3.0,170,0.0,0.0,0.0,0
2024-05-05,3,1006.4,1009.9,25.7,22.4,82,1.6,160,2.5,170,0.0,0.0,0.0,0
2024-05-05,4,1006.9,1010.4,25.5,22.0,81,1.1,160,3.3,160,0.0,0.0,0.0,0
2024-05-05,5,1007.2,1010.7,25.2,22.1,83,1.1,170,2.4,180,0.0,0.0,0.0,0
2024-05-05,6,1007.7,1011.2,25.5,22.2,82,0.7,200,3.2,160,0.0,0.0,0.08,0
2024-05-05,7,1008.1,1011.6,26.6,23.1,81,0.9,250,3.0,160,0.0,0.0,0.52,0
2024-05-05,8,1008.3,1011.8,28.9,23.4,72,1.1,280,6.0,270,0.0,0.0,1.35,2
2024-05-05,9,1008.6,1012.0,30.4,22.8,64,3.2,280,7.4,290,0.0,0.0,1.91,4
2024-05-05,10,1008.7,1012.1,30.4,23.4,66,2.2,270,6.1,290,0.0,0.0,2.05,5
2024-05-05,11,1008.7,1012.1,31.6,22.6,59,3.2,290,6.9,310,0.0,0.0,2.34,6
2024-05-05,12,1008.6,1012.0,30.5,23.2,65,3.8,330,8.3,300,0.0,0.0,2.83,8
2024-05-05,13,1008.1,1011.5,31.4,23.0,61,4.1,320,9.4,340,0.0,0.0,2.74,8
2024-05-05,14,1007.7,1011.2,29.8,23.3,68,3.0,320,8.6,320,0.0,0.0,2.77,7
2024-05-05,15,1007.5,1011.0,29.2,23.2,70,4.1,310,8.6,320,0.0,0.0,2.24,5
2024-05-05,16,1007.5,1011.0,28.8,22.8,70,1.2,300,6.7,310,0.0,0.0,0.78,2
2024-05-05,17,1007.9,1011.4,28.9,22.4,68,0.8,280,3.6,350,0.0,0.0,0.48,1
2024-05-05,18,1008.5,1012.0,28.4,22.4,70,1.1,30,3.2,30,0.0,0.0,0.2,0
2024-05-05,19,1009.1,1012.6,26.5,21.9,76,2.5,100,5.9,110,0.0,0.0,0.02,0
2024-05-05,20,1009.8,1013.3,26.1,22.0,78,2.9,80,7.4,80,0.0,0.0,0.0,0
2024-05-05,21,1010.3,1013.8,25.9,22.0,79,2.1,110,6.5,100,0.0,0.0,0.0,0
2024-05-05,22,1010.8,1014.3,25.7,21.8,79,2.2,80,7.8,110,0.0,0.0,0.0,0
2024-05-05,23,1010.5,1014.0,25.5,21.8,80,3.0,90,8.5,60,0.0,0.0,0.0,0
2024-05-05,24,1010.4,1013.9,25.3,22.2,83,2.6,90,8.2,80,0.0,0.0,0.0,0
2024-05-06,1,1010.1,1013.6,25.1,22.2,84,3.0,90,7.5,80,0.0,0.0,0.0,0
2024-05-06,2,1010.0,1013.5,25.0,22.3,85,3.3,90,7.8,90,0.0,0.0,0.0,0
2024-05-06,3,1009.9,1013.4,25.0,22.1,84,3.0,90,8.3,90,0.0,0.0,0.0,0
2024-05-06,4,1009.9,1013.4,24.9,22.0,84,2.6,90,7.5,70,0.0,0.0,0.0,0
2024-05-06,5,1010.5,1014.0,24.7,22.0,85,2.6,90,7.0,80,0.0,0.0,0.0,0
2024-05-06,6,1010.8,1014.3,24.6,22.1,86,2.3,100,7.0,110,0.0,0.0,0.09,0
2024-05-06,7,1011.3,1014.8,25.2,21.7,81,3.8,100,8.4,90,0.0,0.0,0.51,0
2024-05-06,8,1011.8,1015.3,26.3,21.5,75,3.3,90,9.5,90,0.0,0.0,1.16,2
2024-05-06,9,1011.6,1015.1,27.1,20.7,68,4.2,90,9.9,70,0.0,0.0,1.83,4
2024-05-06,10,1011.4,1014.9,28.7,19.6,58,2.4,60,9.5,30,0.0,0.0,2.8,6
2024-05-06,11,1011.0,1014.5,29.3,19.9,57,4.1,90,9.5,90,0.0,0.0,3.27,9
2024-05-06,12,1011.3,1014.8,28.0,18.7,57,3.1,60,9.9,40,0.0,0.0,1.88,6
2024-05-06,13,1011.1,1014.6,28.6,20.4,61,3.1,80,11.8,110,0.0,0.0,2.08,6
2024-05-06,14,1010.3,1013.8,28.0,19.8,61,3.3,80,11.5,70,0.0,0.0,2.51,7
2024-05-06,15,1010.1,1013.6,27.8,19.1,59,3.4,80,11.8,80,0.0,0.0,1.76,4
2024-05-06,16,1009.6,1013.1,26.6,19.0,63,4.0,80,12.4,50,0.0,0.0,1.12,2
2024-05-06,17,1009.8,1013.3,26.2,19.1,65,4.1,90,11.8,70,0.0,0.0,0.37,1
2024-05-06,18,1010.0,1013.5,26.0,18.7,64,4.1,100,10.5,90,0.0,0.0,0.23,0
2024-05-06,19,1010.3,1013.8,25.6,18.1,63,2.8,90,10.4,80,0.0,0.0,0.02,0
2024-05-06,20,1011.0,1014.5,25.4,18.4,65,3.8,90,9.0,80,0.0,0.0,0.0,0
2024-05-06,21,1011.2,1014.7,25.2,18.2,65,3.8,90,9.0,100,0.0,0.0,0.0,0
2024-05-06,22,1011.4,1014.9,25.0,19.2,70,3.4,90,10.1,110,0.0,0.0,0.0,0
2024-05-06,23,1011.1,1014.6,24.8,19.6,73,3.7,90,9.7,100,0.0,0.0,0.0,0
2024-05-06,24,1010.6,1014.1,24.5,20.2,77,3.3,90,10.0,60,0.0,0.0,0.0,0
2024-05-07,1,1010.1,1013.6,24.3,20.2,78,3.3,90,9.5,70,0.0,0.0,0.0,0
2024-05-07,2,1009.8,1013.3,24.5,20.0,76,2.5,90,8.2,90,0.0,0.0,0.0,0
2024-05-07,3,1009.6,1013.1,24.7,19.8,74,3.2,80,7.6,100,0.0,0.0,0.0,0
2024-05-07,4,1009.8,1013.3,24.7,19.8,74,3.1,90,8.2,80,0.0,0.0,0.0,0
2024-05-07,5,1010.1,1013.6,24.7,19.8,74,2.8,90,9.0,70,0.0,0.0,0.0,0
2024-05-07,6,1010.8,1014.3,24.6,20.7,79,3.3,90,8.5,100,0.0,0.0,0.06,0
2024-05-07,7,1011.3,1014.8,24.8,20.7,78,3.5,90,9.5,60,0.0,0.0,0.36,0
2024-05-07,8,1011.4,1014.9,25.7,20.3,72,3.3,90,9.7,90,0.0,0.0,0.77,1
2024-05-07,9,1011.6,1015.1,27.1,20.5,67,3.0,90,8.9,70,0.0,0.0,2.06,4
2024-05-07,10,1011.7,1015.2,28.0,20.1,62,4.6,80,11.8,320,0.0,0.0,2.7,6
2024-05-07,11,1011.5,1015.0,28.1,20.9,65,3.8,70,9.8,40,0.0,0.0,2.74,7
2024-05-07,12,1011.6,1015.1,27.5,20.1,64,4.2,100,12.9,80,0.0,0.0,3.04,8
2024-05-07,13,1011.4,1014.9,27.7,20.3,64,3.4,60,11.5,80,0.0,0.0,3.08,8
2024-05-07,14,1011.3,1014.8,27.5,20.1,64,3.8,70,12.8,40,0.0,0.0,2.69,7
2024-05-07,15,1011.5,1015.0,26.5,19.2,64,5.4,90,14.6,70,0.0,0.0,2.57,5
2024-05-07,16,1011.9,1015.4,26.2,17.0,57,4.5,80,13.2,90,0.0,0.0,1.89,3
2024-05-07,17,1011.9,1015.4,25.6,18.1,63,4.3,90,13.2,90,0.0,0.0,1.05,1
2024-05-07,18,1012.7,1016.2,25.1,16.3,58,3.2,90,14.0,90,0.0,0.0,0.35,0
2024-05-07,19,1013.3,1016.8,24.6,16.1,59,2.9,80,13.8,110,0.0,0.0,0.02,0
2024-05-07,20,1013.9,1017.4,24.2,14.0,53,2.7,120,10.7,120,0.0,0.0,0.0,0
2024-05-07,21,1014.1,1017.6,23.9,14.3,55,2.4,110,7.9,120,0.0,0.0,0.0,0
2024-05-07,22,1014.6,1018.1,23.6,15.4,60,2.5,120,6.6,120,0.0,0.0,0.0,0
2024-05-07,23,1014.8,1018.4,23.3,15.9,63,3.0,110,7.3,100,0.0,0.0,0.0,0
2024-05-07,24,1014.4,1018.0,23.1,15.7,63,3.3,100,7.6,90,0.0,0.0,0.0,0
2024-05-08,1,1014.4,1018.0,22.8,14.9,61,3.5,100,9.7,100,0.0,0.0,0.0,0
2024-05-08,2,1014.3,1017.9,22.5,14.1,59,3.7,110,8.8,110,0.0,0.0,0.0,0
2024-05-08,3,1014.2,1017.8,22.0,13.6,59,2.8,90,8.4,110,0.0,0.0,0.0,0
2024-05-08,4,1014.4,1018.0,21.7,13.6,60,2.3,90,6.9,100,0.0,0.0,0.0,0
2024-05-08,5,1014.4,1018.0,21.2,13.7,62,1.7,100,6.9,80,0.0,0.0,0.0,0
2024-05-08,6,1014.6,1018.2,21.3,14.0,63,3.2,100,8.1,90,0.0,0.0,0.1,0
2024-05-08,7,1015.0,1018.6,21.9,14.8,64,3.5,100,9.3,100,0.0,0.0,0.74,0
2024-05-08,8,1015.6,1019.2,22.8,14.4,59,3.9,90,11.3,100,0.0,0.0,1.34,2
2024-05-08,9,1015.8,1019.4,23.7,14.7,57,3.6,90,10.6,110,0.0,0.0,2.17,4
2024-05-08,10,1015.6,1019.1,24.3,13.2,50,4.3,90,11.8,70,0.0,0.0,2.71,6
2024-05-08,11,1015.2,1018.7,25.0,12.9,47,4.6,80,11.5,80,0.0,0.0,3.36,8
2024-05-08,12,1014.6,1018.1,25.0,13.3,48,3.6,70,13.0,40,0.0,0.0,3.72,10
2024-05-08,13,1013.6,1017.1,25.4,13.6,48,3.7,90,13.0,110,0.0,0.0,3.65,10
2024-05-08,14,1012.9,1016.4,26.2,15.0,50,3.5,60,12.1,90,0.0,0.0,3.37,8
2024-05-08,15,1012.5,1016.0,25.4,15.2,53,4.0,90,14.2,90,0.0,0.0,2.88,6
2024-05-08,16,1012.4,1015.9,24.3,15.8,59,4.9,90,12.5,90,0.0,0.0,1.97,3
2024-05-08,17,1012.7,1016.2,23.7,16.0,62,4.2,90,13.6,80,0.0,0.0,0.92,1
2024-05-08,18,1013.3,1016.8,23.1,16.4,66,4.8,90,12.0,80,0.0,0.0,0.48,0
2024-05-08,19,1013.8,1017.4,22.9,16.5,67,3.2,90,11.7,80,0.0,0.0,0.02,0
2024-05-08,20,1014.0,1017.6,22.6,16.4,68,3.9,100,11.7,90,0.0,0.0,0.0,0
2024-05-08,21,1014.5,1018.1,22.5,16.8,70,4.4,90,10.0,70,0.0,0.0,0.0,0
2024-05-08,22,1014.6,1018.2,22.6,17.1,71,3.5,90,8.9,90,0.0,0.0,0.0,0
2024-05-08,23,1014.4,1018.0,22.4,17.1,72,4.5,100,11.1,80,0.0,0.0,0.0,0
2024-05-08,24,1013.5,1017.1,22.3,17.5,74,3.7,80,10.6,70,0.0,0.0,0.0,0
2024-05-09,1,1012.7,1016.3,22.1,17.5,75,3.7,90,10.7,90,0.0,0.0,0.0,0
2024-05-09,2,1012.1,1015.7,22.3,17.9,76,3.5,90,10.7,80,0.0,0.0,0.0,0
2024-05-09,3,1012.0,1015.6,22.5,18.3,77,3.4,90,9.5,100,0.0,0.0,0.0,0
2024-05-09,4,1012.0,1015.5,22.8,18.4,76,3.1,90,8.9,90,0.0,0.0,0.0,0
2024-05-09,5,1012.3,1015.8,23.0,18.1,74,3.0,90,8.1,70,0.0,0.0,0.0,0
2024-05-09,6,1012.2,1015.7,23.2,17.9,72,2.6,100,7.3,70,0.0,0.0,0.11,0
2024-05-09,7,1012.9,1016.4,24.1,17.1,65,3.2,90,7.2,80,0.0,0.0,0.52,0
2024-05-09,8,1013.1,1016.6,25.4,17.4,61,2.0,90,6.5,90,0.0,0.0,1.0,1
2024-05-09,9,1013.2,1016.7,27.3,17.5,55,2.6,90,7.0,80,0.0,0.0,1.63,3
2024-05-09,10,1012.9,1016.4,29.5,18.0,50,1.6,120,7.8,80,0.0,0.0,2.92,7
2024-05-09,11,1012.5,1016.0,30.1,16.9,45,2.6,90,6.5,120,0.0,0.0,3.37,9
2024-05-09,12,1012.0,1015.5,30.8,17.2,44,3.3,110,6.7,90,0.0,0.0,3.6,10
2024-05-09,13,1011.2,1014.6,31.5,17.8,44,2.5,70,6.1,130,0.0,0.0,3.58,10
2024-05-09,14,1010.5,1013.9,31.3,17.6,44,2.5,100,6.4,120,0.0,0.0,3.25,8
2024-05-09,15,1010.3,1013.7,31.6,17.5,43,1.9,120,6.4,110,0.0,0.0,2.69,6
2024-05-09,16,1010.4,1013.8,30.9,18.3,47,3.7,330,6.9,350,0.0,0.0,1.71,3
2024-05-09,17,1010.5,1014.0,30.0,17.8,48,3.1,330,6.2,320,0.0,0.0,1.15,1
2024-05-09,18,1010.8,1014.3,29.1,17.3,49,1.5,320,5.3,340,0.0,0.0,0.43,0
2024-05-09,19,1011.4,1014.9,28.7,17.3,50,0.8,360,3.8,310,0.0,0.0,0.02,0
2024-05-09,20,1012.0,1015.5,27.1,19.0,61,1.5,140,3.6,140,0.0,0.0,0.0,0
2024-05-09,21,1012.6,1016.1,26.2,19.1,65,2.1,120,3.6,120,0.0,0.0,0.0,0
2024-05-09,22,1012.5,1016.0,25.6,19.3,68,1.4,120,3.7,100,0.0,0.0,0.0,0
2024-05-09,23,1012.2,1015.7,25.5,18.9,67,2.1,150,4.0,150,0.0,0.0,0.0,0
2024-05-09,24,1011.2,1014.7,25.1,19.0,69,1.4,170,3.6,140,0.0,0.0,0.0,0
2024-05-10,1,1010.4,1013.9,24.8,19.2,71,0.6,170,2.4,130,0.0,0.0,0.0,0
2024-05-10,2,1010.0,1013.5,24.7,19.1,71,1.3,210,1.9,250,0.0,0.0,0.0,0
2024-05-10,3,1010.4,1013.9,24.7,19.1,71,1.6,170,2.6,150,0.0,0.0,0.0,0
2024-05-10,4,1010.7,1014.2,24.5,19.1,72,1.1,200,3.2,160,0.0,0.0,0.0,0
2024-05-10,5,1011.2,1014.7,24.4,19.0,72,2.0,170,3.6,160,0.0,0.0,0.0,0
2024-05-10,6,1011.8,1015.3,24.3,19.6,75,1.0,200,3.2,160,0.0,0.0,0.07,0
2024-05-10,7,1012.7,1016.2,24.7,19.8,74,1.2,200,2.5,220,0.0,0.0,0.36,0
2024-05-10,8,1013.0,1016.5,26.0,20.4,71,0.6,V,2.6,210,0.0,0.0,0.86,1
2024-05-10,9,1013.0,1016.5,26.0,21.0,74,1.6,220,3.4,200,0.0,0.0,0.71,2
2024-05-10,10,1012.6,1016.1,27.0,21.3,71,1.2,260,3.7,320,0.0,0.0,1.5,4
2024-05-10,11,1012.0,1015.5,28.8,22.1,67,1.3,180,4.1,320,0.0,0.0,2.44,6
2024-05-10,12,1011.1,1014.6,29.9,21.3,60,1.1,250,4.2,320,0.0,0.0,2.37,7
2024-05-10,13,1010.4,1013.9,30.2,22.1,62,1.5,330,5.7,350,0.0,0.0,2.0,6
2024-05-10,14,1009.6,1013.0,30.7,21.8,59,1.4,300,5.7,340,0.0,0.0,2.55,6
2024-05-10,15,1009.4,1012.9,30.3,22.5,63,3.2,340,5.6,340,0.0,0.0,1.22,3
2024-05-10,16,1009.2,1012.7,30.1,22.0,62,2.1,320,6.6,340,0.0,0.0,1.89,2
2024-05-10,17,1008.8,1012.3,29.5,21.5,62,0.8,290,5.4,350,0.0,0.0,1.17,1
2024-05-10,18,1008.9,1012.4,28.7,21.0,63,0.9,110,4.1,320,0.0,0.0,0.44,0
2024-05-10,19,1008.9,1012.4,28.1,21.7,68,1.4,90,3.8,60,0.0,0.0,0.02,0
2024-05-10,20,1009.6,1013.1,27.8,21.8,70,1.6,90,3.4,100,0.0,0.0,0.0,0
2024-05-10,21,1009.9,1013.4,27.6,20.9,67,1.3,140,2.8,150,0.0,0.0,0.0,0
2024-05-10,22,1010.1,1013.6,27.2,20.8,68,0.9,150,2.8,150,0.0,0.0,0.0,0
2024-05-10,23,1010.0,1013.5,26.8,20.9,70,1.3,170,2.5,180,0.0,0.0,0.0,0
2024-05-10,24,1009.6,1013.1,26.4,21.0,72,1.3,180,2.6,170,0.0,0.0,0.0,0
2024-05-11,1,1009.4,1012.9,26.2,20.8,72,1.0,190,1.7,140,0.0,0.0,0.0,0
2024-05-11,2,1009.4,1012.9,25.8,20.8,74,1.9,170,2.7,160,0.0,0.0,0.0,0
2024-05-11,3,1008.8,1012.3,25.6,20.6,74,1.2,200,3.4,170,0.0,0.0,0.0,0
2024-05-11,4,1008.7,1012.2,25.2,20.5,75,2.0,170,3.8,140,0.0,0.0,0.0,0
2024-05-11,5,1008.4,1011.9,24.8,20.5,77,2.2,170,3.5,190,0.0,0.0,0.0,0
2024-05-11,6,1008.7,1012.2,24.9,20.4,76,1.2,160,4.4,170,0.0,0.0,0.04,0
2024-05-11,7,1009.1,1012.6,25.0,20.3,75,1.5,160,3.4,140,0.0,0.0,0.25,0
2024-05-11,8,1009.2,1012.7,26.2,20.3,70,1.6,160,3.7,180,0.0,0.0,0.73,1
2024-05-11,9,1008.8,1012.3,28.3,20.3,62,1.0,180,3.4,90,0.0,0.0,1.88,4
2024-05-11,10,1008.4,1011.8,30.6,20.3,54,0.6,290,3.6,320,0.0,0.0,2.42,6
2024-05-11,11,1008.1,1011.5,32.5,20.4,49,3.1,290,7.0,300,0.0,0.0,3.38,9
2024-05-11,12,1007.7,1011.1,32.3,21.8,54,3.2,310,7.7,320,0.0,0.0,3.11,9
2024-05-11,13,1006.7,1010.1,32.9,22.7,55,2.7,280,7.7,290,0.0,0.0,3.36,9
2024-05-11,14,1006.0,1009.4,33.2,23.0,55,3.2,280,9.2,270,0.0,0.0,2.66,7
2024-05-11,15,1005.7,1009.1,31.9,23.5,61,3.1,300,8.6,280,0.0,0.0,1.89,4
2024-05-11,16,1005.9,1009.3,31.1,23.0,62,3.2,300,8.5,290,0.0,0.0,0.88,2
2024-05-11,17,1006.2,1009.6,30.6,22.8,63,1.0,270,7.2,330,0.0,0.0,0.29,0
2024-05-11,18,1006.4,1009.9,29.4,22.4,66,0.9,160,4.9,310,0.0,0.0,0.05,0
2024-05-11,19,1006.9,1010.4,28.5,24.5,79,1.7,320,4.8,320,T,0.1,0.0,0
2024-05-11,20,1007.4,1010.9,26.5,24.9,91,2.5,310,6.8,320,1.5,0.8,0.0,0
2024-05-11,21,1008.0,1011.5,24.7,23.5,93,4.3,330,9.8,340,3.5,0.9,0.0,0
2024-05-11,22,1008.5,1012.0,24.0,23.2,95,1.4,120,8.0,320,8.0,1.0,0.0,0
2024-05-11,23,1008.6,1012.1,23.3,21.9,92,3.0,90,9.7,50,1.5,0.8,0.0,0
2024-05-11,24,1008.4,1011.9,22.9,21.9,94,2.5,110,6.7,60,1.5,0.7,0.0,0
2024-05-12,1,1008.6,1012.1,22.4,21.2,93,2.1,100,7.0,100,5.0,0.7,0.0,0
2024-05-12,2,1008.3,1011.8,22.2,20.7,91,2.6,100,6.9,80,2.5,0.8,0.0,0
2024-05-12,3,1008.3,1011.8,21.6,20.2,92,2.1,80,7.6,80,1.5,0.9,0.0,0
2024-05-12,4,1008.8,1012.4,20.8,18.7,88,3.4,100,8.9,70,0.5,0.6,0.0,0
2024-05-12,5,1009.1,1012.7,20.4,18.5,89,3.4,90,8.7,80,0.5,0.4,0.0,0
2024-05-12,6,1009.9,1013.5,20.3,18.1,87,3.1,100,10.5,70,T,0.1,0.02,0
2024-05-12,7,1010.7,1014.3,19.9,17.3,85,3.6,90,10.5,60,0.5,0.4,0.15,0
2024-05-12,8,1011.3,1014.9,20.1,17.3,84,3.5,90,9.7,90,0.0,0.0,0.19,0
2024-05-12,9,1012.0,1015.6,20.5,16.3,77,3.3,100,10.1,70,0.0,0.0,0.2,0
2024-05-12,10,1012.2,1015.8,20.8,14.9,69,2.3,90,8.2,90,0.0,0.0,0.32,1
2024-05-12,11,1012.5,1016.1,20.2,15.8,76,3.1,80,10.8,100,0.0,0.0,0.29,1
2024-05-12,12,1012.5,1016.1,19.5,16.2,81,2.8,80,10.3,80,T,0.9,0.31,1
2024-05-12,13,1012.0,1015.6,19.6,15.3,76,3.0,90,10.0,80,T,0.3,0.38,1
2024-05-12,14,1011.9,1015.5,19.0,15.1,78,3.2,100,9.7,90,T,0.9,0.41,1
2024-05-12,15,1011.3,1014.9,18.7,15.6,82,1.5,100,8.0,80,0.5,0.9,0.35,1
2024-05-12,16,1010.9,1014.5,18.9,15.8,82,1.7,80,6.1,100,T,1.0,0.25,1
2024-05-12,17,1011.1,1014.7,18.9,15.4,80,3.4,100,7.1,120,0.0,0.0,0.14,0
2024-05-12,18,1011.8,1015.4,18.1,15.5,85,4.2,90,9.1,70,T,0.9,0.04,0
2024-05-12,19,1011.9,1015.5,17.8,12.3,70,2.4,100,10.2,120,0.0,0.0,0.0,0
2024-05-12,20,1012.4,1016.0,18.1,13.6,75,1.3,40,6.7,100,0.0,0.0,0.0,0
2024-05-12,21,1012.8,1016.4,17.0,15.0,88,1.8,100,4.5,60,2.0,0.8,0.0,0
2024-05-12,22,1012.2,1015.8,17.0,15.2,89,1.7,100,6.2,100,1.0,0.5,0.0,0
2024-05-12,23,1011.6,1015.2,17.7,15.0,84,2.1,90,4.9,80,0.0,0.0,0.0,0
2024-05-12,24,1010.9,1014.5,18.0,15.3,84,1.6,80,4.7,100,0.0,0.0,0.0,0
2024-05-13,1,1010.4,1014.0,18.7,14.4,76,2.7,100,4.7,90,0.5,0.1,0.0,0
2024-05-13,2,1010.2,1013.8,18.7,14.6,77,1.3,80,4.3,80,0.0,0.0,0.0,0
2024-05-13,3,1009.9,1013.5,19.1,15.2,78,1.6,80,3.9,70,T,0.1,0.0,0
2024-05-13,4,1010.2,1013.8,19.4,15.9,80,1.5,110,5.0,90,T,0.1,0.0,0
2024-05-13,5,1010.5,1014.1,18.9,15.4,80,2.4,50,5.7,120,T,0.4,0.0,0
2024-05-13,6,1010.9,1014.5,19.5,16.0,80,3.6,90,7.4,70,T,0.1,0.01,0
2024-05-13,7,1011.2,1014.8,19.8,16.5,81,1.7,90,6.0,100,T,0.1,0.21,0
2024-05-13,8,1011.3,1014.9,20.6,15.8,74,1.9,80,4.4,80,0.0,0.0,0.46,1
2024-05-13,9,1011.5,1015.1,21.4,15.3,68,2.7,110,7.2,80,0.0,0.0,0.47,1
2024-05-13,10,1011.5,1015.1,21.7,15.3,67,2.5,90,7.7,110,0.0,0.0,0.55,2
2024-05-13,11,1011.6,1015.2,21.2,16.8,76,2.8,110,8.3,100,T,0.4,0.53,2
2024-05-13,12,1011.0,1014.6,22.3,17.2,73,2.9,120,7.4,100,T,0.1,0.83,3
2024-05-13,13,1011.0,1014.6,21.8,17.4,76,2.0,110,7.2,120,0.0,0.0,0.75,3
2024-05-13,14,1010.6,1014.2,22.1,17.5,75,2.0,120,6.4,130,0.0,0.0,0.57,2
2024-05-13,15,1010.6,1014.1,22.6,17.1,71,2.3,100,6.5,70,0.0,0.0,0.75,2
2024-05-13,16,1010.6,1014.1,22.6,16.2,67,2.9,120,8.5,100,0.0,0.0,0.8,2
2024-05-13,17,1010.6,1014.1,22.8,16.4,67,2.1,110,7.0,130,0.0,0.0,0.58,1
2024-05-13,18,1011.2,1014.7,22.4,16.2,68,2.5,100,7.4,100,0.0,0.0,0.49,0
2024-05-13,19,1011.5,1015.1,22.2,16.0,68,1.4,100,6.5,80,0.0,0.0,0.03,0
2024-05-13,20,1012.0,1015.6,22.0,15.1,65,2.4,100,7.7,90,0.0,0.0,0.0,0
2024-05-13,21,1012.3,1015.9,21.7,16.2,71,2.2,110,5.7,80,0.0,0.0,0.0,0
2024-05-13,22,1012.5,1016.1,21.2,16.6,75,1.9,100,5.0,130,0.0,0.0,0.0,0
2024-05-13,23,1012.3,1015.9,21.0,16.2,74,2.2,120,4.7,100,0.0,0.0,0.0,0
2024-05-13,24,1011.6,1015.2,20.6,16.0,75,1.3,120,3.7,80,0.0,0.0,0.0,0
2024-05-14,1,1010.9,1014.5,20.2,15.8,76,1.4,150,3.2,120,0.0,0.0,0.0,0
2024-05-14,2,1010.9,1014.5,19.5,16.0,80,1.0,150,2.2,170,0.0,0.0,0.0,0
2024-05-14,3,1010.8,1014.4,18.9,16.5,86,0.7,210,1.8,150,0.0,0.0,0.0,0
2024-05-14,4,1010.7,1014.3,18.6,16.4,87,0.7,190,1.3,140,0.0,0.0,0.0,0
2024-05-14,5,1010.9,1014.5,18.3,16.5,89,0.4,40,1.2,70,0.0,0.0,0.0,0
2024-05-14,6,1011.5,1015.1,19.0,16.4,85,0.5,100,2.4,60,0.0,0.0,0.12,0
2024-05-14,7,1011.9,1015.5,20.8,16.6,77,2.0,120,3.9,120,0.0,0.0,0.74,1
2024-05-14,8,1012.4,1015.9,22.8,16.8,69,2.7,100,7.2,110,0.0,0.0,1.55,2
2024-05-14,9,1012.8,1016.3,24.2,17.0,64,2.6,110,6.9,100,0.0,0.0,2.31,4
2024-05-14,10,1012.7,1016.2,25.7,14.8,51,2.8,100,9.0,130,0.0,0.0,3.05,7
2024-05-14,11,1012.2,1015.7,26.9,12.9,42,2.6,90,10.0,140,0.0,0.0,3.42,9
2024-05-14,12,1012.1,1015.6,26.3,13.1,44,4.3,100,10.0,80,0.0,0.0,3.17,9
2024-05-14,13,1011.7,1015.2,26.7,14.5,47,3.6,110,11.0,80,0.0,0.0,3.54,10
2024-05-14,14,1011.3,1014.8,27.2,13.2,42,4.6,100,9.4,110,0.0,0.0,3.47,8
2024-05-14,15,1011.1,1014.6,27.4,13.4,42,3.8,110,10.2,110,0.0,0.0,2.93,6
2024-05-14,16,1011.1,1014.6,26.6,12.7,42,4.1,100,8.6,80,0.0,0.0,2.27,4
2024-05-14,17,1011.8,1015.3,25.2,11.8,43,4.0,110,10.1,100,0.0,0.0,1.29,2
2024-05-14,18,1012.7,1016.2,24.4,10.3,41,3.8,110,10.9,100,0.0,0.0,0.51,0
2024-05-14,19,1013.1,1016.6,23.4,15.2,60,1.4,90,7.7,110,0.0,0.0,0.02,0
2024-05-14,20,1013.5,1017.1,23.0,14.6,59,1.2,140,4.6,120,0.0,0.0,0.0,0
2024-05-14,21,1014.1,1017.7,22.4,12.7,54,1.6,150,3.9,110,0.0,0.0,0.0,0
2024-05-14,22,1014.7,1018.3,21.4,11.2,52,0.5,210,2.7,170,0.0,0.0,0.0,0
2024-05-14,23,1014.7,1018.3,20.9,8.2,44,1.1,180,2.4,180,0.0,0.0,0.0,0
2024-05-14,24,1014.2,1017.8,20.5,9.5,49,1.2,140,2.6,140,0.0,0.0,0.0,0
2024-05-15,1,1014.5,1018.1,21.0,12.7,59,2.2,130,4.0,130,0.0,0.0,0.0,0
2024-05-15,2,1014.2,1017.8,20.3,12.3,60,0.5,170,4.2,130,0.0,0.0,0.0,0
2024-05-15,3,1014.3,1017.9,20.4,14.5,69,1.9,120,4.8,100,0.0,0.0,0.0,0
2024-05-15,4,1014.6,1018.2,20.1,14.0,68,1.7,180,5.5,130,0.0,0.0,0.0,0
2024-05-15,5,1015.1,1018.7,21.3,16.3,73,2.4,130,4.8,110,0.0,0.0,0.0,0
2024-05-15,6,1015.8,1019.4,21.8,16.5,72,2.4,120,6.2,130,0.0,0.0,0.08,0
2024-05-15,7,1016.3,1019.9,21.9,16.0,69,2.9,100,10.3,100,0.0,0.0,0.52,1
2024-05-15,8,1016.3,1019.9,22.4,14.8,62,3.9,110,9.4,100,0.0,0.0,0.91,1
2024-05-15,9,1016.1,1019.7,23.4,15.5,61,2.8,120,8.7,130,0.0,0.0,1.48,3
2024-05-15,10,1015.5,1019.0,23.9,14.1,54,3.7,100,10.8,130,0.0,0.0,2.74,7
2024-05-15,11,1014.7,1018.2,24.7,15.4,56,3.1,70,10.3,90,0.0,0.0,3.43,9
2024-05-15,12,1013.6,1017.1,24.7,14.5,53,3.5,90,10.8,100,0.0,0.0,3.69,11
2024-05-15,13,1012.7,1016.2,24.7,15.1,55,4.0,70,10.5,100,0.0,0.0,3.57,10
2024-05-15,14,1011.9,1015.4,25.3,14.8,52,3.6,70,13.7,80,0.0,0.0,3.42,9
2024-05-15,15,1011.2,1014.7,24.8,14.9,54,3.8,90,12.4,60,0.0,0.0,2.59,6
2024-05-15,16,1010.8,1014.3,24.7,15.1,55,4.3,110,12.2,80,0.0,0.0,1.74,3
2024-05-15,17,1010.6,1014.1,24.1,15.3,58,4.6,110,11.7,100,0.0,0.0,1.25,1
2024-05-15,18,1010.8,1014.3,23.6,15.4,60,4.8,100,12.2,100,0.0,0.0,0.7,0
2024-05-15,19,1010.9,1014.4,23.1,15.7,63,3.7,100,10.3,110,0.0,0.0,0.05,0
2024-05-15,20,1011.1,1014.6,23.1,15.9,64,4.0,100,10.5,110,0.0,0.0,0.0,0
2024-05-15,21,1011.4,1014.9,23.2,16.0,64,3.5,110,9.0,100,0.0,0.0,0.0,0
2024-05-15,22,1011.2,1014.7,23.4,16.0,63,3.5,110,8.4,100,0.0,0.0,0.0,0
2024-05-15,23,1010.9,1014.4,23.2,16.5,66,2.6,100,6.6,140,0.0,0.0,0.0,0
2024-05-15,24,1010.3,1013.8,23.3,16.1,64,2.5,100,5.8,100,0.0,0.0,0.0,0
2024-05-16,1,1010.0,1013.5,23.1,16.7,67,1.6,100,4.7,100,0.0,0.0,0.0,0
2024-05-16,2,1009.5,1013.0,23.2,16.8,67,1.7,100,4.7,90,0.0,0.0,0.0,0
2024-05-16,3,1009.1,1012.6,23.0,16.8,68,1.2,120,3.7,80,0.0,0.0,0.0,0
2024-05-16,4,1009.3,1012.8,22.7,17.0,70,1.2,140,2.3,130,0.0,0.0,0.0,0
2024-05-16,5,1009.5,1013.0,22.7,16.5,68,0.8,220,1.6,160,0.0,0.0,0.0,0
2024-05-16,6,1009.8,1013.3,22.8,16.6,68,0.9,190,1.8,160,0.0,0.0,0.07,0
2024-05-16,7,1010.3,1013.8,23.5,16.8,66,0.2,0,2.2,190,0.0,0.0,0.35,0
2024-05-16,8,1010.5,1014.0,25.2,18.2,65,0.7,210,2.0,260,0.0,0.0,1.01,2
2024-05-16,9,1010.3,1013.8,26.8,17.6,57,1.2,180,2.9,180,0.0,0.0,2.28,4
2024-05-16,10,1009.9,1013.4,27.4,18.2,57,0.6,150,3.6,150,0.0,0.0,1.34,5
2024-05-16,11,1009.4,1012.9,28.3,18.4,55,1.2,120,3.2,100,0.0,0.0,1.83,6
2024-05-16,12,1009.0,1012.5,28.6,18.7,55,2.0,130,4.5,140,0.0,0.0,2.3,7
2024-05-16,13,1008.4,1011.9,29.1,19.2,55,1.7,150,4.8,160,0.0,0.0,2.04,6
2024-05-16,14,1008.2,1011.7,28.2,19.5,59,2.3,340,4.2,360,0.0,0.0,1.15,3
2024-05-16,15,1007.9,1011.4,28.6,20.4,61,1.7,340,4.9,350,0.0,0.0,0.74,2
2024-05-16,16,1007.6,1011.1,27.7,19.5,61,1.8,170,5.1,170,0.0,0.0,0.97,1
2024-05-16,17,1007.8,1011.3,27.4,19.5,62,2.8,180,5.2,180,0.0,0.0,0.78,1
2024-05-16,18,1008.1,1011.6,27.0,19.4,63,2.2,170,4.7,180,0.0,0.0,0.24,0
2024-05-16,19,1008.2,1011.7,26.4,19.1,64,2.3,140,4.5,100,0.0,0.0,0.02,0
2024-05-16,20,1008.4,1011.9,25.9,18.6,64,2.0,140,4.0,190,0.0,0.0,0.0,0
2024-05-16,21,1008.6,1012.1,25.5,18.9,67,1.7,170,3.4,120,0.0,0.0,0.0,0
2024-05-16,22,1008.9,1012.4,24.6,19.2,72,2.1,190,3.4,180,0.0,0.0,0.0,0
2024-05-16,23,1008.9,1012.4,24.4,18.8,71,1.7,190,3.3,180,0.0,0.0,0.0,0
2024-05-16,24,1008.3,1011.8,23.8,18.7,73,1.5,180,2.5,180,0.0,0.0,0.0,0
2024-05-17,1,1007.8,1011.3,23.5,18.8,75,0.8,230,2.2,190,0.0,0.0,0.0,0
2024-05-17,2,1007.4,1010.9,23.3,19.5,79,1.5,220,2.2,220,0.0,0.0,0.0,0
2024-05-17,3,1007.4,1010.9,22.8,19.6,82,1.5,240,2.4,250,0.0,0.0,0.0,0
2024-05-17,4,1007.9,1011.4,22.6,19.8,84,1.0,220,3.0,210,0.0,0.0,0.0,0
2024-05-17,5,1008.2,1011.7,22.1,19.1,83,1.7,160,2.6,180,0.0,0.0,0.0,0
2024-05-17,6,1008.1,1011.6,22.3,18.3,78,2.3,180,3.6,180,0.0,0.0,0.14,0
2024-05-17,7,1008.4,1011.9,22.8,18.6,77,1.1,160,4.1,180,0.0,0.0,0.74,1
2024-05-17,8,1008.7,1012.2,24.9,19.5,72,1.0,60,2.2,340,0.0,0.0,1.38,2
2024-05-17,9,1008.2,1011.7,27.5,20.1,64,1.0,50,3.6,70,0.0,0.0,2.38,4
2024-05-17,10,1008.0,1011.5,28.1,20.7,64,1.5,350,4.3,50,0.0,0.0,1.88,5
2024-05-17,11,1007.3,1010.8,29.0,20.7,61,3.3,110,8.3,100,0.0,0.0,3.29,9
2024-05-17,12,1006.6,1010.1,29.5,21.5,62,3.3,90,9.5,90,0.0,0.0,3.56,10
2024-05-17,13,1005.7,1009.1,29.6,21.0,60,4.9,60,10.6,50,0.0,0.0,3.24,9
2024-05-17,14,1005.2,1008.6,29.9,21.0,59,3.3,80,12.0,70,0.0,0.0,3.32,8
2024-05-17,15,1004.7,1008.1,30.1,20.7,57,3.7,90,11.0,100,0.0,0.0,2.72,6
2024-05-17,16,1004.7,1008.1,29.2,21.7,64,3.0,100,8.9,70,0.0,0.0,1.95,3
2024-05-17,17,1004.7,1008.2,28.5,21.6,66,3.5,100,8.2,100,0.0,0.0,1.21,1
2024-05-17,18,1005.2,1008.7,28.1,20.7,64,2.9,110,8.1,90,0.0,0.0,0.39,0
2024-05-17,19,1005.6,1009.1,27.1,20.7,68,3.2,100,9.7,100,0.0,0.0,0.05,0
2024-05-17,20,1006.5,1010.0,26.5,20.6,70,2.7,120,8.3,130,0.0,0.0,0.0,0
2024-05-17,21,1006.9,1010.4,26.1,21.1,74,2.3,100,7.1,100,0.0,0.0,0.0,0
2024-05-17,22,1006.6,1010.1,25.9,21.4,76,2.8,100,6.7,90,0.0,0.0,0.0,0
2024-05-17,23,1006.7,1010.2,25.5,21.6,79,2.7,100,6.7,80,0.0,0.0,0.0,0
2024-05-17,24,1006.0,1009.5,25.3,21.6,80,2.7,100,7.0,100,0.0,0.0,0.0,0
2024-05-18,1,1005.6,1009.1,25.1,21.8,82,2.4,110,7.2,70,0.0,0.0,0.0,0
2024-05-18,2,1005.1,1008.6,25.0,21.7,82,2.7,100,7.3,90,0.0,0.0,0.0,0
2024-05-18,3,1004.7,1008.2,25.1,21.6,81,2.7,100,6.4,90,0.0,0.0,0.0,0
2024-05-18,4,1004.7,1008.2,25.1,21.6,81,3.0,100,8.0,120,0.0,0.0,0.0,0
2024-05-18,5,1005.0,1008.5,24.8,22.1,85,2.7,100,6.6,100,0.0,0.0,0.0,0
2024-05-18,6,1005.1,1008.6,24.9,22.4,86,2.5,110,6.9,90,0.0,0.0,0.07,0
2024-05-18,7,1005.4,1008.9,25.4,22.5,84,2.4,100,8.9,100,0.0,0.0,0.37,0
2024-05-18,8,1006.2,1009.7,26.3,22.4,79,2.7,100,8.0,100,0.0,0.0,0.62,1
2024-05-18,9,1006.1,1009.6,27.7,22.4,73,3.0,100,7.5,90,0.0,0.0,1.6,4
2024-05-18,10,1005.8,1009.2,29.6,22.8,67,2.2,90,7.3,100,0.0,0.0,2.86,7
2024-05-18,11,1005.4,1008.8,31.0,21.5,57,3.4,100,7.1,80,0.0,0.0,3.39,10
2024-05-18,12,1004.9,1008.3,31.3,22.1,58,3.5,80,8.4,110,0.0,0.0,3.61,11
2024-05-18,13,1004.5,1007.9,30.3,22.5,63,3.3,100,9.7,100,0.0,0.0,3.16,10
2024-05-18,14,1004.5,1007.9,29.9,23.1,67,4.3,110,9.6,100,0.0,0.0,2.78,8
2024-05-18,15,1004.6,1008.1,28.9,22.9,70,3.7,100,10.1,100,0.0,0.0,1.21,3
2024-05-18,16,1004.3,1007.7,29.1,21.1,62,1.9,110,7.6,110,0.0,0.0,0.42,1
2024-05-18,17,1004.8,1008.3,27.9,22.9,74,2.8,100,7.3,100,0.0,0.0,0.32,1
2024-05-18,18,1005.1,1008.6,27.4,22.8,76,3.4,110,7.7,110,0.0,0.0,0.14,0
2024-05-18,19,1005.4,1008.9,26.9,22.8,78,3.1,100,8.0,80,0.0,0.0,0.01,0
2024-05-18,20,1005.9,1009.4,26.6,22.9,80,4.0,100,8.8,80,0.0,0.0,0.0,0
2024-05-18,21,1006.1,1009.6,26.3,22.8,81,2.4,90,7.4,80,0.0,0.0,0.0,0
2024-05-18,22,1006.4,1009.9,26.4,22.1,77,2.4,100,7.2,90,0.0,0.0,0.0,0
2024-05-18,23,1006.0,1009.5,26.4,22.1,77,2.7,100,7.5,120,0.0,0.0,0.0,0
2024-05-18,24,1005.5,1009.0,26.4,21.6,75,2.2,100,6.7,120,0.0,0.0,0.0,0
2024-05-19,1,1004.9,1008.4,26.3,21.7,76,2.5,90,7.2,100,0.0,0.0,0.0,0
2024-05-19,2,1004.4,1007.9,26.4,21.8,76,3.4,100,7.8,90,0.0,0.0,0.0,0
2024-05-19,3,1004.4,1007.9,26.1,22.0,78,3.2,100,8.0,70,0.0,0.0,0.0,0
2024-05-19,4,1004.6,1008.1,26.0,22.3,80,1.5,110,6.6,120,0.0,0.0,0.0,0
2024-05-19,5,1004.6,1008.1,25.9,22.2,80,2.4,110,6.5,100,0.0,0.0,0.0,0
2024-05-19,6,1005.0,1008.5,26.0,22.1,79,2.0,110,5.9,100,0.0,0.0,0.03,0
2024-05-19,7,1005.7,1009.2,26.1,22.2,79,2.8,110,7.3,90,0.0,0.0,0.24,0
2024-05-19,8,1005.8,1009.3,26.8,22.7,78,1.9,100,6.3,90,T,0.2,0.7,1
2024-05-19,9,1006.1,1009.6,27.3,22.9,77,2.0,90,8.4,90,0.0,0.0,1.04,3
2024-05-19,10,1006.0,1009.5,27.6,23.0,76,2.8,80,9.0,90,0.0,0.0,1.14,4
2024-05-19,11,1006.1,1009.6,27.6,23.2,77,3.3,60,8.8,80,0.0,0.0,1.3,4
2024-05-19,12,1006.0,1009.5,26.7,23.0,80,3.1,80,9.4,50,0.0,0.0,1.22,4
2024-05-19,13,1005.3,1008.8,27.2,23.0,78,5.1,100,13.7,110,0.0,0.0,1.73,6
2024-05-19,14,1005.1,1008.6,26.9,23.2,80,3.8,100,13.3,90,0.0,0.0,1.51,5
2024-05-19,15,1004.8,1008.3,26.5,23.0,81,4.4,100,12.6,100,0.0,0.0,0.83,2
2024-05-19,16,1005.1,1008.6,26.3,23.0,82,4.4,100,11.5,100,0.0,0.0,0.68,2
2024-05-19,17,1005.5,1009.0,26.2,23.1,83,3.7,110,11.5,90,0.0,0.0,0.46,1
2024-05-19,18,1006.3,1009.8,26.0,22.5,81,4.8,110,10.7,100,0.0,0.0,0.23,0
2024-05-19,19,1006.8,1010.3,25.9,22.6,82,3.6,110,10.6,110,0.0,0.0,0.04,0
2024-05-19,20,1007.6,1011.1,25.7,23.0,85,3.5,110,9.1,90,0.0,0.0,0.0,0
2024-05-19,21,1008.1,1011.6,25.6,22.9,85,3.7,120,9.8,140,0.0,0.0,0.0,0
2024-05-19,22,1008.2,1011.7,25.3,23.0,87,2.7,130,7.0,120,0.0,0.0,0.0,0
2024-05-19,23,1008.0,1011.5,25.3,23.5,90,2.0,110,6.1,100,0.0,0.0,0.0,0
2024-05-19,24,1007.4,1010.9,24.9,23.7,93,2.5,100,6.7,90,T,0.5,0.0,0
2024-05-20,1,1007.1,1010.6,25.1,23.7,92,1.9,120,6.6,110,0.0,0.0,0.0,0
2024-05-20,2,1006.9,1010.4,25.1,23.5,91,1.9,120,5.2,100,0.0,0.0,0.0,0
2024-05-20,3,1006.3,1009.8,25.0,23.6,92,2.2,130,5.7,130,0.0,0.0,0.0,0
2024-05-20,4,1006.2,1009.7,25.1,23.5,91,2.4,130,6.5,100,0.0,0.0,0.0,0
2024-05-20,5,1006.5,1010.0,25.1,23.9,93,1.6,150,5.1,20,0.0,0.0,0.0,0
2024-05-20,6,1006.8,1010.3,24.9,24.2,96,0.9,110,3.5,130,0.0,0.0,0.04,0
2024-05-20,7,1007.0,1010.5,25.4,24.5,95,0.5,110,3.6,110,0.0,0.0,0.23,0
2024-05-20,8,1007.5,1011.0,26.6,24.5,88,0.7,140,2.0,120,0.0,0.0,0.7,1
2024-05-20,9,1007.8,1011.3,26.8,24.5,87,0.7,210,2.6,280,T,0.5,0.28,1
2024-05-20,10,1007.6,1011.1,27.3,23.6,80,0.8,210,2.5,230,T,0.8,0.7,2
2024-05-20,11,1007.2,1010.7,28.1,23.9,78,1.1,360,2.6,350,T,0.4,0.76,3
2024-05-20,12,1006.8,1010.3,28.5,24.5,79,0.8,V,2.8,300,T,1.0,1.33,5
2024-05-20,13,1006.3,1009.8,27.9,25.0,84,1.4,100,3.6,90,T,1.0,1.03,4
2024-05-20,14,1005.9,1009.4,27.6,24.3,82,2.0,100,5.2,110,T,1.0,1.34,5
2024-05-20,15,1005.3,1008.8,27.4,24.3,83,2.5,110,5.6,100,T,0.4,0.81,2
2024-05-20,16,1005.0,1008.5,27.5,23.8,80,1.3,90,6.4,100,T,0.1,0.45,1
2024-05-20,17,1005.3,1008.8,26.5,24.0,86,2.5,120,6.9,110,T,0.3,0.19,0
2024-05-20,18,1006.1,1009.6,25.1,24.4,96,3.5,220,7.4,230,19.5,1.0,0.04,0
2024-05-20,19,1006.5,1010.0,25.3,24.3,94,1.6,150,6.2,110,4.0,0.2,0.0,0
2024-05-20,20,1007.1,1010.6,25.5,24.6,95,1.2,160,3.0,110,0.0,0.0,0.0,0
2024-05-20,21,1007.3,1010.8,25.0,24.1,95,1.2,140,2.2,150,0.0,0.0,0.0,0
2024-05-20,22,1007.5,1011.0,25.3,24.1,93,1.3,140,2.5,150,0.0,0.0,0.0,0
2024-05-20,23,1007.2,1010.7,25.1,24.1,94,0.6,140,2.0,130,0.0,0.0,0.0,0
2024-05-20,24,1006.6,1010.1,25.0,23.8,93,1.1,170,2.0,220,0.0,0.0,0.0,0
2024-05-21,1,1006.2,1009.7,24.7,24.0,96,1.0,220,2.7,180,0.0,0.0,0.0,0
2024-05-21,2,1005.6,1009.1,24.9,24.2,96,0.7,210,1.6,230,0.0,0.0,0.0,0
2024-05-21,3,1005.6,1009.1,25.3,24.4,95,1.3,250,3.2,280,T,0.3,0.0,0
2024-05-21,4,1005.8,1009.3,25.0,23.6,92,0.6,330,5.1,300,T,0.2,0.0,0
2024-05-21,5,1006.1,1009.6,24.6,23.4,93,0.6,V,5.6,320,0.0,0.0,0.0,0
2024-05-21,6,1006.3,1009.8,25.1,23.3,90,0.9,280,4.0,340,0.0,0.0,0.02,0
2024-05-21,7,1007.1,1010.6,25.4,23.3,88,0.5,290,3.6,320,0.0,0.0,0.13,0
2024-05-21,8,1007.6,1011.1,25.0,23.6,92,0.6,300,3.5,280,T,0.4,0.17,0
2024-05-21,9,1007.9,1011.4,25.2,23.6,91,0.6,260,2.4,290,0.5,1.0,0.45,1
2024-05-21,10,1007.9,1011.4,26.7,24.2,86,1.2,330,3.5,300,T,0.2,1.5,5
2024-05-21,11,1007.8,1011.3,27.2,23.7,81,1.0,290,4.3,340,T,0.6,1.47,5
2024-05-21,12,1007.6,1011.1,27.0,23.7,82,1.6,330,3.9,330,T,0.9,1.37,5
2024-05-21,13,1006.9,1010.4,25.9,23.0,84,1.9,110,4.5,350,T,0.1,0.51,2
2024-05-21,14,1006.4,1009.9,26.1,22.8,82,0.9,90,4.5,100,T,0.2,0.22,1
2024-05-21,15,1006.2,1009.7,25.7,22.6,83,1.7,140,4.1,110,T,1.0,0.13,0
2024-05-21,16,1006.0,1009.5,24.6,23.0,91,1.8,130,4.6,130,T,1.0,0.1,0
2024-05-21,17,1006.3,1009.8,24.5,22.8,90,1.4,120,5.4,110,T,1.0,0.09,0
2024-05-21,18,1006.7,1010.2,24.4,22.7,90,1.9,130,4.4,130,T,1.0,0.05,0
2024-05-21,19,1006.9,1010.4,24.2,22.5,90,2.0,140,5.1,130,T,0.3,0.0,0
2024-05-21,20,1007.3,1010.8,24.2,22.5,90,1.2,120,4.9,130,T,0.3,0.0,0
2024-05-21,21,1007.8,1011.3,24.1,22.4,90,2.0,100,5.0,100,T,0.3,0.0,0
2024-05-21,22,1008.0,1011.5,24.2,22.3,89,2.1,120,5.5,120,0.0,0.0,0.0,0
2024-05-21,23,1007.7,1011.2,24.2,22.3,89,1.6,100,5.4,80,0.0,0.0,0.0,0
2024-05-21,24,1007.1,1010.6,24.0,22.3,90,1.3,100,5.3,110,0.0,0.0,0.0,0
2024-05-22,1,1006.3,1009.8,24.1,22.2,89,1.2,110,4.6,130,0.0,0.0,0.0,0
2024-05-22,2,1006.1,1009.6,24.1,22.2,89,1.3,130,3.8,120,0.5,0.0,0.0,0
2024-05-22,3,1005.8,1009.3,24.0,22.3,90,1.3,110,3.4,130,T,0.1,0.0,0
2024-05-22,4,1005.7,1009.2,24.0,22.4,91,1.5,120,3.5,80,T,0.1,0.0,0
2024-05-22,5,1005.9,1009.4,24.0,22.4,91,1.9,110,4.2,110,0.0,0.0,0.0,0
2024-05-22,6,1006.1,1009.6,24.1,22.5,91,1.3,90,4.3,90,0.0,0.0,0.04,0
2024-05-22,7,1007.0,1010.5,24.4,22.7,90,1.1,90,5.4,90,0.0,0.0,0.15,0
2024-05-22,8,1007.5,1011.0,24.7,22.8,89,2.1,100,5.0,100,T,0.5,0.34,1
2024-05-22,9,1007.6,1011.1,25.6,22.9,85,1.4,110,4.8,90,T,0.1,0.51,1
2024-05-22,10,1007.8,1011.3,26.1,23.0,83,1.5,160,3.5,100,0.0,0.0,0.83,3
2024-05-22,11,1007.8,1011.3,26.0,23.3,85,1.5,100,3.4,70,0.0,0.0,0.4,2
2024-05-22,12,1007.3,1010.8,25.6,23.5,88,1.8,90,4.6,120,T,0.3,0.32,1
2024-05-22,13,1006.7,1010.2,25.9,23.2,85,1.7,110,4.7,110,T,0.1,0.59,2
2024-05-22,14,1005.9,1009.4,26.4,23.1,82,1.8,110,3.9,110,0.0,0.0,1.08,4
2024-05-22,15,1006.0,1009.5,26.4,23.1,82,1.5,100,4.3,80,0.0,0.0,0.42,1
2024-05-22,16,1006.1,1009.6,25.4,22.9,86,2.8,100,6.3,100,0.0,0.0,0.16,0
2024-05-22,17,1006.4,1009.9,24.9,23.2,90,1.1,90,6.8,100,T,0.4,0.06,0
2024-05-22,18,1007.2,1010.7,24.4,23.5,95,0.8,110,5.2,100,2.5,0.6,0.04,0
2024-05-22,19,1007.6,1011.1,24.3,23.4,95,1.4,100,3.7,90,0.5,0.7,0.0,0
2024-05-22,20,1007.0,1010.5,24.3,23.3,94,1.4,120,4.3,140,0.0,0.0,0.0,0
2024-05-22,21,1007.4,1010.9,24.2,23.5,96,0.7,110,2.7,110,0.0,0.0,0.0,0
2024-05-22,22,1007.3,1010.8,24.3,23.3,94,1.2,100,3.3,100,T,0.1,0.0,0
2024-05-22,23,1007.7,1011.2,24.2,23.4,95,1.2,100,2.4,40,0.0,0.0,0.0,0
2024-05-22,24,1007.5,1011.0,24.1,23.3,95,0.8,140,3.0,100,T,0.2,0.0,0
2024-05-23,1,1007.2,1010.7,24.2,23.2,94,1.4,130,2.5,130,T,0.2,0.0,0
2024-05-23,2,1007.2,1010.7,24.1,23.3,95,0.4,130,2.5,100,T,0.1,0.0,0
2024-05-23,3,1006.8,1010.3,23.9,23.4,97,0.5,90,2.1,20,T,0.4,0.0,0
2024-05-23,4,1006.7,1010.2,24.0,23.5,97,0.4,180,1.9,40,T,0.2,0.0,0
2024-05-23,5,1006.6,1010.1,24.1,23.4,96,1.0,130,2.5,130,0.0,0.0,0.0,0
2024-05-23,6,1007.6,1011.1,24.2,23.7,97,0.5,160,1.8,240,0.0,0.0,0.03,0
2024-05-23,7,1008.8,1012.3,24.6,23.9,96,0.9,210,1.7,130,0.5,0.6,0.11,0
2024-05-23,8,1008.9,1012.4,24.5,24.0,97,0.7,120,1.6,130,3.5,1.0,0.21,0
2024-05-23,9,1009.2,1012.7,25.2,23.8,92,1.1,290,2.7,270,T,1.0,0.44,1
2024-05-23,10,1009.0,1012.5,25.9,24.5,92,0.3,200,2.3,340,T,1.0,0.92,3
2024-05-23,11,1008.5,1012.0,26.4,23.1,82,0.7,210,1.9,240,0.5,0.4,0.94,3
2024-05-23,12,1007.9,1011.4,26.9,24.2,85,0.5,100,2.0,360,T,0.6,0.93,3
2024-05-23,13,1007.9,1011.4,27.8,23.6,78,0.4,210,2.7,360,T,1.0,1.15,4
2024-05-23,14,1007.7,1011.2,27.3,23.8,81,0.2,0,1.9,140,T,0.5,0.76,3
2024-05-23,15,1007.5,1011.0,27.6,23.2,77,1.3,330,4.5,350,T,0.7,0.72,2
2024-05-23,16,1007.3,1010.8,27.1,23.8,82,1.9,90,4.6,100,0.0,0.0,0.58,1
2024-05-23,17,1007.6,1011.1,26.4,23.5,84,1.7,90,4.9,110,T,0.5,0.2,0
2024-05-23,18,1007.9,1011.4,25.9,24.0,89,1.5,130,3.2,100,T,1.0,0.08,0
2024-05-23,19,1008.3,1011.8,25.9,24.0,89,0.9,140,3.7,90,T,0.1,0.01,0
2024-05-23,20,1008.6,1012.1,26.0,24.2,90,0.6,200,2.1,130,T,0.1,0.0,0
2024-05-23,21,1009.1,1012.6,25.9,24.0,89,0.8,160,1.9,120,0.0,0.0,0.0,0
2024-05-23,22,1009.6,1013.1,25.9,24.0,89,0.7,70,2.2,130,0.0,0.0,0.0,0
2024-05-23,23,1009.1,1012.6,25.7,23.6,88,0.5,130,3.3,140,0.0,0.0,0.0,0
2024-05-23,24,1008.6,1012.1,25.6,23.3,87,0.8,140,2.7,140,0.0,0.0,0.0,0
2024-05-24,1,1008.0,1011.5,25.1,23.7,92,0.6,40,2.1,50,T,0.2,0.0,0
2024-05-24,2,1007.7,1011.2,24.9,23.3,91,0.8,200,1.8,210,0.0,0.0,0.0,0
2024-05-24,3,1007.4,1010.9,24.9,23.3,91,0.5,180,2.3,140,0.0,0.0,0.0,0
2024-05-24,4,1007.1,1010.6,24.6,23.4,93,0.8,160,1.6,160,0.0,0.0,0.0,0
2024-05-24,5,1007.3,1010.8,24.7,23.1,91,0.9,260,2.3,230,0.0,0.0,0.0,0
2024-05-24,6,1008.2,1011.7,25.2,23.1,88,0.9,190,2.0,250,0.0,0.0,0.12,0
2024-05-24,7,1008.8,1012.3,25.8,22.9,84,0.4,190,3.3,150,0.0,0.0,0.41,0
2024-05-24,8,1008.9,1012.4,26.6,22.9,80,0.5,220,1.8,180,0.0,0.0,0.58,1
2024-05-24,9,1008.8,1012.3,26.9,23.2,80,0.3,140,1.5,240,0.0,0.0,0.6,2
2024-05-24,10,1008.6,1012.1,27.9,23.5,77,0.5,210,1.4,80,T,0.8,1.13,4
2024-05-24,11,1008.0,1011.5,29.0,23.2,71,0.4,140,2.0,130,T,0.3,1.53,5
2024-05-24,12,1007.8,1011.3,29.5,24.2,73,0.5,180,2.0,350,0.0,0.0,1.09,4
2024-05-24,13,1007.6,1011.1,29.8,24.2,72,0.4,150,1.9,170,0.0,0.0,1.03,4
2024-05-24,14,1007.1,1010.5,30.2,23.7,68,0.6,230,2.4,360,T,0.1,1.1,4
2024-05-24,15,1007.1,1010.6,29.5,24.4,74,0.8,340,3.2,350,T,0.2,0.86,3
2024-05-24,16,1006.7,1010.1,29.8,24.5,73,0.6,300,4.0,340,0.0,0.0,0.75,2
2024-05-24,17,1006.3,1009.8,29.0,23.2,71,1.1,200,3.8,10,0.0,0.0,0.63,1
2024-05-24,18,1006.2,1009.7,28.7,23.8,75,0.6,220,2.7,180,0.0,0.0,0.2,0
2024-05-24,19,1006.5,1010.0,27.9,23.5,77,0.9,180,3.0,190,0.0,0.0,0.02,0
2024-05-24,20,1006.8,1010.3,27.8,23.8,79,0.5,170,1.8,170,0.0,0.0,0.0,0
2024-05-24,21,1007.4,1010.9,27.5,24.0,81,0.8,220,1.9,180,0.0,0.0,0.0,0
2024-05-24,22,1007.7,1011.2,27.2,23.7,81,0.6,160,3.0,180,0.0,0.0,0.0,0
2024-05-24,23,1007.7,1011.2,26.8,23.5,82,1.0,180,3.3,180,0.0,0.0,0.0,0
2024-05-24,24,1007.2,1010.7,25.9,23.4,86,0.7,170,3.6,180,T,0.4,0.0,0
2024-05-25,1,1006.3,1009.8,25.9,23.0,84,1.5,170,4.2,180,0.0,0.0,0.0,0
2024-05-25,2,1006.0,1009.5,25.6,23.3,87,0.5,180,2.9,180,0.0,0.0,0.0,0
2024-05-25,3,1005.8,1009.3,25.7,22.6,83,1.4,180,4.0,180,0.0,0.0,0.0,0
2024-05-25,4,1005.9,1009.4,25.6,23.1,86,0.9,180,3.4,170,0.0,0.0,0.0,0
2024-05-25,5,1006.1,1009.6,25.4,22.9,86,0.8,200,3.1,180,T,0.2,0.0,0
2024-05-25,6,1006.3,1009.8,25.3,22.8,86,0.5,210,2.6,150,T,0.2,0.03,0
2024-05-25,7,1006.4,1009.9,25.8,22.7,83,1.0,180,3.5,200,T,0.1,0.25,0
2024-05-25,8,1006.6,1010.1,26.5,22.8,80,0.4,190,2.2,180,0.0,0.0,0.38,1
2024-05-25,9,1007.0,1010.5,27.1,23.2,79,0.7,230,2.9,170,0.0,0.0,0.54,1
2024-05-25,10,1006.4,1009.9,29.5,23.0,68,0.5,150,2.7,120,0.0,0.0,2.38,6
2024-05-25,11,1006.2,1009.6,30.5,22.4,62,0.6,210,2.4,120,0.0,0.0,1.83,6
2024-05-25,12,1005.9,1009.3,30.3,24.0,69,1.4,350,4.2,10,0.0,0.0,1.53,5
2024-05-25,13,1005.1,1008.5,31.2,23.6,64,0.5,300,4.5,10,0.0,0.0,2.59,8
2024-05-25,14,1004.7,1008.1,30.9,22.8,62,0.9,80,3.2,90,0.0,0.0,1.81,5
2024-05-25,15,1004.4,1007.8,30.8,23.5,65,1.0,60,3.5,40,0.0,0.0,1.02,3
2024-05-25,16,1004.3,1007.7,30.0,22.7,65,1.7,350,5.4,360,T,0.6,0.28,1
2024-05-25,17,1004.6,1008.1,26.3,24.5,90,2.2,120,6.2,130,4.0,0.6,0.14,0
2024-05-25,18,1004.5,1008.0,26.5,25.3,93,1.0,180,5.4,180,0.0,0.0,0.13,0
2024-05-25,19,1004.6,1008.1,25.7,24.3,92,0.9,190,5.4,180,0.0,0.0,0.03,0
2024-05-25,20,1005.0,1008.5,26.1,24.0,88,1.2,160,3.2,180,0.0,0.0,0.0,0
2024-05-25,21,1005.1,1008.6,25.7,23.9,90,1.5,180,3.1,180,0.0,0.0,0.0,0
2024-05-25,22,1004.7,1008.2,25.7,24.3,92,0.8,140,3.2,160,0.0,0.0,0.0,0
2024-05-25,23,1003.8,1007.3,25.4,24.0,92,0.6,130,3.0,180,0.0,0.0,0.0,0
2024-05-25,24,1003.3,1006.8,25.2,23.8,92,0.9,220,2.3,240,0.0,0.0,0.0,0
2024-05-26,1,1002.7,1006.2,24.9,23.7,93,0.5,200,3.4,240,0.0,0.0,0.0,0
2024-05-26,2,1002.5,1006.0,24.6,23.4,93,0.7,160,2.2,170,0.0,0.0,0.0,0
2024-05-26,3,1002.2,1005.7,24.5,23.3,93,0.5,180,2.9,180,0.0,0.0,0.0,0
2024-05-26,4,1002.1,1005.6,24.7,23.1,91,0.9,160,2.7,150,0.0,0.0,0.0,0
2024-05-26,5,1002.0,1005.5,24.5,23.1,92,0.6,190,3.0,130,0.0,0.0,0.0,0
2024-05-26,6,1002.4,1005.9,24.9,23.2,90,0.6,140,3.5,180,0.0,0.0,0.15,0
2024-05-26,7,1002.6,1006.1,25.9,23.6,87,0.4,100,2.3,130,0.0,0.0,0.52,1
2024-05-26,8,1002.2,1005.7,27.6,23.8,80,0.4,130,1.6,130,0.0,0.0,1.48,2
2024-05-26,9,1001.8,1005.2,29.6,23.8,71,0.9,140,2.7,140,0.0,0.0,2.56,5
2024-05-26,10,1001.1,1004.5,30.7,22.6,62,0.7,120,3.1,110,0.0,0.0,2.59,7
2024-05-26,11,1000.5,1003.9,31.3,23.4,63,0.7,320,4.1,340,0.0,0.0,1.89,7
2024-05-26,12,999.7,1003.1,32.0,22.7,58,0.4,170,4.6,350,0.0,0.0,2.31,8
2024-05-26,13,999.6,1003.0,28.8,25.6,83,1.8,320,8.7,340,0.5,0.2,0.66,3
2024-05-26,14,999.7,1003.2,27.2,26.2,94,0.5,V,8.1,310,14.0,1.0,0.45,2
2024-05-26,15,998.8,1002.3,27.2,25.6,91,1.1,110,3.0,360,T,0.6,0.77,3
2024-05-26,16,997.9,1001.3,28.0,25.4,86,0.7,140,4.0,100,T,0.1,0.9,2
2024-05-26,17,997.2,1000.6,28.0,24.6,82,1.1,140,4.1,130,0.0,0.0,0.61,1
2024-05-26,18,997.3,1000.7,28.3,24.1,78,1.3,140,2.8,160,0.0,0.0,0.37,0
2024-05-26,19,997.7,1001.1,27.8,24.7,83,0.6,130,2.8,130,0.0,0.0,0.03,0
2024-05-26,20,997.5,1000.9,27.6,25.2,87,1.1,140,2.9,120,T,0.2,0.0,0
2024-05-26,21,998.1,1001.5,27.2,25.4,90,1.2,150,2.8,140,T,0.1,0.0,0
2024-05-26,22,997.7,1001.1,26.9,25.3,91,0.9,160,3.5,150,0.0,0.0,0.0,0
2024-05-26,23,997.5,1001.0,26.8,24.7,88,0.6,140,2.7,170,0.0,0.0,0.0,0
2024-05-26,24,997.5,1001.0,26.5,24.7,90,0.3,220,2.2,140,0.0,0.0,0.0,0
2024-05-27,1,996.8,1000.3,26.4,24.3,88,0.7,160,3.3,210,0.0,0.0,0.0,0
2024-05-27,2,996.9,1000.4,26.1,24.3,90,0.4,200,1.9,230,0.0,0.0,0.0,0
2024-05-27,3,996.1,999.6,26.0,24.1,89,0.3,170,3.8,170,0.0,0.0,0.0,0
2024-05-27,4,996.8,1000.3,26.2,23.7,86,0.4,150,3.1,130,0.0,0.0,0.0,0
2024-05-27,5,997.9,1001.4,25.9,24.1,90,0.6,90,2.2,110,T,0.2,0.0,0
2024-05-27,6,999.5,1003.0,24.9,23.0,89,0.8,300,9.4,360,0.5,0.7,0.0,0
2024-05-27,7,1000.8,1004.3,24.3,22.6,90,0.4,260,5.4,330,0.5,0.7,0.0,0
2024-05-27,8,1001.8,1005.3,23.4,22.0,92,1.2,140,6.2,120,0.5,0.9,0.01,0
2024-05-27,9,1002.8,1006.3,22.6,21.2,92,2.2,120,5.6,120,2.0,1.0,0.08,0
2024-05-27,10,1002.9,1006.4,22.6,20.9,90,2.6,100,8.1,110,1.5,1.0,0.49,2
2024-05-27,11,1002.9,1006.4,23.0,20.9,88,2.8,90,8.2,100,1.5,1.0,1.02,4
2024-05-27,12,1002.8,1006.3,23.6,20.4,82,3.5,100,9.8,80,T,0.2,1.18,5
2024-05-27,13,1002.6,1006.1,23.6,20.2,81,3.8,110,10.3,110,0.0,0.0,0.96,4
2024-05-27,14,1002.5,1006.0,23.4,19.6,79,2.8,100,10.0,90,0.0,0.0,1.07,4
2024-05-27,15,1003.0,1006.5,23.0,19.6,81,2.3,100,10.1,60,0.0,0.0,0.44,1
2024-05-27,16,1003.0,1006.5,23.0,19.4,80,4.1,110,9.8,100,0.0,0.0,0.19,1
2024-05-27,17,1003.2,1006.7,22.1,20.4,90,2.6,130,8.3,70,T,0.5,0.06,0
2024-05-27,18,1003.8,1007.3,22.0,20.3,90,2.7,140,6.3,140,T,1.0,0.03,0
2024-05-27,19,1004.5,1008.0,22.2,19.9,87,2.0,110,6.0,100,T,0.2,0.01,0
2024-05-27,20,1005.2,1008.7,22.8,18.4,76,2.2,100,8.2,120,0.0,0.0,0.0,0
2024-05-27,21,1005.4,1008.9,22.7,17.8,74,2.3,100,8.0,60,0.0,0.0,0.0,0
2024-05-27,22,1005.8,1009.3,22.8,17.5,72,3.3,100,8.5,100,0.0,0.0,0.0,0
2024-05-27,23,1005.8,1009.3,22.8,17.1,70,3.3,100,8.7,80,0.0,0.0,0.0,0
2024-05-27,24,1005.4,1008.9,22.6,17.1,71,2.8,100,7.3,100,0.0,0.0,0.0,0
2024-05-28,1,1005.5,1009.0,22.5,17.0,71,3.0,110,8.7,100,0.0,0.0,0.0,0
2024-05-28,2,1005.3,1008.8,22.5,17.0,71,3.2,110,7.8,100,0.0,0.0,0.0,0
2024-05-28,3,1005.4,1008.9,22.7,17.0,70,2.1,120,6.5,110,0.0,0.0,0.0,0
2024-05-28,4,1005.4,1008.9,22.7,17.2,71,2.6,110,7.0,120,T,0.1,0.0,0
2024-05-28,5,1005.8,1009.3,22.8,17.1,70,2.1,110,7.8,130,0.0,0.0,0.0,0
2024-05-28,6,1006.3,1009.8,22.8,17.1,70,2.5,110,6.8,100,0.0,0.0,0.05,0
2024-05-28,7,1006.8,1010.3,23.1,17.3,70,3.1,110,7.6,120,0.0,0.0,0.26,0
2024-05-28,8,1006.7,1010.2,23.6,17.6,69,4.1,100,9.5,100,0.0,0.0,0.72,1
2024-05-28,9,1006.7,1010.2,24.0,17.7,68,3.3,100,11.4,120,0.0,0.0,1.1,3
2024-05-28,10,1006.3,1009.8,24.0,18.0,69,4.6,110,10.3,100,0.0,0.0,1.09,3
2024-05-28,11,1005.5,1009.0,25.0,18.9,69,4.2,120,10.1,90,0.0,0.0,1.73,6
2024-05-28,12,1004.8,1008.3,25.8,19.2,67,2.9,80,11.4,80,0.0,0.0,2.91,10
2024-05-28,13,1004.6,1008.1,25.3,19.2,69,3.5,100,11.7,60,0.0,0.0,2.59,8
2024-05-28,14,1004.3,1007.8,25.4,19.5,70,4.0,80,9.9,70,0.0,0.0,2.37,7
2024-05-28,15,1004.2,1007.7,24.9,19.7,73,4.9,100,13.5,90,0.0,0.0,1.43,4
2024-05-28,16,1004.0,1007.5,24.8,19.9,74,4.3,100,11.3,100,0.0,0.0,1.05,2
2024-05-28,17,1004.2,1007.7,24.6,19.9,75,3.0,90,11.7,110,0.0,0.0,0.42,1
2024-05-28,18,1004.1,1007.6,24.2,19.9,77,4.7,90,11.6,70,T,0.4,0.23,0
2024-05-28,19,1004.6,1008.1,24.1,20.2,79,4.3,100,10.9,110,T,0.1,0.02,0
2024-05-28,20,1004.8,1008.3,24.1,20.4,80,4.1,100,12.1,120,T,0.2,0.0,0
2024-05-28,21,1005.1,1008.6,24.2,21.1,83,3.4,90,10.0,100,0.0,0.0,0.0,0
2024-05-28,22,1005.7,1009.2,24.4,21.3,83,3.2,100,9.5,80,0.0,0.0,0.0,0
2024-05-28,23,1005.2,1008.7,24.4,21.7,85,3.0,110,8.9,100,0.0,0.0,0.0,0
2024-05-28,24,1004.5,1008.0,24.2,21.9,87,2.0,100,6.9,100,0.0,0.0,0.0,0
2024-05-29,1,1004.3,1007.8,24.4,22.1,87,1.9,120,6.7,120,0.0,0.0,0.0,0
2024-05-29,2,1004.1,1007.6,24.7,22.2,86,1.5,130,4.3,130,0.0,0.0,0.0,0
2024-05-29,3,1004.1,1007.6,24.7,22.2,86,1.2,130,4.7,140,0.0,0.0,0.0,0
2024-05-29,4,1004.3,1007.8,24.8,22.1,85,1.0,180,1.9,150,0.0,0.0,0.0,0
2024-05-29,5,1004.4,1007.9,24.8,22.1,85,1.0,140,2.4,150,0.0,0.0,0.0,0
2024-05-29,6,1004.9,1008.4,24.9,22.6,87,0.7,80,1.8,50,0.0,0.0,0.03,0
2024-05-29,7,1005.2,1008.7,25.8,22.5,82,0.4,60,1.6,40,0.0,0.0,0.32,0
2024-05-29,8,1005.4,1008.9,26.5,22.6,79,0.6,160,1.9,150,0.0,0.0,0.65,1
2024-05-29,9,1005.3,1008.8,27.5,23.1,77,0.8,V,2.3,260,0.0,0.0,0.87,2
2024-05-29,10,1005.2,1008.6,29.4,23.1,69,0.6,110,2.6,30,0.0,0.0,2.19,6
2024-05-29,11,1004.5,1007.9,31.5,22.8,60,1.3,40,3.7,130,0.0,0.0,3.4,11
2024-05-29,12,1004.0,1007.4,32.7,23.9,60,1.6,140,3.7,60,0.0,0.0,3.21,11
2024-05-29,13,1003.6,1007.0,33.0,23.9,59,1.9,330,5.0,360,0.0,0.0,3.09,10
2024-05-29,14,1003.3,1006.7,31.3,22.9,61,0.8,360,4.6,350,0.0,0.0,1.27,4
2024-05-29,15,1003.4,1006.8,31.2,24.1,66,1.8,150,4.1,190,0.0,0.0,0.42,1
2024-05-29,16,1003.2,1006.6,31.1,24.5,68,1.1,160,3.8,180,0.0,0.0,0.84,2
2024-05-29,17,1003.6,1007.0,30.7,24.1,68,1.4,220,3.3,160,0.0,0.0,0.26,1
2024-05-29,18,1004.2,1007.6,30.4,23.8,68,1.2,240,3.1,170,0.0,0.0,0.13,0
2024-05-29,19,1004.9,1008.3,29.6,24.5,74,1.3,210,3.4,180,0.0,0.0,0.04,0
2024-05-29,20,1005.6,1009.0,29.7,22.7,66,0.5,260,2.7,320,0.0,0.0,0.0,0
2024-05-29,21,1006.2,1009.6,29.5,23.2,69,0.9,250,2.9,250,0.0,0.0,0.0,0
2024-05-29,22,1006.5,1010.0,28.4,24.4,79,2.3,180,3.6,170,0.0,0.0,0.0,0
2024-05-29,23,1006.3,1009.8,28.0,24.2,80,1.4,230,3.3,190,0.0,0.0,0.0,0
2024-05-29,24,1006.3,1009.8,28.0,23.8,78,1.3,170,2.7,170,0.0,0.0,0.0,0
2024-05-30,1,1006.1,1009.6,27.6,24.1,81,1.7,180,3.3,190,0.0,0.0,0.0,0
2024-05-30,2,1005.8,1009.3,27.3,23.8,81,1.2,180,2.4,180,0.0,0.0,0.0,0
2024-05-30,3,1005.7,1009.2,26.8,23.5,82,1.3,180,3.5,190,0.0,0.0,0.0,0
2024-05-30,4,1005.9,1009.4,26.5,23.4,83,1.6,170,3.3,170,0.0,0.0,0.0,0
2024-05-30,5,1006.0,1009.5,26.3,23.6,85,1.4,160,2.7,190,0.0,0.0,0.0,0
2024-05-30,6,1006.5,1010.0,26.5,23.8,85,0.8,210,2.5,190,0.0,0.0,0.15,0
2024-05-30,7,1006.6,1010.1,27.8,23.6,78,0.9,190,4.0,180,0.0,0.0,0.73,1
2024-05-30,8,1006.6,1010.0,29.6,24.0,72,0.9,180,2.6,180,0.0,0.0,1.33,2
2024-05-30,9,1006.7,1010.1,30.7,24.1,68,0.7,210,2.6,350,0.0,0.0,1.44,4
2024-05-30,10,1006.7,1010.1,31.5,23.9,64,1.3,150,3.1,140,0.0,0.0,1.87,6
2024-05-30,11,1006.9,1010.3,31.4,24.6,67,3.2,350,5.2,360,0.0,0.0,1.24,4
2024-05-30,12,1006.4,1009.8,32.2,25.1,66,1.2,20,4.8,330,0.0,0.0,1.66,6
2024-05-30,13,1006.2,1009.6,30.8,25.6,74,1.9,330,5.5,340,T,0.1,0.64,2
2024-05-30,14,1005.9,1009.3,30.7,25.1,72,1.9,350,5.5,350,0.0,0.0,0.79,3
2024-05-30,15,1005.8,1009.2,30.8,25.2,72,2.5,340,7.5,360,0.0,0.0,0.36,1
2024-05-30,16,1006.1,1009.6,28.8,26.0,85,2.2,110,7.0,180,T,0.2,0.31,1
2024-05-30,17,1006.4,1009.9,28.6,25.4,83,2.0,110,5.1,90,0.0,0.0,0.42,1
2024-05-30,18,1006.7,1010.2,28.8,25.2,81,1.2,70,4.4,90,0.0,0.0,0.39,0
2024-05-30,19,1006.7,1010.2,29.0,25.0,79,1.2,70,2.8,20,0.0,0.0,0.06,0
2024-05-30,20,1007.9,1011.4,28.6,25.2,82,1.5,140,3.2,130,0.0,0.0,0.0,0
2024-05-30,21,1008.3,1011.8,28.6,25.4,83,1.9,160,3.2,170,0.0,0.0,0.0,0
2024-05-30,22,1008.3,1011.8,28.2,25.6,86,1.2,120,2.5,170,0.0,0.0,0.0,0
2024-05-30,23,1008.3,1011.8,28.2,25.4,85,0.9,210,2.1,150,0.0,0.0,0.0,0
2024-05-30,24,1008.2,1011.7,27.8,25.4,87,1.8,170,3.1,190,0.0,0.0,0.0,0
2024-05-31,1,1007.9,1011.4,27.5,25.3,88,0.8,180,2.8,190,T,0.2,0.0,0
2024-05-31,2,1007.6,1011.1,27.3,25.3,89,1.1,160,2.6,20,T,0.1,0.0,0
2024-05-31,3,1007.6,1011.1,26.9,25.3,91,0.9,160,2.3,190,T,0.3,0.0,0
2024-05-31,4,1007.4,1010.9,26.9,25.3,91,1.1,170,2.5,160,0.0,0.0,0.0,0
2024-05-31,5,1007.5,1011.0,26.9,25.1,90,1.3,180,2.9,180,0.0,0.0,0.0,0
2024-05-31,6,1008.3,1011.8,27.1,24.8,87,1.5,180,3.4,180,0.5,0.0,0.03,0
2024-05-31,7,1008.2,1011.7,27.4,24.9,86,1.9,180,3.0,140,0.0,0.0,0.29,0
2024-05-31,8,1008.3,1011.8,28.6,25.4,83,0.7,170,2.5,190,0.0,0.0,0.96,2
2024-05-31,9,1008.3,1011.7,30.2,25.3,75,1.3,70,2.6,10,0.0,0.0,1.49,4
2024-05-31,10,1008.5,1011.9,31.2,25.1,70,1.1,190,3.0,160,0.0,0.0,1.8,6
2024-05-31,11,1007.8,1011.2,30.6,25.2,73,1.9,330,6.2,340,0.0,0.0,1.45,5
2024-05-31,12,1007.3,1010.8,29.5,26.7,85,1.1,300,4.6,360,T,1.0,0.85,4
2024-05-31,13,1007.4,1010.9,28.6,25.2,82,2.5,330,9.3,320,T,1.0,0.38,2
2024-05-31,14,1007.3,1010.8,28.8,25.4,82,1.5,300,7.3,320,T,1.0,0.35,1
2024-05-31,15,1007.2,1010.7,28.7,24.9,80,2.9,310,7.5,290,0.5,1.0,0.27,1
2024-05-31,16,1006.6,1010.1,28.4,24.4,79,1.0,300,6.3,310,T,0.2,0.28,1
2024-05-31,17,1006.4,1009.9,27.2,25.0,88,1.2,360,5.2,320,T,0.7,0.06,0
2024-05-31,18,1007.1,1010.6,26.6,24.8,90,0.7,310,3.9,360,0.5,1.0,0.05,0
2024-05-31,19,1007.3,1010.8,26.4,25.0,92,1.5,120,2.8,130,T,0.5,0.0,0
2024-05-31,20,1008.1,1011.6,25.6,23.8,90,2.4,100,5.9,90,0.5,0.4,0.0,0
2024-05-31,21,1007.9,1011.4,25.2,23.6,91,2.3,110,7.1,90,0.5,0.8,0.0,0
2024-05-31,22,1008.2,1011.7,25.0,23.3,90,2.8,100,7.8,110,0.5,0.5,0.0,0
2024-05-31,23,1007.9,1011.4,24.6,23.2,92,2.5,120,8.6,70,0.5,0.6,0.0,0
2024-05-31,24,1007.2,1010.7,24.4,22.8,91,2.6,110,6.9,120,0.0,0.0,0.0,0
