origin,destination,distance_km,duration_min,origin_sno,destination_sno
YouBike2.0_辛亥復興路口西北側,YouBike2.0_新生南路三段52號前,1.143,4.3,500101005.0,500101008.0
YouBike2.0_辛亥復興路口西北側,YouBike2.0_新生南路三段66號前,1.296,4.8,500101005.0,500101009.0
YouBike2.0_辛亥復興路口西北側,YouBike2.0_新生南路三段82號前,1.39,5.1,500101005.0,500101010.0
YouBike2.0_辛亥復興路口西北側,YouBike2.0_銘傳國小側門,1.688,8.4,500101005.0,500101021.0
YouBike2.0_辛亥復興路口西北側,YouBike2.0_捷運公館站(2號出口),1.66,6.2,500101005.0,500101022.0
YouBike2.0_辛亥復興路口西北側,YouBike2.0_第二學生活動中心,1.868,7.0,500101005.0,500101023.0
YouBike2.0_辛亥復興路口西北側,YouBike2.0_臺灣科技大學正門,1.22,5.7,500101005.0,500101024.0
YouBike2.0_辛亥復興路口西北側,YouBike2.0_臺灣科技大學側門,1.48,6.4,500101005.0,500101025.0
YouBike2.0_辛亥復興路口西北側,YouBike2.0_臺大男七舍前,1.117,5.1,500101005.0,500101031.0
YouBike2.0_辛亥復興路口西北側,YouBike2.0_臺大男一舍前,0.919,4.5,500101005.0,500101032.0
YouBike2.0_辛亥復興路口西北側,YouBike2.0_臺大男六舍前,0.888,4.3,500101005.0,500101033.0
YouBike2.0_辛亥復興路口西北側,YouBike2.0_臺大動物醫院前,1.013,4.5,500101005.0,500101034.0
YouBike2.0_辛亥復興路口西北側,YouBike2.0_臺大萬才館前,0.283,1.6,500101005.0,500101036.0
YouBike2.0_辛亥復興路口西北側,YouBike2.0_臺大國青大樓宿舍前,0.191,1.4,500101005.0,500101037.0
YouBike2.0_辛亥復興路口西北側,YouBike2.0_臺大社科院圖書館前,0.126,0.6,500101005.0,500101038.0
YouBike2.0_辛亥復興路口西北側,YouBike2.0_臺大法人語言訓練中心前,0.33,1.2,500101005.0,500101039.0
YouBike2.0_辛亥復興路口西北側,YouBike2.0_臺大綜合體育館停車場前,0.823,2.6,500101005.0,500101040.0
YouBike2.0_辛亥復興路口西北側,YouBike2.0_辛亥新生路口東南側,0.991,3.8,500101005.0,500101041.0
YouBike2.0_辛亥復興路口西北側,YouBike2.0_基隆長興路口東側,0.765,3.3,500101005.0,500101042.0
YouBike2.0_辛亥復興路口西北側,YouBike2.0_捷運公館站(3號出口),1.877,7.0,500101005.0,500101181.0
YouBike2.0_辛亥復興路口西北側,YouBike2.0_新生南路三段94巷口,1.559,5.6,500101005.0,500101184.0
YouBike2.0_辛亥復興路口西北側,YouBike2.0_基隆長興路口,0.809,3.9,500101005.0,500101193.0
YouBike2.0_辛亥復興路口西北側,YouBike2.0_臺大資訊大樓,0.258,1.0,500101005.0,500101209.0
YouBike2.0_辛亥復興路口西北側,YouBike2.0_捷運公館站(1號出口),1.987,6.9,500101005.0,500106003.0
YouBike2.0_辛亥復興路口西北側,YouBike2.0_捷運公館站(4號出口),1.905,6.7,500101005.0,500106004.0
YouBike2.0_辛亥復興路口西北側,YouBike2.0_臺大男八舍東側,0.765,4.0,500101005.0,500119043.0
YouBike2.0_辛亥復興路口西北側,YouBike2.0_臺大禮賢樓東南側,1.504,5.3,500101005.0,500119044.0
YouBike2.0_辛亥復興路口西北側,YouBike2.0_臺大農業陳列館北側,1.352,4.9,500101005.0,500119045.0
YouBike2.0_辛亥復興路口西北側,YouBike2.0_臺大管理學院二館北側,1.631,7.2,500101005.0,500119046.0
YouBike2.0_辛亥復興路口西北側,YouBike2.0_臺大土木系館,0.969,4.1,500101005.0,500119047.0
YouBike2.0_辛亥復興路口西北側,YouBike2.0_臺大大一女舍北側,1.603,5.6,500101005.0,500119048.0
YouBike2.0_辛亥復興路口西北側,YouBike2.0_臺大女九舍西南側,0.651,2.8,500101005.0,500119049.0
YouBike2.0_辛亥復興路口西北側,YouBike2.0_臺大小福樓東側,0.978,3.9,500101005.0,500119050.0
YouBike2.0_辛亥復興路口西北側,YouBike2.0_臺大立體機車停車場,1.033,4.1,500101005.0,500119051.0
YouBike2.0_辛亥復興路口西北側,YouBike2.0_臺大工綜館南側,0.758,3.1,500101005.0,500119052.0
YouBike2.0_辛亥復興路口西北側,YouBike2.0_臺大天文數學館南側,0.649,2.8,500101005.0,500119053.0
YouBike2.0_辛亥復興路口西北側,YouBike2.0_臺大心理系館南側,0.57,2.6,500101005.0,500119054.0
YouBike2.0_辛亥復興路口西北側,YouBike2.0_臺大樂學館東側,1.199,4.5,500101005.0,500119055.0
YouBike2.0_辛亥復興路口西北側,YouBike2.0_臺大農化新館西側,1.504,5.4,500101005.0,500119056.0
YouBike2.0_辛亥復興路口西北側,YouBike2.0_臺大五號館西側,1.225,4.6,500101005.0,500119057.0
YouBike2.0_辛亥復興路口西北側,YouBike2.0_臺大舊體育館西側,0.959,3.8,500101005.0,500119058.0
YouBike2.0_辛亥復興路口西北側,YouBike2.0_臺大共同教室東南側,1.226,4.5,500101005.0,500119060.0
YouBike2.0_辛亥復興路口西北側,YouBike2.0_臺大鹿鳴堂東側,1.324,4.8,500101005.0,500119061.0
YouBike2.0_辛亥復興路口西北側,YouBike2.0_臺大公館停車場西北側,1.642,6.4,500101005.0,500119062.0
YouBike2.0_辛亥復興路口西北側,YouBike2.0_臺大第二行政大樓南側,1.377,5.0,500101005.0,500119063.0
YouBike2.0_辛亥復興路口西北側,YouBike2.0_臺大明達館機車停車場,0.808,3.4,500101005.0,500119064.0
YouBike2.0_辛亥復興路口西北側,YouBike2.0_臺大二號館,1.331,4.9,500101005.0,500119065.0
YouBike2.0_辛亥復興路口西北側,YouBike2.0_臺大凝態館南側,0.827,3.3,500101005.0,500119066.0
YouBike2.0_辛亥復興路口西北側,YouBike2.0_臺大社科院西側,0.374,2.0,500101005.0,500119067.0
YouBike2.0_辛亥復興路口西北側,YouBike2.0_臺大社會系館南側,0.368,2.3,500101005.0,500119068.0
YouBike2.0_辛亥復興路口西北側,YouBike2.0_臺大思亮館東南側,0.552,2.5,500101005.0,500119069.0
YouBike2.0_辛亥復興路口西北側,YouBike2.0_臺大椰林小舖,1.445,5.2,500101005.0,500119070.0
YouBike2.0_辛亥復興路口西北側,YouBike2.0_臺大計資中心南側,0.51,2.4,500101005.0,500119071.0
YouBike2.0_辛亥復興路口西北側,YouBike2.0_臺大原分所北側,0.785,3.2,500101005.0,500119072.0
YouBike2.0_辛亥復興路口西北側,YouBike2.0_臺大生命科學館西北側,1.244,4.6,500101005.0,500119074.0
YouBike2.0_辛亥復興路口西北側,YouBike2.0_臺大第一活動中心西南側,0.986,3.8,500101005.0,500119075.0
YouBike2.0_辛亥復興路口西北側,YouBike2.0_臺大博理館西側,0.423,2.1,500101005.0,500119076.0
YouBike2.0_辛亥復興路口西北側,YouBike2.0_臺大博雅館西側,1.084,4.1,500101005.0,500119077.0
YouBike2.0_辛亥復興路口西北側,YouBike2.0_臺大森林館北側,1.058,4.0,500101005.0,500119078.0
YouBike2.0_辛亥復興路口西北側,YouBike2.0_臺大一號館,1.447,5.2,500101005.0,500119079.0
YouBike2.0_辛亥復興路口西北側,YouBike2.0_臺大小小福西南側,1.346,4.9,500101005.0,500119080.0
YouBike2.0_辛亥復興路口西北側,YouBike2.0_臺大教研館北側,1.472,5.4,500101005.0,500119081.0
YouBike2.0_辛亥復興路口西北側,YouBike2.0_臺大四號館東北側,1.156,4.4,500101005.0,500119082.0
YouBike2.0_辛亥復興路口西北側,YouBike2.0_臺大新生教室南側,0.87,3.5,500101005.0,500119083.0
YouBike2.0_辛亥復興路口西北側,YouBike2.0_臺大鄭江樓北側,0.62,2.7,500101005.0,500119084.0
YouBike2.0_辛亥復興路口西北側,YouBike2.0_臺大電機二館東南側,0.552,2.5,500101005.0,500119085.0
YouBike2.0_辛亥復興路口西北側,YouBike2.0_臺大圖資系館北側,0.848,3.4,500101005.0,500119086.0
YouBike2.0_辛亥復興路口西北側,YouBike2.0_臺大總圖書館西南側,1.077,4.1,500101005.0,500119087.0
YouBike2.0_辛亥復興路口西北側,YouBike2.0_臺大黑森林西側,0.321,2.9,500101005.0,500119088.0
YouBike2.0_辛亥復興路口西北側,YouBike2.0_臺大獸醫館南側,0.651,2.8,500101005.0,500119089.0
YouBike2.0_辛亥復興路口西北側,YouBike2.0_臺大新體育館東南側,0.937,3.6,500101005.0,500119090.0
YouBike2.0_辛亥復興路口西北側,YouBike2.0_臺大明達館北側(員工宿舍),0.987,4.0,500101005.0,500119091.0
YouBike2.0_新生南路三段52號前,YouBike2.0_辛亥復興路口西北側,1.057,3.8,500101008.0,500101005.0
YouBike2.0_新生南路三段52號前,YouBike2.0_新生南路三段66號前,0.153,0.5,500101008.0,500101009.0
YouBike2.0_新生南路三段52號前,YouBike2.0_新生南路三段82號前,0.247,0.7,500101008.0,500101010.0
YouBike2.0_新生南路三段52號前,YouBike2.0_銘傳國小側門,1.024,4.8,500101008.0,500101021.0
YouBike2.0_新生南路三段52號前,YouBike2.0_捷運公館站(2號出口),0.826,2.9,500101008.0,500101022.0
YouBike2.0_新生南路三段52號前,YouBike2.0_第二學生活動中心,1.182,4.0,500101008.0,500101023.0
YouBike2.0_新生南路三段52號前,YouBike2.0_臺灣科技大學正門,1.998,6.5,500101008.0,500101024.0
YouBike2.0_新生南路三段52號前,YouBike2.0_臺灣科技大學側門,1.87,6.2,500101008.0,500101025.0
YouBike2.0_新生南路三段52號前,YouBike2.0_臺大男七舍前,1.871,7.1,500101008.0,500101031.0
YouBike2.0_新生南路三段52號前,YouBike2.0_臺大男一舍前,1.673,6.5,500101008.0,500101032.0
YouBike2.0_新生南路三段52號前,YouBike2.0_臺大男六舍前,1.643,6.3,500101008.0,500101033.0
YouBike2.0_新生南路三段52號前,YouBike2.0_臺大動物醫院前,1.762,6.2,500101008.0,500101034.0
YouBike2.0_新生南路三段52號前,YouBike2.0_臺大萬才館前,1.264,4.9,500101008.0,500101036.0
YouBike2.0_新生南路三段52號前,YouBike2.0_臺大國青大樓宿舍前,1.172,4.6,500101008.0,500101037.0
YouBike2.0_新生南路三段52號前,YouBike2.0_臺大社科院圖書館前,1.017,3.6,500101008.0,500101038.0
YouBike2.0_新生南路三段52號前,YouBike2.0_臺大法人語言訓練中心前,0.812,3.0,500101008.0,500101039.0
YouBike2.0_新生南路三段52號前,YouBike2.0_臺大綜合體育館停車場前,0.32,1.5,500101008.0,500101040.0
YouBike2.0_新生南路三段52號前,YouBike2.0_辛亥新生路口東南側,0.169,1.1,500101008.0,500101041.0
YouBike2.0_新生南路三段52號前,YouBike2.0_基隆長興路口東側,1.746,6.5,500101008.0,500101042.0
YouBike2.0_新生南路三段52號前,YouBike2.0_捷運公館站(3號出口),0.734,2.7,500101008.0,500101181.0
YouBike2.0_新生南路三段52號前,YouBike2.0_新生南路三段94巷口,0.416,1.2,500101008.0,500101184.0
YouBike2.0_新生南路三段52號前,YouBike2.0_基隆長興路口,1.558,5.6,500101008.0,500101193.0
YouBike2.0_新生南路三段52號前,YouBike2.0_臺大資訊大樓,0.885,3.2,500101008.0,500101209.0
YouBike2.0_新生南路三段52號前,YouBike2.0_捷運公館站(1號出口),0.844,2.5,500101008.0,500106003.0
YouBike2.0_新生南路三段52號前,YouBike2.0_捷運公館站(4號出口),0.762,2.3,500101008.0,500106004.0
YouBike2.0_新生南路三段52號前,YouBike2.0_臺大男八舍東側,1.669,6.5,500101008.0,500119043.0
YouBike2.0_新生南路三段52號前,YouBike2.0_臺大禮賢樓東南側,1.502,5.0,500101008.0,500119044.0
YouBike2.0_新生南路三段52號前,YouBike2.0_臺大農業陳列館北側,0.353,2.2,500101008.0,500119045.0
YouBike2.0_新生南路三段52號前,YouBike2.0_臺大管理學院二館北側,1.177,5.9,500101008.0,500119046.0
YouBike2.0_新生南路三段52號前,YouBike2.0_臺大土木系館,1.194,4.5,500101008.0,500119047.0
YouBike2.0_新生南路三段52號前,YouBike2.0_臺大大一女舍北側,1.302,4.4,500101008.0,500119048.0
YouBike2.0_新生南路三段52號前,YouBike2.0_臺大女九舍西南側,0.863,3.1,500101008.0,500119049.0
YouBike2.0_新生南路三段52號前,YouBike2.0_臺大小福樓東側,0.851,3.1,500101008.0,500119050.0
YouBike2.0_新生南路三段52號前,YouBike2.0_臺大立體機車停車場,1.611,5.3,500101008.0,500119051.0
YouBike2.0_新生南路三段52號前,YouBike2.0_臺大工綜館南側,1.174,4.1,500101008.0,500119052.0
YouBike2.0_新生南路三段52號前,YouBike2.0_臺大天文數學館南側,0.629,2.5,500101008.0,500119053.0
YouBike2.0_新生南路三段52號前,YouBike2.0_臺大心理系館南側,1.063,3.8,500101008.0,500119054.0
YouBike2.0_新生南路三段52號前,YouBike2.0_臺大樂學館東側,0.754,2.8,500101008.0,500119055.0
YouBike2.0_新生南路三段52號前,YouBike2.0_臺大農化新館西側,0.711,3.2,500101008.0,500119056.0
YouBike2.0_新生南路三段52號前,YouBike2.0_臺大五號館西側,1.098,3.8,500101008.0,500119057.0
YouBike2.0_新生南路三段52號前,YouBike2.0_臺大舊體育館西側,0.546,2.2,500101008.0,500119058.0
YouBike2.0_新生南路三段52號前,YouBike2.0_臺大共同教室東南側,1.223,4.2,500101008.0,500119060.0
YouBike2.0_新生南路三段52號前,YouBike2.0_臺大鹿鳴堂東側,1.321,4.5,500101008.0,500119061.0
YouBike2.0_新生南路三段52號前,YouBike2.0_臺大公館停車場西北側,1.674,6.0,500101008.0,500119062.0
YouBike2.0_新生南路三段52號前,YouBike2.0_臺大第二行政大樓南側,1.045,3.6,500101008.0,500119063.0
YouBike2.0_新生南路三段52號前,YouBike2.0_臺大明達館機車停車場,1.484,5.0,500101008.0,500119064.0
YouBike2.0_新生南路三段52號前,YouBike2.0_臺大二號館,0.999,3.5,500101008.0,500119065.0
YouBike2.0_新生南路三段52號前,YouBike2.0_臺大凝態館南側,0.423,1.8,500101008.0,500119066.0
YouBike2.0_新生南路三段52號前,YouBike2.0_臺大社科院西側,0.946,3.4,500101008.0,500119067.0
YouBike2.0_新生南路三段52號前,YouBike2.0_臺大社會系館南側,1.088,4.2,500101008.0,500119068.0
YouBike2.0_新生南路三段52號前,YouBike2.0_臺大思亮館東南側,0.718,2.7,500101008.0,500119069.0
YouBike2.0_新生南路三段52號前,YouBike2.0_臺大椰林小舖,1.147,4.0,500101008.0,500119070.0
YouBike2.0_新生南路三段52號前,YouBike2.0_臺大計資中心南側,0.798,3.0,500101008.0,500119071.0
YouBike2.0_新生南路三段52號前,YouBike2.0_臺大原分所北側,0.935,3.4,500101008.0,500119072.0
YouBike2.0_新生南路三段52號前,YouBike2.0_臺大生命科學館西北側,1.241,4.3,500101008.0,500119074.0
YouBike2.0_新生南路三段52號前,YouBike2.0_臺大第一活動中心西南側,1.211,4.2,500101008.0,500119075.0
YouBike2.0_新生南路三段52號前,YouBike2.0_臺大博理館西側,1.143,4.0,500101008.0,500119076.0
YouBike2.0_新生南路三段52號前,YouBike2.0_臺大博雅館西側,0.646,2.5,500101008.0,500119077.0
YouBike2.0_新生南路三段52號前,YouBike2.0_臺大森林館北側,1.137,3.9,500101008.0,500119078.0
YouBike2.0_新生南路三段52號前,YouBike2.0_臺大一號館,0.587,2.9,500101008.0,500119079.0
YouBike2.0_新生南路三段52號前,YouBike2.0_臺大小小福西南側,1.157,4.0,500101008.0,500119080.0
YouBike2.0_新生南路三段52號前,YouBike2.0_臺大教研館北側,1.53,5.1,500101008.0,500119081.0
YouBike2.0_新生南路三段52號前,YouBike2.0_臺大四號館東北側,1.029,3.6,500101008.0,500119082.0
YouBike2.0_新生南路三段52號前,YouBike2.0_臺大新生教室南側,0.822,3.0,500101008.0,500119083.0
YouBike2.0_新生南路三段52號前,YouBike2.0_臺大鄭江樓北側,1.339,4.5,500101008.0,500119084.0
YouBike2.0_新生南路三段52號前,YouBike2.0_臺大電機二館東南側,1.272,4.3,500101008.0,500119085.0
YouBike2.0_新生南路三段52號前,YouBike2.0_臺大圖資系館北側,1.072,3.8,500101008.0,500119086.0
YouBike2.0_新生南路三段52號前,YouBike2.0_臺大總圖書館西南側,1.301,4.5,500101008.0,500119087.0
YouBike2.0_新生南路三段52號前,YouBike2.0_臺大黑森林西側,1.187,5.1,500101008.0,500119088.0
YouBike2.0_新生南路三段52號前,YouBike2.0_臺大獸醫館南側,1.565,5.2,500101008.0,500119089.0
YouBike2.0_新生南路三段52號前,YouBike2.0_臺大新體育館東南側,0.412,1.8,500101008.0,500119090.0
YouBike2.0_新生南路三段52號前,YouBike2.0_臺大明達館北側(員工宿舍),1.813,6.0,500101008.0,500119091.0
YouBike2.0_新生南路三段66號前,YouBike2.0_辛亥復興路口西北側,1.21,4.2,500101009.0,500101005.0
YouBike2.0_新生南路三段66號前,YouBike2.0_新生南路三段52號前,0.153,0.4,500101009.0,500101008.0
YouBike2.0_新生南路三段66號前,YouBike2.0_新生南路三段82號前,0.094,0.3,500101009.0,500101010.0
YouBike2.0_新生南路三段66號前,YouBike2.0_銘傳國小側門,0.871,4.4,500101009.0,500101021.0
YouBike2.0_新生南路三段66號前,YouBike2.0_捷運公館站(2號出口),0.673,2.5,500101009.0,500101022.0
YouBike2.0_新生南路三段66號前,YouBike2.0_第二學生活動中心,1.029,3.6,500101009.0,500101023.0
YouBike2.0_新生南路三段66號前,YouBike2.0_臺灣科技大學正門,1.845,6.0,500101009.0,500101024.0
YouBike2.0_新生南路三段66號前,YouBike2.0_臺灣科技大學側門,1.717,5.7,500101009.0,500101025.0
YouBike2.0_新生南路三段66號前,YouBike2.0_臺大男七舍前,2.024,7.5,500101009.0,500101031.0
YouBike2.0_新生南路三段66號前,YouBike2.0_臺大男一舍前,1.826,6.9,500101009.0,500101032.0
YouBike2.0_新生南路三段66號前,YouBike2.0_臺大男六舍前,1.796,6.8,500101009.0,500101033.0
YouBike2.0_新生南路三段66號前,YouBike2.0_臺大動物醫院前,1.915,6.7,500101009.0,500101034.0
YouBike2.0_新生南路三段66號前,YouBike2.0_臺大萬才館前,1.417,5.3,500101009.0,500101036.0
YouBike2.0_新生南路三段66號前,YouBike2.0_臺大國青大樓宿舍前,1.325,5.0,500101009.0,500101037.0
YouBike2.0_新生南路三段66號前,YouBike2.0_臺大社科院圖書館前,1.17,4.0,500101009.0,500101038.0
YouBike2.0_新生南路三段66號前,YouBike2.0_臺大法人語言訓練中心前,0.965,3.4,500101009.0,500101039.0
YouBike2.0_新生南路三段66號前,YouBike2.0_臺大綜合體育館停車場前,0.472,1.9,500101009.0,500101040.0
YouBike2.0_新生南路三段66號前,YouBike2.0_辛亥新生路口東南側,0.322,1.5,500101009.0,500101041.0
YouBike2.0_新生南路三段66號前,YouBike2.0_基隆長興路口東側,1.899,7.0,500101009.0,500101042.0
YouBike2.0_新生南路三段66號前,YouBike2.0_捷運公館站(3號出口),0.581,2.2,500101009.0,500101181.0
YouBike2.0_新生南路三段66號前,YouBike2.0_新生南路三段94巷口,0.263,0.8,500101009.0,500101184.0
YouBike2.0_新生南路三段66號前,YouBike2.0_基隆長興路口,1.711,6.0,500101009.0,500101193.0
YouBike2.0_新生南路三段66號前,YouBike2.0_臺大資訊大樓,1.038,3.6,500101009.0,500101209.0
YouBike2.0_新生南路三段66號前,YouBike2.0_捷運公館站(1號出口),0.691,2.1,500101009.0,500106003.0
YouBike2.0_新生南路三段66號前,YouBike2.0_捷運公館站(4號出口),0.609,1.9,500101009.0,500106004.0
YouBike2.0_新生南路三段66號前,YouBike2.0_臺大男八舍東側,1.822,6.9,500101009.0,500119043.0
YouBike2.0_新生南路三段66號前,YouBike2.0_臺大禮賢樓東南側,1.139,4.5,500101009.0,500119044.0
YouBike2.0_新生南路三段66號前,YouBike2.0_臺大農業陳列館北側,0.202,1.7,500101009.0,500119045.0
YouBike2.0_新生南路三段66號前,YouBike2.0_臺大管理學院二館北側,1.024,5.5,500101009.0,500119046.0
YouBike2.0_新生南路三段66號前,YouBike2.0_臺大土木系館,1.347,4.9,500101009.0,500119047.0
YouBike2.0_新生南路三段66號前,YouBike2.0_臺大大一女舍北側,0.86,3.7,500101009.0,500119048.0
YouBike2.0_新生南路三段66號前,YouBike2.0_臺大女九舍西南側,1.016,3.6,500101009.0,500119049.0
YouBike2.0_新生南路三段66號前,YouBike2.0_臺大小福樓東側,1.004,3.5,500101009.0,500119050.0
YouBike2.0_新生南路三段66號前,YouBike2.0_臺大立體機車停車場,1.763,5.8,500101009.0,500119051.0
YouBike2.0_新生南路三段66號前,YouBike2.0_臺大工綜館南側,1.327,4.5,500101009.0,500119052.0
YouBike2.0_新生南路三段66號前,YouBike2.0_臺大天文數學館南側,0.782,2.9,500101009.0,500119053.0
YouBike2.0_新生南路三段66號前,YouBike2.0_臺大心理系館南側,1.216,4.2,500101009.0,500119054.0
YouBike2.0_新生南路三段66號前,YouBike2.0_臺大樂學館東側,0.438,2.4,500101009.0,500119055.0
YouBike2.0_新生南路三段66號前,YouBike2.0_臺大農化新館西側,0.56,2.8,500101009.0,500119056.0
YouBike2.0_新生南路三段66號前,YouBike2.0_臺大五號館西側,0.708,3.2,500101009.0,500119057.0
YouBike2.0_新生南路三段66號前,YouBike2.0_臺大舊體育館西側,0.699,2.6,500101009.0,500119058.0
YouBike2.0_新生南路三段66號前,YouBike2.0_臺大共同教室東南側,1.376,4.7,500101009.0,500119060.0
YouBike2.0_新生南路三段66號前,YouBike2.0_臺大鹿鳴堂東側,0.958,3.9,500101009.0,500119061.0
YouBike2.0_新生南路三段66號前,YouBike2.0_臺大公館停車場西北側,1.827,6.4,500101009.0,500119062.0
YouBike2.0_新生南路三段66號前,YouBike2.0_臺大第二行政大樓南側,0.729,3.2,500101009.0,500119063.0
YouBike2.0_新生南路三段66號前,YouBike2.0_臺大明達館機車停車場,1.637,5.4,500101009.0,500119064.0
YouBike2.0_新生南路三段66號前,YouBike2.0_臺大二號館,0.527,2.7,500101009.0,500119065.0
YouBike2.0_新生南路三段66號前,YouBike2.0_臺大凝態館南側,0.576,2.3,500101009.0,500119066.0
YouBike2.0_新生南路三段66號前,YouBike2.0_臺大社科院西側,1.099,3.8,500101009.0,500119067.0
YouBike2.0_新生南路三段66號前,YouBike2.0_臺大社會系館南側,1.241,4.6,500101009.0,500119068.0
YouBike2.0_新生南路三段66號前,YouBike2.0_臺大思亮館東南側,0.871,3.2,500101009.0,500119069.0
YouBike2.0_新生南路三段66號前,YouBike2.0_臺大椰林小舖,0.704,3.2,500101009.0,500119070.0
YouBike2.0_新生南路三段66號前,YouBike2.0_臺大計資中心南側,0.951,3.4,500101009.0,500119071.0
YouBike2.0_新生南路三段66號前,YouBike2.0_臺大原分所北側,1.088,3.9,500101009.0,500119072.0
YouBike2.0_新生南路三段66號前,YouBike2.0_臺大生命科學館西北側,1.394,4.7,500101009.0,500119074.0
YouBike2.0_新生南路三段66號前,YouBike2.0_臺大第一活動中心西南側,1.364,4.6,500101009.0,500119075.0
YouBike2.0_新生南路三段66號前,YouBike2.0_臺大博理館西側,1.296,4.4,500101009.0,500119076.0
YouBike2.0_新生南路三段66號前,YouBike2.0_臺大博雅館西側,0.799,3.0,500101009.0,500119077.0
YouBike2.0_新生南路三段66號前,YouBike2.0_臺大森林館北側,1.29,4.4,500101009.0,500119078.0
YouBike2.0_新生南路三段66號前,YouBike2.0_臺大一號館,0.436,2.5,500101009.0,500119079.0
YouBike2.0_新生南路三段66號前,YouBike2.0_臺大小小福西南側,0.841,3.6,500101009.0,500119080.0
YouBike2.0_新生南路三段66號前,YouBike2.0_臺大教研館北側,1.683,5.5,500101009.0,500119081.0
YouBike2.0_新生南路三段66號前,YouBike2.0_臺大四號館東北側,1.182,4.1,500101009.0,500119082.0
YouBike2.0_新生南路三段66號前,YouBike2.0_臺大新生教室南側,0.975,3.5,500101009.0,500119083.0
YouBike2.0_新生南路三段66號前,YouBike2.0_臺大鄭江樓北側,1.492,5.0,500101009.0,500119084.0
YouBike2.0_新生南路三段66號前,YouBike2.0_臺大電機二館東南側,1.425,4.8,500101009.0,500119085.0
YouBike2.0_新生南路三段66號前,YouBike2.0_臺大圖資系館北側,1.225,4.2,500101009.0,500119086.0
YouBike2.0_新生南路三段66號前,YouBike2.0_臺大總圖書館西南側,1.454,4.9,500101009.0,500119087.0
YouBike2.0_新生南路三段66號前,YouBike2.0_臺大黑森林西側,1.34,5.5,500101009.0,500119088.0
YouBike2.0_新生南路三段66號前,YouBike2.0_臺大獸醫館南側,1.718,5.6,500101009.0,500119089.0
YouBike2.0_新生南路三段66號前,YouBike2.0_臺大新體育館東南側,0.564,2.2,500101009.0,500119090.0
YouBike2.0_新生南路三段66號前,YouBike2.0_臺大明達館北側(員工宿舍),1.966,6.4,500101009.0,500119091.0
YouBike2.0_新生南路三段82號前,YouBike2.0_辛亥復興路口西北側,1.304,4.5,500101010.0,500101005.0
YouBike2.0_新生南路三段82號前,YouBike2.0_新生南路三段52號前,0.247,0.7,500101010.0,500101008.0
YouBike2.0_新生南路三段82號前,YouBike2.0_新生南路三段66號前,0.094,0.3,500101010.0,500101009.0
YouBike2.0_新生南路三段82號前,YouBike2.0_銘傳國小側門,0.778,4.1,500101010.0,500101021.0
YouBike2.0_新生南路三段82號前,YouBike2.0_捷運公館站(2號出口),0.579,2.2,500101010.0,500101022.0
YouBike2.0_新生南路三段82號前,YouBike2.0_第二學生活動中心,0.935,3.3,500101010.0,500101023.0
YouBike2.0_新生南路三段82號前,YouBike2.0_臺灣科技大學正門,1.751,5.8,500101010.0,500101024.0
YouBike2.0_新生南路三段82號前,YouBike2.0_臺灣科技大學側門,1.623,5.5,500101010.0,500101025.0
YouBike2.0_新生南路三段82號前,YouBike2.0_臺大男七舍前,2.118,7.8,500101010.0,500101031.0
YouBike2.0_新生南路三段82號前,YouBike2.0_臺大男一舍前,1.92,7.2,500101010.0,500101032.0
YouBike2.0_新生南路三段82號前,YouBike2.0_臺大男六舍前,1.889,7.1,500101010.0,500101033.0
YouBike2.0_新生南路三段82號前,YouBike2.0_臺大動物醫院前,2.009,6.9,500101010.0,500101034.0
YouBike2.0_新生南路三段82號前,YouBike2.0_臺大萬才館前,1.51,5.6,500101010.0,500101036.0
YouBike2.0_新生南路三段82號前,YouBike2.0_臺大國青大樓宿舍前,1.419,5.3,500101010.0,500101037.0
YouBike2.0_新生南路三段82號前,YouBike2.0_臺大社科院圖書館前,1.264,4.3,500101010.0,500101038.0
YouBike2.0_新生南路三段82號前,YouBike2.0_臺大法人語言訓練中心前,1.059,3.7,500101010.0,500101039.0
YouBike2.0_新生南路三段82號前,YouBike2.0_臺大綜合體育館停車場前,0.566,2.2,500101010.0,500101040.0
YouBike2.0_新生南路三段82號前,YouBike2.0_辛亥新生路口東南側,0.415,1.8,500101010.0,500101041.0
YouBike2.0_新生南路三段82號前,YouBike2.0_基隆長興路口東側,1.993,7.3,500101010.0,500101042.0
YouBike2.0_新生南路三段82號前,YouBike2.0_捷運公館站(3號出口),0.488,1.9,500101010.0,500101181.0
YouBike2.0_新生南路三段82號前,YouBike2.0_新生南路三段94巷口,0.169,0.5,500101010.0,500101184.0
YouBike2.0_新生南路三段82號前,YouBike2.0_基隆長興路口,1.805,6.3,500101010.0,500101193.0
YouBike2.0_新生南路三段82號前,YouBike2.0_臺大資訊大樓,1.132,3.9,500101010.0,500101209.0
YouBike2.0_新生南路三段82號前,YouBike2.0_捷運公館站(1號出口),0.597,1.8,500101010.0,500106003.0
YouBike2.0_新生南路三段82號前,YouBike2.0_捷運公館站(4號出口),0.516,1.6,500101010.0,500106004.0
YouBike2.0_新生南路三段82號前,YouBike2.0_臺大男八舍東側,1.916,7.2,500101010.0,500119043.0
YouBike2.0_新生南路三段82號前,YouBike2.0_臺大禮賢樓東南側,1.045,4.2,500101010.0,500119044.0
YouBike2.0_新生南路三段82號前,YouBike2.0_臺大農業陳列館北側,0.108,1.4,500101010.0,500119045.0
YouBike2.0_新生南路三段82號前,YouBike2.0_臺大管理學院二館北側,0.931,5.2,500101010.0,500119046.0
YouBike2.0_新生南路三段82號前,YouBike2.0_臺大土木系館,0.764,3.7,500101010.0,500119047.0
YouBike2.0_新生南路三段82號前,YouBike2.0_臺大大一女舍北側,0.767,3.4,500101010.0,500119048.0
YouBike2.0_新生南路三段82號前,YouBike2.0_臺大女九舍西南側,1.11,3.9,500101010.0,500119049.0
YouBike2.0_新生南路三段82號前,YouBike2.0_臺大小福樓東側,0.482,2.6,500101010.0,500119050.0
YouBike2.0_新生南路三段82號前,YouBike2.0_臺大立體機車停車場,1.224,4.7,500101010.0,500119051.0
YouBike2.0_新生南路三段82號前,YouBike2.0_臺大工綜館南側,0.78,3.5,500101010.0,500119052.0
YouBike2.0_新生南路三段82號前,YouBike2.0_臺大天文數學館南側,0.876,3.2,500101010.0,500119053.0
YouBike2.0_新生南路三段82號前,YouBike2.0_臺大心理系館南側,1.31,4.5,500101010.0,500119054.0
YouBike2.0_新生南路三段82號前,YouBike2.0_臺大樂學館東側,0.344,2.1,500101010.0,500119055.0
YouBike2.0_新生南路三段82號前,YouBike2.0_臺大農化新館西側,0.466,2.5,500101010.0,500119056.0
YouBike2.0_新生南路三段82號前,YouBike2.0_臺大五號館西側,0.615,2.9,500101010.0,500119057.0
YouBike2.0_新生南路三段82號前,YouBike2.0_臺大舊體育館西側,0.792,2.9,500101010.0,500119058.0
YouBike2.0_新生南路三段82號前,YouBike2.0_臺大共同教室東南側,0.832,3.6,500101010.0,500119060.0
YouBike2.0_新生南路三段82號前,YouBike2.0_臺大鹿鳴堂東側,0.865,3.6,500101010.0,500119061.0
YouBike2.0_新生南路三段82號前,YouBike2.0_臺大公館停車場西北側,1.237,5.2,500101010.0,500119062.0
YouBike2.0_新生南路三段82號前,YouBike2.0_臺大第二行政大樓南側,0.635,3.0,500101010.0,500119063.0
YouBike2.0_新生南路三段82號前,YouBike2.0_臺大明達館機車停車場,1.731,5.7,500101010.0,500119064.0
YouBike2.0_新生南路三段82號前,YouBike2.0_臺大二號館,0.433,2.4,500101010.0,500119065.0
YouBike2.0_新生南路三段82號前,YouBike2.0_臺大凝態館南側,0.669,2.5,500101010.0,500119066.0
YouBike2.0_新生南路三段82號前,YouBike2.0_臺大社科院西側,1.193,4.1,500101010.0,500119067.0
YouBike2.0_新生南路三段82號前,YouBike2.0_臺大社會系館南側,1.334,4.9,500101010.0,500119068.0
YouBike2.0_新生南路三段82號前,YouBike2.0_臺大思亮館東南側,0.964,3.5,500101010.0,500119069.0
YouBike2.0_新生南路三段82號前,YouBike2.0_臺大椰林小舖,0.611,3.0,500101010.0,500119070.0
YouBike2.0_新生南路三段82號前,YouBike2.0_臺大計資中心南側,1.045,3.7,500101010.0,500119071.0
YouBike2.0_新生南路三段82號前,YouBike2.0_臺大原分所北側,1.181,4.2,500101010.0,500119072.0
YouBike2.0_新生南路三段82號前,YouBike2.0_臺大生命科學館西北側,0.85,3.7,500101010.0,500119074.0
YouBike2.0_新生南路三段82號前,YouBike2.0_臺大第一活動中心西南側,0.824,3.5,500101010.0,500119075.0
YouBike2.0_新生南路三段82號前,YouBike2.0_臺大博理館西側,1.389,4.7,500101010.0,500119076.0
YouBike2.0_新生南路三段82號前,YouBike2.0_臺大博雅館西側,0.353,2.2,500101010.0,500119077.0
YouBike2.0_新生南路三段82號前,YouBike2.0_臺大森林館北側,0.746,3.3,500101010.0,500119078.0
YouBike2.0_新生南路三段82號前,YouBike2.0_臺大一號館,0.342,2.2,500101010.0,500119079.0
YouBike2.0_新生南路三段82號前,YouBike2.0_臺大小小福西南側,0.748,3.3,500101010.0,500119080.0
YouBike2.0_新生南路三段82號前,YouBike2.0_臺大教研館北側,1.094,4.3,500101010.0,500119081.0
YouBike2.0_新生南路三段82號前,YouBike2.0_臺大四號館東北側,0.639,3.0,500101010.0,500119082.0
YouBike2.0_新生南路三段82號前,YouBike2.0_臺大新生教室南側,1.069,3.8,500101010.0,500119083.0
YouBike2.0_新生南路三段82號前,YouBike2.0_臺大鄭江樓北側,1.586,5.2,500101010.0,500119084.0
YouBike2.0_新生南路三段82號前,YouBike2.0_臺大電機二館東南側,1.518,5.0,500101010.0,500119085.0
YouBike2.0_新生南路三段82號前,YouBike2.0_臺大圖資系館北側,1.319,4.5,500101010.0,500119086.0
YouBike2.0_新生南路三段82號前,YouBike2.0_臺大總圖書館西南側,0.915,3.8,500101010.0,500119087.0
YouBike2.0_新生南路三段82號前,YouBike2.0_臺大黑森林西側,1.433,5.8,500101010.0,500119088.0
YouBike2.0_新生南路三段82號前,YouBike2.0_臺大獸醫館南側,1.178,4.5,500101010.0,500119089.0
YouBike2.0_新生南路三段82號前,YouBike2.0_臺大新體育館東南側,0.658,2.5,500101010.0,500119090.0
YouBike2.0_新生南路三段82號前,YouBike2.0_臺大明達館北側(員工宿舍),1.426,5.3,500101010.0,500119091.0
YouBike2.0_銘傳國小側門,YouBike2.0_辛亥復興路口西北側,2.214,7.9,500101021.0,500101005.0
YouBike2.0_銘傳國小側門,YouBike2.0_新生南路三段52號前,0.993,3.8,500101021.0,500101008.0
YouBike2.0_銘傳國小側門,YouBike2.0_新生南路三段66號前,0.84,3.4,500101021.0,500101009.0
YouBike2.0_銘傳國小側門,YouBike2.0_新生南路三段82號前,0.746,3.1,500101021.0,500101010.0
YouBike2.0_銘傳國小側門,YouBike2.0_捷運公館站(2號出口),0.198,1.4,500101021.0,500101022.0
YouBike2.0_銘傳國小側門,YouBike2.0_第二學生活動中心,0.195,2.3,500101021.0,500101023.0
YouBike2.0_銘傳國小側門,YouBike2.0_臺灣科技大學正門,1.011,4.8,500101021.0,500101024.0
YouBike2.0_銘傳國小側門,YouBike2.0_臺灣科技大學側門,0.883,4.5,500101021.0,500101025.0
YouBike2.0_銘傳國小側門,YouBike2.0_臺大男七舍前,1.507,6.2,500101021.0,500101031.0
YouBike2.0_銘傳國小側門,YouBike2.0_臺大男一舍前,1.309,5.6,500101021.0,500101032.0
YouBike2.0_銘傳國小側門,YouBike2.0_臺大男六舍前,1.278,5.5,500101021.0,500101033.0
YouBike2.0_銘傳國小側門,YouBike2.0_臺大動物醫院前,1.398,5.3,500101021.0,500101034.0
YouBike2.0_銘傳國小側門,YouBike2.0_臺大萬才館前,1.931,7.6,500101021.0,500101036.0
YouBike2.0_銘傳國小側門,YouBike2.0_臺大國青大樓宿舍前,1.839,7.3,500101021.0,500101037.0
YouBike2.0_銘傳國小側門,YouBike2.0_臺大社科院圖書館前,1.684,6.3,500101021.0,500101038.0
YouBike2.0_銘傳國小側門,YouBike2.0_臺大法人語言訓練中心前,1.468,5.2,500101021.0,500101039.0
YouBike2.0_銘傳國小側門,YouBike2.0_臺大綜合體育館停車場前,1.477,5.6,500101021.0,500101040.0
YouBike2.0_銘傳國小側門,YouBike2.0_辛亥新生路口東南側,1.543,5.3,500101021.0,500101041.0
YouBike2.0_銘傳國小側門,YouBike2.0_基隆長興路口東側,1.215,5.6,500101021.0,500101042.0
YouBike2.0_銘傳國小側門,YouBike2.0_捷運公館站(3號出口),0.29,1.7,500101021.0,500101181.0
YouBike2.0_銘傳國小側門,YouBike2.0_新生南路三段94巷口,0.577,2.6,500101021.0,500101184.0
YouBike2.0_銘傳國小側門,YouBike2.0_基隆長興路口,1.194,4.8,500101021.0,500101193.0
YouBike2.0_銘傳國小側門,YouBike2.0_臺大資訊大樓,1.552,5.9,500101021.0,500101209.0
YouBike2.0_銘傳國小側門,YouBike2.0_捷運公館站(1號出口),0.187,1.8,500101021.0,500106003.0
YouBike2.0_銘傳國小側門,YouBike2.0_捷運公館站(4號出口),0.268,2.0,500101021.0,500106004.0
YouBike2.0_銘傳國小側門,YouBike2.0_臺大男八舍東側,1.305,5.6,500101021.0,500119043.0
YouBike2.0_銘傳國小側門,YouBike2.0_臺大禮賢樓東南側,0.482,2.3,500101021.0,500119044.0
YouBike2.0_銘傳國小側門,YouBike2.0_臺大農業陳列館北側,0.931,3.5,500101021.0,500119045.0
YouBike2.0_銘傳國小側門,YouBike2.0_臺大管理學院二館北側,0.191,4.2,500101021.0,500119046.0
YouBike2.0_銘傳國小側門,YouBike2.0_臺大土木系館,0.904,3.8,500101021.0,500119047.0
YouBike2.0_銘傳國小側門,YouBike2.0_臺大大一女舍北側,0.356,1.9,500101021.0,500119048.0
YouBike2.0_銘傳國小側門,YouBike2.0_臺大女九舍西南側,1.035,3.9,500101021.0,500119049.0
YouBike2.0_銘傳國小側門,YouBike2.0_臺大小福樓東側,0.833,3.3,500101021.0,500119050.0
YouBike2.0_銘傳國小側門,YouBike2.0_臺大立體機車停車場,0.989,3.7,500101021.0,500119051.0
YouBike2.0_銘傳國小側門,YouBike2.0_臺大工綜館南側,1.03,3.8,500101021.0,500119052.0
YouBike2.0_銘傳國小側門,YouBike2.0_臺大天文數學館南側,1.183,4.3,500101021.0,500119053.0
YouBike2.0_銘傳國小側門,YouBike2.0_臺大心理系館南側,1.112,4.1,500101021.0,500119054.0
YouBike2.0_銘傳國小側門,YouBike2.0_臺大樂學館東側,0.815,3.2,500101021.0,500119055.0
YouBike2.0_銘傳國小側門,YouBike2.0_臺大農化新館西側,0.567,2.5,500101021.0,500119056.0
YouBike2.0_銘傳國小側門,YouBike2.0_臺大五號館西側,0.679,2.9,500101021.0,500119057.0
YouBike2.0_銘傳國小側門,YouBike2.0_臺大舊體育館西側,1.143,4.2,500101021.0,500119058.0
YouBike2.0_銘傳國小側門,YouBike2.0_臺大共同教室東南側,0.462,2.3,500101021.0,500119060.0
YouBike2.0_銘傳國小側門,YouBike2.0_臺大鹿鳴堂東側,0.456,2.2,500101021.0,500119061.0
YouBike2.0_銘傳國小側門,YouBike2.0_臺大公館停車場西北側,0.828,3.8,500101021.0,500119062.0
YouBike2.0_銘傳國小側門,YouBike2.0_臺大第二行政大樓南側,0.44,2.2,500101021.0,500119063.0
YouBike2.0_銘傳國小側門,YouBike2.0_臺大明達館機車停車場,1.12,4.1,500101021.0,500119064.0
YouBike2.0_銘傳國小側門,YouBike2.0_臺大二號館,0.607,2.6,500101021.0,500119065.0
YouBike2.0_銘傳國小側門,YouBike2.0_臺大凝態館南側,1.289,4.6,500101021.0,500119066.0
YouBike2.0_銘傳國小側門,YouBike2.0_臺大社科院西側,1.355,4.7,500101021.0,500119067.0
YouBike2.0_銘傳國小側門,YouBike2.0_臺大社會系館南側,1.333,5.1,500101021.0,500119068.0
YouBike2.0_銘傳國小側門,YouBike2.0_臺大思亮館東南側,1.158,4.2,500101021.0,500119069.0
YouBike2.0_銘傳國小側門,YouBike2.0_臺大椰林小舖,0.395,2.1,500101021.0,500119070.0
YouBike2.0_銘傳國小側門,YouBike2.0_臺大計資中心南側,1.174,4.3,500101021.0,500119071.0
YouBike2.0_銘傳國小側門,YouBike2.0_臺大原分所北側,0.996,3.8,500101021.0,500119072.0
YouBike2.0_銘傳國小側門,YouBike2.0_臺大生命科學館西北側,0.491,2.4,500101021.0,500119074.0
YouBike2.0_銘傳國小側門,YouBike2.0_臺大第一活動中心西南側,0.863,3.4,500101021.0,500119075.0
YouBike2.0_銘傳國小側門,YouBike2.0_臺大博理館西側,1.258,4.5,500101021.0,500119076.0
YouBike2.0_銘傳國小側門,YouBike2.0_臺大博雅館西側,1.06,3.9,500101021.0,500119077.0
YouBike2.0_銘傳國小側門,YouBike2.0_臺大森林館北側,0.701,2.9,500101021.0,500119078.0
YouBike2.0_銘傳國小側門,YouBike2.0_臺大一號館,0.727,3.0,500101021.0,500119079.0
YouBike2.0_銘傳國小側門,YouBike2.0_臺大小小福西南側,0.401,2.1,500101021.0,500119080.0
YouBike2.0_銘傳國小側門,YouBike2.0_臺大教研館北側,0.685,2.9,500101021.0,500119081.0
YouBike2.0_銘傳國小側門,YouBike2.0_臺大四號館東北側,0.652,2.8,500101021.0,500119082.0
YouBike2.0_銘傳國小側門,YouBike2.0_臺大新生教室南側,1.043,3.9,500101021.0,500119083.0
YouBike2.0_銘傳國小側門,YouBike2.0_臺大鄭江樓北側,1.157,4.2,500101021.0,500119084.0
YouBike2.0_銘傳國小側門,YouBike2.0_臺大電機二館東南側,1.124,4.1,500101021.0,500119085.0
YouBike2.0_銘傳國小側門,YouBike2.0_臺大圖資系館北側,0.838,3.3,500101021.0,500119086.0
YouBike2.0_銘傳國小側門,YouBike2.0_臺大總圖書館西南側,0.754,3.0,500101021.0,500119087.0
YouBike2.0_銘傳國小側門,YouBike2.0_臺大黑森林西側,1.322,5.9,500101021.0,500119088.0
YouBike2.0_銘傳國小側門,YouBike2.0_臺大獸醫館南側,1.049,3.9,500101021.0,500119089.0
YouBike2.0_銘傳國小側門,YouBike2.0_臺大新體育館東南側,1.272,4.5,500101021.0,500119090.0
YouBike2.0_銘傳國小側門,YouBike2.0_臺大明達館北側(員工宿舍),1.191,4.3,500101021.0,500119091.0
YouBike2.0_捷運公館站(2號出口),YouBike2.0_辛亥復興路口西北側,1.851,6.2,500101022.0,500101005.0
YouBike2.0_捷運公館站(2號出口),YouBike2.0_新生南路三段52號前,0.794,2.4,500101022.0,500101008.0
YouBike2.0_捷運公館站(2號出口),YouBike2.0_新生南路三段66號前,0.642,2.0,500101022.0,500101009.0
YouBike2.0_捷運公館站(2號出口),YouBike2.0_新生南路三段82號前,0.548,1.7,500101022.0,500101010.0
YouBike2.0_捷運公館站(2號出口),YouBike2.0_銘傳國小側門,0.198,1.9,500101022.0,500101021.0
YouBike2.0_捷運公館站(2號出口),YouBike2.0_第二學生活動中心,0.356,1.1,500101022.0,500101023.0
YouBike2.0_捷運公館站(2號出口),YouBike2.0_臺灣科技大學正門,1.172,3.5,500101022.0,500101024.0
YouBike2.0_捷運公館站(2號出口),YouBike2.0_臺灣科技大學側門,1.044,3.2,500101022.0,500101025.0
YouBike2.0_捷運公館站(2號出口),YouBike2.0_臺大男七舍前,1.479,5.9,500101022.0,500101031.0
YouBike2.0_捷運公館站(2號出口),YouBike2.0_臺大男一舍前,1.281,5.3,500101022.0,500101032.0
YouBike2.0_捷運公館站(2號出口),YouBike2.0_臺大男六舍前,1.251,5.2,500101022.0,500101033.0
YouBike2.0_捷運公館站(2號出口),YouBike2.0_臺大動物醫院前,1.37,4.3,500101022.0,500101034.0
YouBike2.0_捷運公館站(2號出口),YouBike2.0_臺大萬才館前,1.903,7.3,500101022.0,500101036.0
YouBike2.0_捷運公館站(2號出口),YouBike2.0_臺大國青大樓宿舍前,1.812,7.1,500101022.0,500101037.0
YouBike2.0_捷運公館站(2號出口),YouBike2.0_臺大社科院圖書館前,1.657,6.0,500101022.0,500101038.0
YouBike2.0_捷運公館站(2號出口),YouBike2.0_臺大法人語言訓練中心前,1.441,5.0,500101022.0,500101039.0
YouBike2.0_捷運公館站(2號出口),YouBike2.0_臺大綜合體育館停車場前,1.114,3.9,500101022.0,500101040.0
YouBike2.0_捷運公館站(2號出口),YouBike2.0_辛亥新生路口東南側,0.963,3.5,500101022.0,500101041.0
YouBike2.0_捷運公館站(2號出口),YouBike2.0_基隆長興路口東側,1.617,5.0,500101022.0,500101042.0
YouBike2.0_捷運公館站(2號出口),YouBike2.0_捷運公館站(3號出口),0.092,0.2,500101022.0,500101181.0
YouBike2.0_捷運公館站(2號出口),YouBike2.0_新生南路三段94巷口,0.379,1.2,500101022.0,500101184.0
YouBike2.0_捷運公館站(2號出口),YouBike2.0_基隆長興路口,1.167,4.5,500101022.0,500101193.0
YouBike2.0_捷運公館站(2號出口),YouBike2.0_臺大資訊大樓,1.525,5.6,500101022.0,500101209.0
YouBike2.0_捷運公館站(2號出口),YouBike2.0_捷運公館站(1號出口),0.185,1.0,500101022.0,500106003.0
YouBike2.0_捷運公館站(2號出口),YouBike2.0_捷運公館站(4號出口),0.266,1.2,500101022.0,500106004.0
YouBike2.0_捷運公館站(2號出口),YouBike2.0_臺大男八舍東側,1.277,5.3,500101022.0,500119043.0
YouBike2.0_捷運公館站(2號出口),YouBike2.0_臺大禮賢樓東南側,0.455,2.1,500101022.0,500119044.0
YouBike2.0_捷運公館站(2號出口),YouBike2.0_臺大農業陳列館北側,0.907,2.6,500101022.0,500119045.0
YouBike2.0_捷運公館站(2號出口),YouBike2.0_臺大管理學院二館北側,0.351,3.0,500101022.0,500119046.0
YouBike2.0_捷運公館站(2號出口),YouBike2.0_臺大土木系館,0.876,3.5,500101022.0,500119047.0
YouBike2.0_捷運公館站(2號出口),YouBike2.0_臺大大一女舍北側,0.329,1.6,500101022.0,500119048.0
YouBike2.0_捷運公館站(2號出口),YouBike2.0_臺大女九舍西南側,1.008,3.6,500101022.0,500119049.0
YouBike2.0_捷運公館站(2號出口),YouBike2.0_臺大小福樓東側,0.805,3.0,500101022.0,500119050.0
YouBike2.0_捷運公館站(2號出口),YouBike2.0_臺大立體機車停車場,0.961,3.4,500101022.0,500119051.0
YouBike2.0_捷運公館站(2號出口),YouBike2.0_臺大工綜館南側,1.003,3.6,500101022.0,500119052.0
YouBike2.0_捷運公館站(2號出口),YouBike2.0_臺大天文數學館南側,1.156,4.1,500101022.0,500119053.0
YouBike2.0_捷運公館站(2號出口),YouBike2.0_臺大心理系館南側,1.085,3.9,500101022.0,500119054.0
YouBike2.0_捷運公館站(2號出口),YouBike2.0_臺大樂學館東側,0.79,2.2,500101022.0,500119055.0
YouBike2.0_捷運公館站(2號出口),YouBike2.0_臺大農化新館西側,0.549,1.6,500101022.0,500119056.0
YouBike2.0_捷運公館站(2號出口),YouBike2.0_臺大五號館西側,0.652,2.6,500101022.0,500119057.0
YouBike2.0_捷運公館站(2號出口),YouBike2.0_臺大舊體育館西側,1.115,3.9,500101022.0,500119058.0
YouBike2.0_捷運公館站(2號出口),YouBike2.0_臺大共同教室東南側,0.435,2.0,500101022.0,500119060.0
YouBike2.0_捷運公館站(2號出口),YouBike2.0_臺大鹿鳴堂東側,0.428,2.0,500101022.0,500119061.0
YouBike2.0_捷運公館站(2號出口),YouBike2.0_臺大公館停車場西北側,0.801,3.5,500101022.0,500119062.0
YouBike2.0_捷運公館站(2號出口),YouBike2.0_臺大第二行政大樓南側,0.413,1.9,500101022.0,500119063.0
YouBike2.0_捷運公館站(2號出口),YouBike2.0_臺大明達館機車停車場,1.092,3.8,500101022.0,500119064.0
YouBike2.0_捷運公館站(2號出口),YouBike2.0_臺大二號館,0.58,2.3,500101022.0,500119065.0
YouBike2.0_捷運公館站(2號出口),YouBike2.0_臺大凝態館南側,1.262,4.3,500101022.0,500119066.0
YouBike2.0_捷運公館站(2號出口),YouBike2.0_臺大社科院西側,1.328,4.5,500101022.0,500119067.0
YouBike2.0_捷運公館站(2號出口),YouBike2.0_臺大社會系館南側,1.306,4.8,500101022.0,500119068.0
YouBike2.0_捷運公館站(2號出口),YouBike2.0_臺大思亮館東南側,1.131,4.0,500101022.0,500119069.0
YouBike2.0_捷運公館站(2號出口),YouBike2.0_臺大椰林小舖,0.368,1.8,500101022.0,500119070.0
YouBike2.0_捷運公館站(2號出口),YouBike2.0_臺大計資中心南側,1.146,4.0,500101022.0,500119071.0
YouBike2.0_捷運公館站(2號出口),YouBike2.0_臺大原分所北側,0.969,3.5,500101022.0,500119072.0
YouBike2.0_捷運公館站(2號出口),YouBike2.0_臺大生命科學館西北側,0.464,2.1,500101022.0,500119074.0
YouBike2.0_捷運公館站(2號出口),YouBike2.0_臺大第一活動中心西南側,0.836,3.1,500101022.0,500119075.0
YouBike2.0_捷運公館站(2號出口),YouBike2.0_臺大博理館西側,1.231,4.2,500101022.0,500119076.0
YouBike2.0_捷運公館站(2號出口),YouBike2.0_臺大博雅館西側,0.898,2.5,500101022.0,500119077.0
YouBike2.0_捷運公館站(2號出口),YouBike2.0_臺大森林館北側,0.674,2.6,500101022.0,500119078.0
YouBike2.0_捷運公館站(2號出口),YouBike2.0_臺大一號館,0.702,2.0,500101022.0,500119079.0
YouBike2.0_捷運公館站(2號出口),YouBike2.0_臺大小小福西南側,0.373,1.8,500101022.0,500119080.0
YouBike2.0_捷運公館站(2號出口),YouBike2.0_臺大教研館北側,0.657,2.6,500101022.0,500119081.0
YouBike2.0_捷運公館站(2號出口),YouBike2.0_臺大四號館東北側,0.624,2.5,500101022.0,500119082.0
YouBike2.0_捷運公館站(2號出口),YouBike2.0_臺大新生教室南側,1.016,3.6,500101022.0,500119083.0
YouBike2.0_捷運公館站(2號出口),YouBike2.0_臺大鄭江樓北側,1.13,4.0,500101022.0,500119084.0
YouBike2.0_捷運公館站(2號出口),YouBike2.0_臺大電機二館東南側,1.097,3.9,500101022.0,500119085.0
YouBike2.0_捷運公館站(2號出口),YouBike2.0_臺大圖資系館北側,0.81,3.0,500101022.0,500119086.0
YouBike2.0_捷運公館站(2號出口),YouBike2.0_臺大總圖書館西南側,0.727,2.8,500101022.0,500119087.0
YouBike2.0_捷運公館站(2號出口),YouBike2.0_臺大黑森林西側,1.295,5.6,500101022.0,500119088.0
YouBike2.0_捷運公館站(2號出口),YouBike2.0_臺大獸醫館南側,1.022,3.6,500101022.0,500119089.0
YouBike2.0_捷運公館站(2號出口),YouBike2.0_臺大新體育館東南側,1.245,4.3,500101022.0,500119090.0
YouBike2.0_捷運公館站(2號出口),YouBike2.0_臺大明達館北側(員工宿舍),1.164,4.0,500101022.0,500119091.0
YouBike2.0_第二學生活動中心,YouBike2.0_辛亥復興路口西北側,2.372,7.4,500101023.0,500101005.0
YouBike2.0_第二學生活動中心,YouBike2.0_新生南路三段52號前,1.151,3.4,500101023.0,500101008.0
YouBike2.0_第二學生活動中心,YouBike2.0_新生南路三段66號前,0.998,2.9,500101023.0,500101009.0
YouBike2.0_第二學生活動中心,YouBike2.0_新生南路三段82號前,0.904,2.6,500101023.0,500101010.0
YouBike2.0_第二學生活動中心,YouBike2.0_銘傳國小側門,0.195,1.1,500101023.0,500101021.0
YouBike2.0_第二學生活動中心,YouBike2.0_捷運公館站(2號出口),0.356,0.9,500101023.0,500101022.0
YouBike2.0_第二學生活動中心,YouBike2.0_臺灣科技大學正門,0.816,2.5,500101023.0,500101024.0
YouBike2.0_第二學生活動中心,YouBike2.0_臺灣科技大學側門,0.688,2.2,500101023.0,500101025.0
YouBike2.0_第二學生活動中心,YouBike2.0_臺大男七舍前,1.552,4.8,500101023.0,500101031.0
YouBike2.0_第二學生活動中心,YouBike2.0_臺大男一舍前,1.354,4.2,500101023.0,500101032.0
YouBike2.0_第二學生活動中心,YouBike2.0_臺大男六舍前,1.323,4.1,500101023.0,500101033.0
YouBike2.0_第二學生活動中心,YouBike2.0_臺大動物醫院前,1.013,3.2,500101023.0,500101034.0
YouBike2.0_第二學生活動中心,YouBike2.0_臺大萬才館前,1.768,6.8,500101023.0,500101036.0
YouBike2.0_第二學生活動中心,YouBike2.0_臺大國青大樓宿舍前,1.833,6.3,500101023.0,500101037.0
YouBike2.0_第二學生活動中心,YouBike2.0_臺大社科院圖書館前,1.842,5.8,500101023.0,500101038.0
YouBike2.0_第二學生活動中心,YouBike2.0_臺大法人語言訓練中心前,1.626,4.7,500101023.0,500101039.0
YouBike2.0_第二學生活動中心,YouBike2.0_臺大綜合體育館停車場前,1.635,5.1,500101023.0,500101040.0
YouBike2.0_第二學生活動中心,YouBike2.0_辛亥新生路口東南側,1.701,4.9,500101023.0,500101041.0
YouBike2.0_第二學生活動中心,YouBike2.0_基隆長興路口東側,1.261,3.9,500101023.0,500101042.0
YouBike2.0_第二學生活動中心,YouBike2.0_捷運公館站(3號出口),0.448,1.2,500101023.0,500101181.0
YouBike2.0_第二學生活動中心,YouBike2.0_新生南路三段94巷口,0.735,2.1,500101023.0,500101184.0
YouBike2.0_第二學生活動中心,YouBike2.0_基隆長興路口,1.217,3.8,500101023.0,500101193.0
YouBike2.0_第二學生活動中心,YouBike2.0_臺大資訊大樓,1.71,5.4,500101023.0,500101209.0
YouBike2.0_第二學生活動中心,YouBike2.0_捷運公館站(1號出口),0.589,1.8,500101023.0,500106003.0
YouBike2.0_第二學生活動中心,YouBike2.0_捷運公館站(4號出口),0.67,2.0,500101023.0,500106004.0
YouBike2.0_第二學生活動中心,YouBike2.0_臺大男八舍東側,1.357,4.2,500101023.0,500119043.0
YouBike2.0_第二學生活動中心,YouBike2.0_臺大禮賢樓東南側,0.639,1.9,500101023.0,500119044.0
YouBike2.0_第二學生活動中心,YouBike2.0_臺大農業陳列館北側,1.089,3.1,500101023.0,500119045.0
YouBike2.0_第二學生活動中心,YouBike2.0_臺大管理學院二館北側,0.166,1.7,500101023.0,500119046.0
YouBike2.0_第二學生活動中心,YouBike2.0_臺大土木系館,1.061,3.3,500101023.0,500119047.0
YouBike2.0_第二學生活動中心,YouBike2.0_臺大大一女舍北側,0.514,1.4,500101023.0,500119048.0
YouBike2.0_第二學生活動中心,YouBike2.0_臺大女九舍西南側,1.192,3.4,500101023.0,500119049.0
YouBike2.0_第二學生活動中心,YouBike2.0_臺大小福樓東側,0.99,2.8,500101023.0,500119050.0
YouBike2.0_第二學生活動中心,YouBike2.0_臺大立體機車停車場,1.146,3.2,500101023.0,500119051.0
YouBike2.0_第二學生活動中心,YouBike2.0_臺大工綜館南側,1.188,3.4,500101023.0,500119052.0
YouBike2.0_第二學生活動中心,YouBike2.0_臺大天文數學館南側,1.341,3.9,500101023.0,500119053.0
YouBike2.0_第二學生活動中心,YouBike2.0_臺大心理系館南側,1.27,3.7,500101023.0,500119054.0
YouBike2.0_第二學生活動中心,YouBike2.0_臺大樂學館東側,0.973,2.7,500101023.0,500119055.0
YouBike2.0_第二學生活動中心,YouBike2.0_臺大農化新館西側,0.725,2.0,500101023.0,500119056.0
YouBike2.0_第二學生活動中心,YouBike2.0_臺大五號館西側,0.837,2.4,500101023.0,500119057.0
YouBike2.0_第二學生活動中心,YouBike2.0_臺大舊體育館西側,1.3,3.7,500101023.0,500119058.0
YouBike2.0_第二學生活動中心,YouBike2.0_臺大共同教室東南側,0.619,1.8,500101023.0,500119060.0
YouBike2.0_第二學生活動中心,YouBike2.0_臺大鹿鳴堂東側,0.613,1.8,500101023.0,500119061.0
YouBike2.0_第二學生活動中心,YouBike2.0_臺大公館停車場西北側,0.986,3.3,500101023.0,500119062.0
YouBike2.0_第二學生活動中心,YouBike2.0_臺大第二行政大樓南側,0.598,1.7,500101023.0,500119063.0
YouBike2.0_第二學生活動中心,YouBike2.0_臺大明達館機車停車場,1.277,3.6,500101023.0,500119064.0
YouBike2.0_第二學生活動中心,YouBike2.0_臺大二號館,0.764,2.1,500101023.0,500119065.0
YouBike2.0_第二學生活動中心,YouBike2.0_臺大凝態館南側,1.447,4.1,500101023.0,500119066.0
YouBike2.0_第二學生活動中心,YouBike2.0_臺大社科院西側,1.513,4.2,500101023.0,500119067.0
YouBike2.0_第二學生活動中心,YouBike2.0_臺大社會系館南側,1.491,4.6,500101023.0,500119068.0
YouBike2.0_第二學生活動中心,YouBike2.0_臺大思亮館東南側,1.316,3.8,500101023.0,500119069.0
YouBike2.0_第二學生活動中心,YouBike2.0_臺大椰林小舖,0.552,1.6,500101023.0,500119070.0
YouBike2.0_第二學生活動中心,YouBike2.0_臺大計資中心南側,1.331,3.8,500101023.0,500119071.0
YouBike2.0_第二學生活動中心,YouBike2.0_臺大原分所北側,1.154,3.3,500101023.0,500119072.0
YouBike2.0_第二學生活動中心,YouBike2.0_臺大生命科學館西北側,0.649,1.9,500101023.0,500119074.0
YouBike2.0_第二學生活動中心,YouBike2.0_臺大第一活動中心西南側,1.021,3.0,500101023.0,500119075.0
YouBike2.0_第二學生活動中心,YouBike2.0_臺大博理館西側,1.416,4.0,500101023.0,500119076.0
YouBike2.0_第二學生活動中心,YouBike2.0_臺大博雅館西側,1.218,3.5,500101023.0,500119077.0
YouBike2.0_第二學生活動中心,YouBike2.0_臺大森林館北側,0.859,2.5,500101023.0,500119078.0
YouBike2.0_第二學生活動中心,YouBike2.0_臺大一號館,0.884,2.5,500101023.0,500119079.0
YouBike2.0_第二學生活動中心,YouBike2.0_臺大小小福西南側,0.558,1.6,500101023.0,500119080.0
YouBike2.0_第二學生活動中心,YouBike2.0_臺大教研館北側,0.842,2.4,500101023.0,500119081.0
YouBike2.0_第二學生活動中心,YouBike2.0_臺大四號館東北側,0.809,2.3,500101023.0,500119082.0
YouBike2.0_第二學生活動中心,YouBike2.0_臺大新生教室南側,1.201,3.4,500101023.0,500119083.0
YouBike2.0_第二學生活動中心,YouBike2.0_臺大鄭江樓北側,1.315,3.7,500101023.0,500119084.0
YouBike2.0_第二學生活動中心,YouBike2.0_臺大電機二館東南側,1.282,3.6,500101023.0,500119085.0
YouBike2.0_第二學生活動中心,YouBike2.0_臺大圖資系館北側,0.995,2.9,500101023.0,500119086.0
YouBike2.0_第二學生活動中心,YouBike2.0_臺大總圖書館西南側,0.911,2.5,500101023.0,500119087.0
YouBike2.0_第二學生活動中心,YouBike2.0_臺大黑森林西側,1.48,5.4,500101023.0,500119088.0
YouBike2.0_第二學生活動中心,YouBike2.0_臺大獸醫館南側,1.207,3.4,500101023.0,500119089.0
YouBike2.0_第二學生活動中心,YouBike2.0_臺大新體育館東南側,1.43,4.1,500101023.0,500119090.0
YouBike2.0_第二學生活動中心,YouBike2.0_臺大明達館北側(員工宿舍),1.349,3.8,500101023.0,500119091.0
YouBike2.0_臺灣科技大學正門,YouBike2.0_辛亥復興路口西北側,1.22,5.5,500101024.0,500101005.0
YouBike2.0_臺灣科技大學正門,YouBike2.0_新生南路三段52號前,1.992,7.6,500101024.0,500101008.0
YouBike2.0_臺灣科技大學正門,YouBike2.0_新生南路三段66號前,1.839,7.1,500101024.0,500101009.0
YouBike2.0_臺灣科技大學正門,YouBike2.0_新生南路三段82號前,1.746,6.8,500101024.0,500101010.0
YouBike2.0_臺灣科技大學正門,YouBike2.0_銘傳國小側門,1.047,5.3,500101024.0,500101021.0
YouBike2.0_臺灣科技大學正門,YouBike2.0_捷運公館站(2號出口),1.199,5.0,500101024.0,500101022.0
YouBike2.0_臺灣科技大學正門,YouBike2.0_第二學生活動中心,0.852,4.2,500101024.0,500101023.0
YouBike2.0_臺灣科技大學正門,YouBike2.0_臺灣科技大學側門,0.374,1.1,500101024.0,500101025.0
YouBike2.0_臺灣科技大學正門,YouBike2.0_臺大男七舍前,0.747,2.8,500101024.0,500101031.0
YouBike2.0_臺灣科技大學正門,YouBike2.0_臺大男一舍前,0.549,2.2,500101024.0,500101032.0
YouBike2.0_臺灣科技大學正門,YouBike2.0_臺大男六舍前,0.519,2.1,500101024.0,500101033.0
YouBike2.0_臺灣科技大學正門,YouBike2.0_臺大動物醫院前,0.209,1.2,500101024.0,500101034.0
YouBike2.0_臺灣科技大學正門,YouBike2.0_臺大萬才館前,0.965,4.7,500101024.0,500101036.0
YouBike2.0_臺灣科技大學正門,YouBike2.0_臺大國青大樓宿舍前,1.03,4.2,500101024.0,500101037.0
YouBike2.0_臺灣科技大學正門,YouBike2.0_臺大社科院圖書館前,1.185,5.3,500101024.0,500101038.0
YouBike2.0_臺灣科技大學正門,YouBike2.0_臺大法人語言訓練中心前,1.111,4.3,500101024.0,500101039.0
YouBike2.0_臺灣科技大學正門,YouBike2.0_臺大綜合體育館停車場前,1.613,6.2,500101024.0,500101040.0
YouBike2.0_臺灣科技大學正門,YouBike2.0_辛亥新生路口東南側,1.68,6.0,500101024.0,500101041.0
YouBike2.0_臺灣科技大學正門,YouBike2.0_基隆長興路口東側,0.456,1.9,500101024.0,500101042.0
YouBike2.0_臺灣科技大學正門,YouBike2.0_捷運公館站(3號出口),1.291,5.3,500101024.0,500101181.0
YouBike2.0_臺灣科技大學正門,YouBike2.0_新生南路三段94巷口,1.576,6.3,500101024.0,500101184.0
YouBike2.0_臺灣科技大學正門,YouBike2.0_基隆長興路口,0.413,1.8,500101024.0,500101193.0
YouBike2.0_臺灣科技大學正門,YouBike2.0_臺大資訊大樓,1.317,5.7,500101024.0,500101209.0
YouBike2.0_臺灣科技大學正門,YouBike2.0_捷運公館站(1號出口),1.192,5.0,500101024.0,500106003.0
YouBike2.0_臺灣科技大學正門,YouBike2.0_捷運公館站(4號出口),1.274,5.3,500101024.0,500106004.0
YouBike2.0_臺灣科技大學正門,YouBike2.0_臺大男八舍東側,0.552,2.2,500101024.0,500119043.0
YouBike2.0_臺灣科技大學正門,YouBike2.0_臺大禮賢樓東南側,0.682,3.3,500101024.0,500119044.0
YouBike2.0_臺灣科技大學正門,YouBike2.0_臺大農業陳列館北側,1.353,5.0,500101024.0,500119045.0
YouBike2.0_臺灣科技大學正門,YouBike2.0_臺大管理學院二館北側,0.839,5.2,500101024.0,500119046.0
YouBike2.0_臺灣科技大學正門,YouBike2.0_臺大土木系館,0.79,3.7,500101024.0,500119047.0
YouBike2.0_臺灣科技大學正門,YouBike2.0_臺大大一女舍北側,1.09,4.5,500101024.0,500119048.0
YouBike2.0_臺灣科技大學正門,YouBike2.0_臺大女九舍西南側,0.973,3.9,500101024.0,500119049.0
YouBike2.0_臺灣科技大學正門,YouBike2.0_臺大小福樓東側,1.002,4.0,500101024.0,500119050.0
YouBike2.0_臺灣科技大學正門,YouBike2.0_臺大立體機車停車場,0.238,1.8,500101024.0,500119051.0
YouBike2.0_臺灣科技大學正門,YouBike2.0_臺大工綜館南側,0.629,2.9,500101024.0,500119052.0
YouBike2.0_臺灣科技大學正門,YouBike2.0_臺大天文數學館南側,1.227,4.7,500101024.0,500119053.0
YouBike2.0_臺灣科技大學正門,YouBike2.0_臺大心理系館南側,1.05,4.2,500101024.0,500119054.0
YouBike2.0_臺灣科技大學正門,YouBike2.0_臺大樂學館東側,1.099,4.3,500101024.0,500119055.0
YouBike2.0_臺灣科技大學正門,YouBike2.0_臺大農化新館西側,1.054,4.3,500101024.0,500119056.0
YouBike2.0_臺灣科技大學正門,YouBike2.0_臺大五號館西側,0.981,4.1,500101024.0,500119057.0
YouBike2.0_臺灣科技大學正門,YouBike2.0_臺大舊體育館西側,1.312,4.9,500101024.0,500119058.0
YouBike2.0_臺灣科技大學正門,YouBike2.0_臺大共同教室東南側,0.782,3.6,500101024.0,500119060.0
YouBike2.0_臺灣科技大學正門,YouBike2.0_臺大鹿鳴堂東側,0.684,3.3,500101024.0,500119061.0
YouBike2.0_臺灣科技大學正門,YouBike2.0_臺大公館停車場西北側,0.625,3.5,500101024.0,500119062.0
YouBike2.0_臺灣科技大學正門,YouBike2.0_臺大第二行政大樓南側,0.926,4.0,500101024.0,500119063.0
YouBike2.0_臺灣科技大學正門,YouBike2.0_臺大明達館機車停車場,0.485,2.8,500101024.0,500119064.0
YouBike2.0_臺灣科技大學正門,YouBike2.0_臺大二號館,1.093,4.4,500101024.0,500119065.0
YouBike2.0_臺灣科技大學正門,YouBike2.0_臺大凝態館南側,1.426,5.2,500101024.0,500119066.0
YouBike2.0_臺灣科技大學正門,YouBike2.0_臺大社科院西側,1.005,4.0,500101024.0,500119067.0
YouBike2.0_臺灣科技大學正門,YouBike2.0_臺大社會系館南側,0.874,4.0,500101024.0,500119068.0
YouBike2.0_臺灣科技大學正門,YouBike2.0_臺大思亮館東南側,1.096,4.3,500101024.0,500119069.0
YouBike2.0_臺灣科技大學正門,YouBike2.0_臺大椰林小舖,0.931,4.0,500101024.0,500119070.0
YouBike2.0_臺灣科技大學正門,YouBike2.0_臺大計資中心南側,1.112,4.3,500101024.0,500119071.0
YouBike2.0_臺灣科技大學正門,YouBike2.0_臺大原分所北側,0.917,3.8,500101024.0,500119072.0
YouBike2.0_臺灣科技大學正門,YouBike2.0_臺大生命科學館西北側,0.745,3.5,500101024.0,500119074.0
YouBike2.0_臺灣科技大學正門,YouBike2.0_臺大第一活動中心西南側,0.651,3.0,500101024.0,500119075.0
YouBike2.0_臺灣科技大學正門,YouBike2.0_臺大博理館西側,0.799,3.4,500101024.0,500119076.0
YouBike2.0_臺灣科技大學正門,YouBike2.0_臺大博雅館西側,1.229,4.7,500101024.0,500119077.0
YouBike2.0_臺灣科技大學正門,YouBike2.0_臺大森林館北側,0.878,3.7,500101024.0,500119078.0
YouBike2.0_臺灣科技大學正門,YouBike2.0_臺大一號館,1.213,4.8,500101024.0,500119079.0
YouBike2.0_臺灣科技大學正門,YouBike2.0_臺大小小福西南側,0.832,3.8,500101024.0,500119080.0
YouBike2.0_臺灣科技大學正門,YouBike2.0_臺大教研館北側,0.455,2.6,500101024.0,500119081.0
YouBike2.0_臺灣科技大學正門,YouBike2.0_臺大四號館東北側,0.953,4.0,500101024.0,500119082.0
YouBike2.0_臺灣科技大學正門,YouBike2.0_臺大新生教室南側,1.15,4.5,500101024.0,500119083.0
YouBike2.0_臺灣科技大學正門,YouBike2.0_臺大鄭江樓北側,0.715,3.2,500101024.0,500119084.0
YouBike2.0_臺灣科技大學正門,YouBike2.0_臺大電機二館東南側,0.665,3.0,500101024.0,500119085.0
YouBike2.0_臺灣科技大學正門,YouBike2.0_臺大圖資系館北側,0.776,3.4,500101024.0,500119086.0
YouBike2.0_臺灣科技大學正門,YouBike2.0_臺大總圖書館西南側,0.576,2.8,500101024.0,500119087.0
YouBike2.0_臺灣科技大學正門,YouBike2.0_臺大黑森林西側,0.897,4.9,500101024.0,500119088.0
YouBike2.0_臺灣科技大學正門,YouBike2.0_臺大獸醫館南側,0.571,2.7,500101024.0,500119089.0
YouBike2.0_臺灣科技大學正門,YouBike2.0_臺大新體育館東南側,1.413,5.2,500101024.0,500119090.0
YouBike2.0_臺灣科技大學正門,YouBike2.0_臺大明達館北側(員工宿舍),0.713,3.2,500101024.0,500119091.0
YouBike2.0_臺灣科技大學側門,YouBike2.0_辛亥復興路口西北側,1.48,6.2,500101025.0,500101005.0
YouBike2.0_臺灣科技大學側門,YouBike2.0_新生南路三段52號前,1.725,7.4,500101025.0,500101008.0
YouBike2.0_臺灣科技大學側門,YouBike2.0_新生南路三段66號前,1.572,7.0,500101025.0,500101009.0
YouBike2.0_臺灣科技大學側門,YouBike2.0_新生南路三段82號前,1.478,6.7,500101025.0,500101010.0
YouBike2.0_臺灣科技大學側門,YouBike2.0_銘傳國小側門,0.761,4.5,500101025.0,500101021.0
YouBike2.0_臺灣科技大學側門,YouBike2.0_捷運公館站(2號出口),0.845,4.8,500101025.0,500101022.0
YouBike2.0_臺灣科技大學側門,YouBike2.0_第二學生活動中心,0.566,3.3,500101025.0,500101023.0
YouBike2.0_臺灣科技大學側門,YouBike2.0_臺灣科技大學正門,0.374,1.1,500101025.0,500101024.0
YouBike2.0_臺灣科技大學側門,YouBike2.0_臺大男七舍前,1.008,3.5,500101025.0,500101031.0
YouBike2.0_臺灣科技大學側門,YouBike2.0_臺大男一舍前,0.81,2.9,500101025.0,500101032.0
YouBike2.0_臺灣科技大學側門,YouBike2.0_臺大男六舍前,0.779,2.8,500101025.0,500101033.0
YouBike2.0_臺灣科技大學側門,YouBike2.0_臺大動物醫院前,0.47,1.9,500101025.0,500101034.0
YouBike2.0_臺灣科技大學側門,YouBike2.0_臺大萬才館前,1.226,5.4,500101025.0,500101036.0
YouBike2.0_臺灣科技大學側門,YouBike2.0_臺大國青大樓宿舍前,1.291,4.9,500101025.0,500101037.0
YouBike2.0_臺灣科技大學側門,YouBike2.0_臺大社科院圖書館前,1.446,6.0,500101025.0,500101038.0
YouBike2.0_臺灣科技大學側門,YouBike2.0_臺大法人語言訓練中心前,1.372,5.0,500101025.0,500101039.0
YouBike2.0_臺灣科技大學側門,YouBike2.0_臺大綜合體育館停車場前,1.511,6.7,500101025.0,500101040.0
YouBike2.0_臺灣科技大學側門,YouBike2.0_辛亥新生路口東南側,1.578,6.4,500101025.0,500101041.0
YouBike2.0_臺灣科技大學側門,YouBike2.0_基隆長興路口東側,0.717,2.6,500101025.0,500101042.0
YouBike2.0_臺灣科技大學側門,YouBike2.0_捷運公館站(3號出口),0.937,5.0,500101025.0,500101181.0
YouBike2.0_臺灣科技大學側門,YouBike2.0_新生南路三段94巷口,1.309,6.2,500101025.0,500101184.0
YouBike2.0_臺灣科技大學側門,YouBike2.0_基隆長興路口,0.673,2.5,500101025.0,500101193.0
YouBike2.0_臺灣科技大學側門,YouBike2.0_臺大資訊大樓,1.577,6.3,500101025.0,500101209.0
YouBike2.0_臺灣科技大學側門,YouBike2.0_捷運公館站(1號出口),0.907,4.2,500101025.0,500106003.0
YouBike2.0_臺灣科技大學側門,YouBike2.0_捷運公館站(4號出口),0.988,4.5,500101025.0,500106004.0
YouBike2.0_臺灣科技大學側門,YouBike2.0_臺大男八舍東側,0.813,2.9,500101025.0,500119043.0
YouBike2.0_臺灣科技大學側門,YouBike2.0_臺大禮賢樓東南側,0.414,3.1,500101025.0,500119044.0
YouBike2.0_臺灣科技大學側門,YouBike2.0_臺大農業陳列館北側,1.219,5.4,500101025.0,500119045.0
YouBike2.0_臺灣科技大學側門,YouBike2.0_臺大管理學院二館北側,0.572,5.0,500101025.0,500119046.0
YouBike2.0_臺灣科技大學側門,YouBike2.0_臺大土木系館,0.886,4.0,500101025.0,500119047.0
YouBike2.0_臺灣科技大學側門,YouBike2.0_臺大大一女舍北側,0.822,4.3,500101025.0,500119048.0
YouBike2.0_臺灣科技大學側門,YouBike2.0_臺大女九舍西南側,1.069,4.2,500101025.0,500119049.0
YouBike2.0_臺灣科技大學側門,YouBike2.0_臺大小福樓東側,0.867,4.3,500101025.0,500119050.0
YouBike2.0_臺灣科技大學側門,YouBike2.0_臺大立體機車停車場,0.499,2.5,500101025.0,500119051.0
YouBike2.0_臺灣科技大學側門,YouBike2.0_臺大工綜館南側,0.889,3.6,500101025.0,500119052.0
YouBike2.0_臺灣科技大學側門,YouBike2.0_臺大天文數學館南側,1.218,5.4,500101025.0,500119053.0
YouBike2.0_臺灣科技大學側門,YouBike2.0_臺大心理系館南側,1.146,4.5,500101025.0,500119054.0
YouBike2.0_臺灣科技大學側門,YouBike2.0_臺大樂學館東側,0.988,4.7,500101025.0,500119055.0
YouBike2.0_臺灣科技大學側門,YouBike2.0_臺大農化新館西側,0.786,4.1,500101025.0,500119056.0
YouBike2.0_臺灣科技大學側門,YouBike2.0_臺大五號館西側,0.714,3.9,500101025.0,500119057.0
YouBike2.0_臺灣科技大學側門,YouBike2.0_臺大舊體育館西側,1.177,5.2,500101025.0,500119058.0
YouBike2.0_臺灣科技大學側門,YouBike2.0_臺大共同教室東南側,0.515,3.4,500101025.0,500119060.0
YouBike2.0_臺灣科技大學側門,YouBike2.0_臺大鹿鳴堂東側,0.417,3.1,500101025.0,500119061.0
YouBike2.0_臺灣科技大學側門,YouBike2.0_臺大公館停車場西北側,0.358,3.4,500101025.0,500119062.0
YouBike2.0_臺灣科技大學側門,YouBike2.0_臺大第二行政大樓南側,0.659,3.8,500101025.0,500119063.0
YouBike2.0_臺灣科技大學側門,YouBike2.0_臺大明達館機車停車場,0.817,3.6,500101025.0,500119064.0
YouBike2.0_臺灣科技大學側門,YouBike2.0_臺大二號館,0.826,4.2,500101025.0,500119065.0
YouBike2.0_臺灣科技大學側門,YouBike2.0_臺大凝態館南側,1.324,5.7,500101025.0,500119066.0
YouBike2.0_臺灣科技大學側門,YouBike2.0_臺大社科院西側,1.266,4.7,500101025.0,500119067.0
YouBike2.0_臺灣科技大學側門,YouBike2.0_臺大社會系館南側,1.135,4.7,500101025.0,500119068.0
YouBike2.0_臺灣科技大學側門,YouBike2.0_臺大思亮館東南側,1.192,4.6,500101025.0,500119069.0
YouBike2.0_臺灣科技大學側門,YouBike2.0_臺大椰林小舖,0.664,3.8,500101025.0,500119070.0
YouBike2.0_臺灣科技大學側門,YouBike2.0_臺大計資中心南側,1.208,4.6,500101025.0,500119071.0
YouBike2.0_臺灣科技大學側門,YouBike2.0_臺大原分所北側,1.031,4.9,500101025.0,500119072.0
YouBike2.0_臺灣科技大學側門,YouBike2.0_臺大生命科學館西北側,0.477,3.3,500101025.0,500119074.0
YouBike2.0_臺灣科技大學側門,YouBike2.0_臺大第一活動中心西南側,0.797,3.4,500101025.0,500119075.0
YouBike2.0_臺灣科技大學側門,YouBike2.0_臺大博理館西側,1.06,4.1,500101025.0,500119076.0
YouBike2.0_臺灣科技大學側門,YouBike2.0_臺大博雅館西側,1.094,5.0,500101025.0,500119077.0
YouBike2.0_臺灣科技大學側門,YouBike2.0_臺大森林館北側,0.735,4.0,500101025.0,500119078.0
YouBike2.0_臺灣科技大學側門,YouBike2.0_臺大一號館,0.946,4.6,500101025.0,500119079.0
YouBike2.0_臺灣科技大學側門,YouBike2.0_臺大小小福西南側,0.565,3.6,500101025.0,500119080.0
YouBike2.0_臺灣科技大學側門,YouBike2.0_臺大教研館北側,0.188,2.4,500101025.0,500119081.0
YouBike2.0_臺灣科技大學側門,YouBike2.0_臺大四號館東北側,0.686,3.9,500101025.0,500119082.0
YouBike2.0_臺灣科技大學側門,YouBike2.0_臺大新生教室南側,1.077,5.0,500101025.0,500119083.0
YouBike2.0_臺灣科技大學側門,YouBike2.0_臺大鄭江樓北側,0.976,3.9,500101025.0,500119084.0
YouBike2.0_臺灣科技大學側門,YouBike2.0_臺大電機二館東南側,0.926,3.7,500101025.0,500119085.0
YouBike2.0_臺灣科技大學側門,YouBike2.0_臺大圖資系館北側,0.872,3.6,500101025.0,500119086.0
YouBike2.0_臺灣科技大學側門,YouBike2.0_臺大總圖書館西南側,0.672,3.1,500101025.0,500119087.0
YouBike2.0_臺灣科技大學側門,YouBike2.0_臺大黑森林西側,1.158,5.6,500101025.0,500119088.0
YouBike2.0_臺灣科技大學側門,YouBike2.0_臺大獸醫館南側,0.832,3.4,500101025.0,500119089.0
YouBike2.0_臺灣科技大學側門,YouBike2.0_臺大新體育館東南側,1.306,5.6,500101025.0,500119090.0
YouBike2.0_臺灣科技大學側門,YouBike2.0_臺大明達館北側(員工宿舍),0.974,3.9,500101025.0,500119091.0
YouBike2.0_臺大男七舍前,YouBike2.0_辛亥復興路口西北側,1.12,5.1,500101031.0,500101005.0
YouBike2.0_臺大男七舍前,YouBike2.0_新生南路三段52號前,2.102,8.6,500101031.0,500101008.0
YouBike2.0_臺大男七舍前,YouBike2.0_新生南路三段66號前,1.657,6.7,500101031.0,500101009.0
YouBike2.0_臺大男七舍前,YouBike2.0_新生南路三段82號前,1.564,6.4,500101031.0,500101010.0
YouBike2.0_臺大男七舍前,YouBike2.0_銘傳國小側門,1.642,7.0,500101031.0,500101021.0
YouBike2.0_臺大男七舍前,YouBike2.0_捷運公館站(2號出口),1.479,5.7,500101031.0,500101022.0
YouBike2.0_臺大男七舍前,YouBike2.0_第二學生活動中心,1.447,5.9,500101031.0,500101023.0
YouBike2.0_臺大男七舍前,YouBike2.0_臺灣科技大學正門,0.998,3.6,500101031.0,500101024.0
YouBike2.0_臺大男七舍前,YouBike2.0_臺灣科技大學側門,1.22,4.3,500101031.0,500101025.0
YouBike2.0_臺大男七舍前,YouBike2.0_臺大男一舍前,0.198,0.6,500101031.0,500101032.0
YouBike2.0_臺大男七舍前,YouBike2.0_臺大男六舍前,0.228,0.7,500101031.0,500101033.0
YouBike2.0_臺大男七舍前,YouBike2.0_臺大動物醫院前,0.538,2.8,500101031.0,500101034.0
YouBike2.0_臺大男七舍前,YouBike2.0_臺大萬才館前,0.865,4.2,500101031.0,500101036.0
YouBike2.0_臺大男七舍前,YouBike2.0_臺大國青大樓宿舍前,0.93,3.7,500101031.0,500101037.0
YouBike2.0_臺大男七舍前,YouBike2.0_臺大社科院圖書館前,1.085,4.8,500101031.0,500101038.0
YouBike2.0_臺大男七舍前,YouBike2.0_臺大法人語言訓練中心前,1.041,4.0,500101031.0,500101039.0
YouBike2.0_臺大男七舍前,YouBike2.0_臺大綜合體育館停車場前,1.782,6.8,500101031.0,500101040.0
YouBike2.0_臺大男七舍前,YouBike2.0_辛亥新生路口東南側,1.789,6.1,500101031.0,500101041.0
YouBike2.0_臺大男七舍前,YouBike2.0_基隆長興路口東側,0.356,1.4,500101031.0,500101042.0
YouBike2.0_臺大男七舍前,YouBike2.0_捷運公館站(3號出口),1.571,5.9,500101031.0,500101181.0
YouBike2.0_臺大男七舍前,YouBike2.0_新生南路三段94巷口,1.943,7.1,500101031.0,500101184.0
YouBike2.0_臺大男七舍前,YouBike2.0_基隆長興路口,0.334,2.2,500101031.0,500101193.0
YouBike2.0_臺大男七舍前,YouBike2.0_臺大資訊大樓,1.217,5.2,500101031.0,500101209.0
YouBike2.0_臺大男七舍前,YouBike2.0_捷運公館站(1號出口),1.788,6.8,500101031.0,500106003.0
YouBike2.0_臺大男七舍前,YouBike2.0_捷運公館站(4號出口),1.869,7.0,500101031.0,500106004.0
YouBike2.0_臺大男七舍前,YouBike2.0_臺大男八舍東側,0.371,1.1,500101031.0,500119043.0
YouBike2.0_臺大男七舍前,YouBike2.0_臺大禮賢樓東南側,1.319,4.8,500101031.0,500119044.0
YouBike2.0_臺大男七舍前,YouBike2.0_臺大農業陳列館北側,1.455,5.2,500101031.0,500119045.0
YouBike2.0_臺大男七舍前,YouBike2.0_臺大管理學院二館北側,1.446,6.7,500101031.0,500119046.0
YouBike2.0_臺大男七舍前,YouBike2.0_臺大土木系館,1.07,4.4,500101031.0,500119047.0
YouBike2.0_臺大男七舍前,YouBike2.0_臺大大一女舍北側,1.473,5.2,500101031.0,500119048.0
YouBike2.0_臺大男七舍前,YouBike2.0_臺大女九舍西南側,1.083,4.1,500101031.0,500119049.0
YouBike2.0_臺大男七舍前,YouBike2.0_臺大小福樓東側,1.282,4.7,500101031.0,500119050.0
YouBike2.0_臺大男七舍前,YouBike2.0_臺大立體機車停車場,0.612,3.0,500101031.0,500119051.0
YouBike2.0_臺大男七舍前,YouBike2.0_臺大工綜館南側,0.783,3.2,500101031.0,500119052.0
YouBike2.0_臺大男七舍前,YouBike2.0_臺大天文數學館南側,1.337,4.8,500101031.0,500119053.0
YouBike2.0_臺大男七舍前,YouBike2.0_臺大心理系館南側,1.16,4.3,500101031.0,500119054.0
YouBike2.0_臺大男七舍前,YouBike2.0_臺大樂學館東側,1.379,4.9,500101031.0,500119055.0
YouBike2.0_臺大男七舍前,YouBike2.0_臺大農化新館西側,1.415,5.0,500101031.0,500119056.0
YouBike2.0_臺大男七舍前,YouBike2.0_臺大五號館西側,1.252,4.6,500101031.0,500119057.0
YouBike2.0_臺大男七舍前,YouBike2.0_臺大舊體育館西側,1.592,5.5,500101031.0,500119058.0
YouBike2.0_臺大男七舍前,YouBike2.0_臺大共同教室東南側,1.074,4.1,500101031.0,500119060.0
YouBike2.0_臺大男七舍前,YouBike2.0_臺大鹿鳴堂東側,1.173,4.4,500101031.0,500119061.0
YouBike2.0_臺大男七舍前,YouBike2.0_臺大公館停車場西北側,1.221,5.3,500101031.0,500119062.0
YouBike2.0_臺大男七舍前,YouBike2.0_臺大第二行政大樓南側,1.325,4.8,500101031.0,500119063.0
YouBike2.0_臺大男七舍前,YouBike2.0_臺大明達館機車停車場,0.387,2.0,500101031.0,500119064.0
YouBike2.0_臺大男七舍前,YouBike2.0_臺大二號館,1.402,5.0,500101031.0,500119065.0
YouBike2.0_臺大男七舍前,YouBike2.0_臺大凝態館南側,1.535,5.4,500101031.0,500119066.0
YouBike2.0_臺大男七舍前,YouBike2.0_臺大社科院西側,0.935,3.6,500101031.0,500119067.0
YouBike2.0_臺大男七舍前,YouBike2.0_臺大社會系館南側,0.804,3.6,500101031.0,500119068.0
YouBike2.0_臺大男七舍前,YouBike2.0_臺大思亮館東南側,1.263,4.6,500101031.0,500119069.0
YouBike2.0_臺大男七舍前,YouBike2.0_臺大椰林小舖,1.298,4.8,500101031.0,500119070.0
YouBike2.0_臺大男七舍前,YouBike2.0_臺大計資中心南側,1.209,4.4,500101031.0,500119071.0
YouBike2.0_臺大男七舍前,YouBike2.0_臺大原分所北側,1.026,3.9,500101031.0,500119072.0
YouBike2.0_臺大男七舍前,YouBike2.0_臺大生命科學館西北側,1.064,4.1,500101031.0,500119074.0
YouBike2.0_臺大男七舍前,YouBike2.0_臺大第一活動中心西南側,0.931,3.6,500101031.0,500119075.0
YouBike2.0_臺大男七舍前,YouBike2.0_臺大博理館西側,0.729,3.0,500101031.0,500119076.0
YouBike2.0_臺大男七舍前,YouBike2.0_臺大博雅館西側,1.509,5.3,500101031.0,500119077.0
YouBike2.0_臺大男七舍前,YouBike2.0_臺大森林館北側,1.158,4.3,500101031.0,500119078.0
YouBike2.0_臺大男七舍前,YouBike2.0_臺大一號館,1.522,5.3,500101031.0,500119079.0
YouBike2.0_臺大男七舍前,YouBike2.0_臺大小小福西南側,1.184,4.4,500101031.0,500119080.0
YouBike2.0_臺大男七舍前,YouBike2.0_臺大教研館北側,1.051,4.3,500101031.0,500119081.0
YouBike2.0_臺大男七舍前,YouBike2.0_臺大四號館東北側,1.192,4.4,500101031.0,500119082.0
YouBike2.0_臺大男七舍前,YouBike2.0_臺大新生教室南側,1.117,4.2,500101031.0,500119083.0
YouBike2.0_臺大男七舍前,YouBike2.0_臺大鄭江樓北側,0.532,2.5,500101031.0,500119084.0
YouBike2.0_臺大男七舍前,YouBike2.0_臺大電機二館東南側,0.595,2.6,500101031.0,500119085.0
YouBike2.0_臺大男七舍前,YouBike2.0_臺大圖資系館北側,1.056,4.0,500101031.0,500119086.0
YouBike2.0_臺大男七舍前,YouBike2.0_臺大總圖書館西南側,0.856,3.5,500101031.0,500119087.0
YouBike2.0_臺大男七舍前,YouBike2.0_臺大黑森林西側,0.697,4.2,500101031.0,500119088.0
YouBike2.0_臺大男七舍前,YouBike2.0_臺大獸醫館南側,0.58,2.6,500101031.0,500119089.0
YouBike2.0_臺大男七舍前,YouBike2.0_臺大新體育館東南側,1.522,5.3,500101031.0,500119090.0
YouBike2.0_臺大男七舍前,YouBike2.0_臺大明達館北側(員工宿舍),0.566,2.6,500101031.0,500119091.0
YouBike2.0_臺大男一舍前,YouBike2.0_辛亥復興路口西北側,0.922,4.5,500101032.0,500101005.0
YouBike2.0_臺大男一舍前,YouBike2.0_新生南路三段52號前,1.904,8.0,500101032.0,500101008.0
YouBike2.0_臺大男一舍前,YouBike2.0_新生南路三段66號前,1.459,6.1,500101032.0,500101009.0
YouBike2.0_臺大男一舍前,YouBike2.0_新生南路三段82號前,1.366,5.8,500101032.0,500101010.0
YouBike2.0_臺大男一舍前,YouBike2.0_銘傳國小側門,1.444,6.5,500101032.0,500101021.0
YouBike2.0_臺大男一舍前,YouBike2.0_捷運公館站(2號出口),1.281,5.1,500101032.0,500101022.0
YouBike2.0_臺大男一舍前,YouBike2.0_第二學生活動中心,1.249,5.3,500101032.0,500101023.0
YouBike2.0_臺大男一舍前,YouBike2.0_臺灣科技大學正門,0.726,3.6,500101032.0,500101024.0
YouBike2.0_臺大男一舍前,YouBike2.0_臺灣科技大學側門,0.81,4.5,500101032.0,500101025.0
YouBike2.0_臺大男一舍前,YouBike2.0_臺大男七舍前,0.198,0.6,500101032.0,500101031.0
YouBike2.0_臺大男一舍前,YouBike2.0_臺大男六舍前,0.03,0.1,500101032.0,500101033.0
YouBike2.0_臺大男一舍前,YouBike2.0_臺大動物醫院前,0.34,2.2,500101032.0,500101034.0
YouBike2.0_臺大男一舍前,YouBike2.0_臺大萬才館前,0.667,3.7,500101032.0,500101036.0
YouBike2.0_臺大男一舍前,YouBike2.0_臺大國青大樓宿舍前,0.732,3.2,500101032.0,500101037.0
YouBike2.0_臺大男一舍前,YouBike2.0_臺大社科院圖書館前,0.887,4.2,500101032.0,500101038.0
YouBike2.0_臺大男一舍前,YouBike2.0_臺大法人語言訓練中心前,0.843,3.4,500101032.0,500101039.0
YouBike2.0_臺大男一舍前,YouBike2.0_臺大綜合體育館停車場前,1.584,6.3,500101032.0,500101040.0
YouBike2.0_臺大男一舍前,YouBike2.0_辛亥新生路口東南側,1.591,5.6,500101032.0,500101041.0
YouBike2.0_臺大男一舍前,YouBike2.0_基隆長興路口東側,0.158,0.9,500101032.0,500101042.0
YouBike2.0_臺大男一舍前,YouBike2.0_捷運公館站(3號出口),1.373,5.4,500101032.0,500101181.0
YouBike2.0_臺大男一舍前,YouBike2.0_新生南路三段94巷口,1.745,6.5,500101032.0,500101184.0
YouBike2.0_臺大男一舍前,YouBike2.0_基隆長興路口,0.136,1.6,500101032.0,500101193.0
YouBike2.0_臺大男一舍前,YouBike2.0_臺大資訊大樓,1.019,4.6,500101032.0,500101209.0
YouBike2.0_臺大男一舍前,YouBike2.0_捷運公館站(1號出口),1.59,6.2,500101032.0,500106003.0
YouBike2.0_臺大男一舍前,YouBike2.0_捷運公館站(4號出口),1.671,6.5,500101032.0,500106004.0
YouBike2.0_臺大男一舍前,YouBike2.0_臺大男八舍東側,0.173,0.5,500101032.0,500119043.0
YouBike2.0_臺大男一舍前,YouBike2.0_臺大禮賢樓東南側,1.121,4.3,500101032.0,500119044.0
YouBike2.0_臺大男一舍前,YouBike2.0_臺大農業陳列館北側,1.257,4.6,500101032.0,500119045.0
YouBike2.0_臺大男一舍前,YouBike2.0_臺大管理學院二館北側,1.248,6.1,500101032.0,500119046.0
YouBike2.0_臺大男一舍前,YouBike2.0_臺大土木系館,0.872,3.8,500101032.0,500119047.0
YouBike2.0_臺大男一舍前,YouBike2.0_臺大大一女舍北側,1.275,4.7,500101032.0,500119048.0
YouBike2.0_臺大男一舍前,YouBike2.0_臺大女九舍西南側,0.885,3.5,500101032.0,500119049.0
YouBike2.0_臺大男一舍前,YouBike2.0_臺大小福樓東側,1.084,4.1,500101032.0,500119050.0
YouBike2.0_臺大男一舍前,YouBike2.0_臺大立體機車停車場,0.414,2.5,500101032.0,500119051.0
YouBike2.0_臺大男一舍前,YouBike2.0_臺大工綜館南側,0.585,2.6,500101032.0,500119052.0
YouBike2.0_臺大男一舍前,YouBike2.0_臺大天文數學館南側,1.139,4.3,500101032.0,500119053.0
YouBike2.0_臺大男一舍前,YouBike2.0_臺大心理系館南側,0.962,3.8,500101032.0,500119054.0
YouBike2.0_臺大男一舍前,YouBike2.0_臺大樂學館東側,1.181,4.3,500101032.0,500119055.0
YouBike2.0_臺大男一舍前,YouBike2.0_臺大農化新館西側,1.217,4.5,500101032.0,500119056.0
YouBike2.0_臺大男一舍前,YouBike2.0_臺大五號館西側,1.054,4.0,500101032.0,500119057.0
YouBike2.0_臺大男一舍前,YouBike2.0_臺大舊體育館西側,1.394,5.0,500101032.0,500119058.0
YouBike2.0_臺大男一舍前,YouBike2.0_臺大共同教室東南側,0.876,3.6,500101032.0,500119060.0
YouBike2.0_臺大男一舍前,YouBike2.0_臺大鹿鳴堂東側,0.975,3.9,500101032.0,500119061.0
YouBike2.0_臺大男一舍前,YouBike2.0_臺大公館停車場西北側,1.023,4.7,500101032.0,500119062.0
YouBike2.0_臺大男一舍前,YouBike2.0_臺大第二行政大樓南側,1.127,4.2,500101032.0,500119063.0
YouBike2.0_臺大男一舍前,YouBike2.0_臺大明達館機車停車場,0.189,1.5,500101032.0,500119064.0
YouBike2.0_臺大男一舍前,YouBike2.0_臺大二號館,1.204,4.4,500101032.0,500119065.0
YouBike2.0_臺大男一舍前,YouBike2.0_臺大凝態館南側,1.337,4.8,500101032.0,500119066.0
YouBike2.0_臺大男一舍前,YouBike2.0_臺大社科院西側,0.737,3.1,500101032.0,500119067.0
YouBike2.0_臺大男一舍前,YouBike2.0_臺大社會系館南側,0.606,3.0,500101032.0,500119068.0
YouBike2.0_臺大男一舍前,YouBike2.0_臺大思亮館東南側,1.065,4.1,500101032.0,500119069.0
YouBike2.0_臺大男一舍前,YouBike2.0_臺大椰林小舖,1.1,4.2,500101032.0,500119070.0
YouBike2.0_臺大男一舍前,YouBike2.0_臺大計資中心南側,1.011,3.9,500101032.0,500119071.0
YouBike2.0_臺大男一舍前,YouBike2.0_臺大原分所北側,0.828,3.4,500101032.0,500119072.0
YouBike2.0_臺大男一舍前,YouBike2.0_臺大生命科學館西北側,0.866,3.5,500101032.0,500119074.0
YouBike2.0_臺大男一舍前,YouBike2.0_臺大第一活動中心西南側,0.733,3.1,500101032.0,500119075.0
YouBike2.0_臺大男一舍前,YouBike2.0_臺大博理館西側,0.531,2.5,500101032.0,500119076.0
YouBike2.0_臺大男一舍前,YouBike2.0_臺大博雅館西側,1.311,4.8,500101032.0,500119077.0
YouBike2.0_臺大男一舍前,YouBike2.0_臺大森林館北側,0.96,3.8,500101032.0,500119078.0
YouBike2.0_臺大男一舍前,YouBike2.0_臺大一號館,1.324,4.8,500101032.0,500119079.0
YouBike2.0_臺大男一舍前,YouBike2.0_臺大小小福西南側,0.986,3.9,500101032.0,500119080.0
YouBike2.0_臺大男一舍前,YouBike2.0_臺大教研館北側,0.853,3.8,500101032.0,500119081.0
YouBike2.0_臺大男一舍前,YouBike2.0_臺大四號館東北側,0.994,3.9,500101032.0,500119082.0
YouBike2.0_臺大男一舍前,YouBike2.0_臺大新生教室南側,0.919,3.6,500101032.0,500119083.0
YouBike2.0_臺大男一舍前,YouBike2.0_臺大鄭江樓北側,0.334,1.9,500101032.0,500119084.0
YouBike2.0_臺大男一舍前,YouBike2.0_臺大電機二館東南側,0.397,2.1,500101032.0,500119085.0
YouBike2.0_臺大男一舍前,YouBike2.0_臺大圖資系館北側,0.858,3.5,500101032.0,500119086.0
YouBike2.0_臺大男一舍前,YouBike2.0_臺大總圖書館西南側,0.658,2.9,500101032.0,500119087.0
YouBike2.0_臺大男一舍前,YouBike2.0_臺大黑森林西側,0.499,3.6,500101032.0,500119088.0
YouBike2.0_臺大男一舍前,YouBike2.0_臺大獸醫館南側,0.382,2.0,500101032.0,500119089.0
YouBike2.0_臺大男一舍前,YouBike2.0_臺大新體育館東南側,1.324,4.8,500101032.0,500119090.0
YouBike2.0_臺大男一舍前,YouBike2.0_臺大明達館北側(員工宿舍),0.368,2.0,500101032.0,500119091.0
YouBike2.0_臺大男六舍前,YouBike2.0_辛亥復興路口西北側,0.891,4.4,500101033.0,500101005.0
YouBike2.0_臺大男六舍前,YouBike2.0_新生南路三段52號前,1.873,7.9,500101033.0,500101008.0
YouBike2.0_臺大男六舍前,YouBike2.0_新生南路三段66號前,1.429,6.0,500101033.0,500101009.0
YouBike2.0_臺大男六舍前,YouBike2.0_新生南路三段82號前,1.335,5.7,500101033.0,500101010.0
YouBike2.0_臺大男六舍前,YouBike2.0_銘傳國小側門,1.414,6.4,500101033.0,500101021.0
YouBike2.0_臺大男六舍前,YouBike2.0_捷運公館站(2號出口),1.251,5.0,500101033.0,500101022.0
YouBike2.0_臺大男六舍前,YouBike2.0_第二學生活動中心,1.219,5.2,500101033.0,500101023.0
YouBike2.0_臺大男六舍前,YouBike2.0_臺灣科技大學正門,0.696,3.5,500101033.0,500101024.0
YouBike2.0_臺大男六舍前,YouBike2.0_臺灣科技大學側門,0.779,4.4,500101033.0,500101025.0
YouBike2.0_臺大男六舍前,YouBike2.0_臺大男七舍前,0.228,0.7,500101033.0,500101031.0
YouBike2.0_臺大男六舍前,YouBike2.0_臺大男一舍前,0.03,0.1,500101033.0,500101032.0
YouBike2.0_臺大男六舍前,YouBike2.0_臺大動物醫院前,0.31,2.1,500101033.0,500101034.0
YouBike2.0_臺大男六舍前,YouBike2.0_臺大萬才館前,0.637,3.6,500101033.0,500101036.0
YouBike2.0_臺大男六舍前,YouBike2.0_臺大國青大樓宿舍前,0.701,3.1,500101033.0,500101037.0
YouBike2.0_臺大男六舍前,YouBike2.0_臺大社科院圖書館前,0.856,4.1,500101033.0,500101038.0
YouBike2.0_臺大男六舍前,YouBike2.0_臺大法人語言訓練中心前,0.812,3.3,500101033.0,500101039.0
YouBike2.0_臺大男六舍前,YouBike2.0_臺大綜合體育館停車場前,1.554,6.2,500101033.0,500101040.0
YouBike2.0_臺大男六舍前,YouBike2.0_辛亥新生路口東南側,1.561,5.5,500101033.0,500101041.0
YouBike2.0_臺大男六舍前,YouBike2.0_基隆長興路口東側,0.127,0.8,500101033.0,500101042.0
YouBike2.0_臺大男六舍前,YouBike2.0_捷運公館站(3號出口),1.342,5.3,500101033.0,500101181.0
YouBike2.0_臺大男六舍前,YouBike2.0_新生南路三段94巷口,1.714,6.4,500101033.0,500101184.0
YouBike2.0_臺大男六舍前,YouBike2.0_基隆長興路口,0.106,1.5,500101033.0,500101193.0
YouBike2.0_臺大男六舍前,YouBike2.0_臺大資訊大樓,0.988,4.5,500101033.0,500101209.0
YouBike2.0_臺大男六舍前,YouBike2.0_捷運公館站(1號出口),1.559,6.1,500101033.0,500106003.0
YouBike2.0_臺大男六舍前,YouBike2.0_捷運公館站(4號出口),1.641,6.3,500101033.0,500106004.0
YouBike2.0_臺大男六舍前,YouBike2.0_臺大男八舍東側,0.142,0.4,500101033.0,500119043.0
YouBike2.0_臺大男六舍前,YouBike2.0_臺大禮賢樓東南側,1.091,4.2,500101033.0,500119044.0
YouBike2.0_臺大男六舍前,YouBike2.0_臺大農業陳列館北側,1.227,4.5,500101033.0,500119045.0
YouBike2.0_臺大男六舍前,YouBike2.0_臺大管理學院二館北側,1.217,6.0,500101033.0,500119046.0
YouBike2.0_臺大男六舍前,YouBike2.0_臺大土木系館,0.842,3.7,500101033.0,500119047.0
YouBike2.0_臺大男六舍前,YouBike2.0_臺大大一女舍北側,1.244,4.6,500101033.0,500119048.0
YouBike2.0_臺大男六舍前,YouBike2.0_臺大女九舍西南側,0.854,3.4,500101033.0,500119049.0
YouBike2.0_臺大男六舍前,YouBike2.0_臺大小福樓東側,1.053,4.0,500101033.0,500119050.0
YouBike2.0_臺大男六舍前,YouBike2.0_臺大立體機車停車場,0.384,2.4,500101033.0,500119051.0
YouBike2.0_臺大男六舍前,YouBike2.0_臺大工綜館南側,0.555,2.6,500101033.0,500119052.0
YouBike2.0_臺大男六舍前,YouBike2.0_臺大天文數學館南側,1.108,4.2,500101033.0,500119053.0
YouBike2.0_臺大男六舍前,YouBike2.0_臺大心理系館南側,0.931,3.7,500101033.0,500119054.0
YouBike2.0_臺大男六舍前,YouBike2.0_臺大樂學館東側,1.151,4.2,500101033.0,500119055.0
YouBike2.0_臺大男六舍前,YouBike2.0_臺大農化新館西側,1.187,4.4,500101033.0,500119056.0
YouBike2.0_臺大男六舍前,YouBike2.0_臺大五號館西側,1.023,3.9,500101033.0,500119057.0
YouBike2.0_臺大男六舍前,YouBike2.0_臺大舊體育館西側,1.363,4.9,500101033.0,500119058.0
YouBike2.0_臺大男六舍前,YouBike2.0_臺大共同教室東南側,0.845,3.5,500101033.0,500119060.0
YouBike2.0_臺大男六舍前,YouBike2.0_臺大鹿鳴堂東側,0.945,3.8,500101033.0,500119061.0
YouBike2.0_臺大男六舍前,YouBike2.0_臺大公館停車場西北側,0.992,4.6,500101033.0,500119062.0
YouBike2.0_臺大男六舍前,YouBike2.0_臺大第二行政大樓南側,1.097,4.2,500101033.0,500119063.0
YouBike2.0_臺大男六舍前,YouBike2.0_臺大明達館機車停車場,0.159,1.4,500101033.0,500119064.0
YouBike2.0_臺大男六舍前,YouBike2.0_臺大二號館,1.174,4.3,500101033.0,500119065.0
YouBike2.0_臺大男六舍前,YouBike2.0_臺大凝態館南側,1.307,4.8,500101033.0,500119066.0
YouBike2.0_臺大男六舍前,YouBike2.0_臺大社科院西側,0.706,3.0,500101033.0,500119067.0
YouBike2.0_臺大男六舍前,YouBike2.0_臺大社會系館南側,0.575,3.0,500101033.0,500119068.0
YouBike2.0_臺大男六舍前,YouBike2.0_臺大思亮館東南側,1.034,4.0,500101033.0,500119069.0
YouBike2.0_臺大男六舍前,YouBike2.0_臺大椰林小舖,1.07,4.1,500101033.0,500119070.0
YouBike2.0_臺大男六舍前,YouBike2.0_臺大計資中心南側,0.98,3.8,500101033.0,500119071.0
YouBike2.0_臺大男六舍前,YouBike2.0_臺大原分所北側,0.798,3.3,500101033.0,500119072.0
YouBike2.0_臺大男六舍前,YouBike2.0_臺大生命科學館西北側,0.835,3.4,500101033.0,500119074.0
YouBike2.0_臺大男六舍前,YouBike2.0_臺大第一活動中心西南側,0.703,3.0,500101033.0,500119075.0
YouBike2.0_臺大男六舍前,YouBike2.0_臺大博理館西側,0.5,2.4,500101033.0,500119076.0
YouBike2.0_臺大男六舍前,YouBike2.0_臺大博雅館西側,1.281,4.7,500101033.0,500119077.0
YouBike2.0_臺大男六舍前,YouBike2.0_臺大森林館北側,0.93,3.7,500101033.0,500119078.0
YouBike2.0_臺大男六舍前,YouBike2.0_臺大一號館,1.294,4.7,500101033.0,500119079.0
YouBike2.0_臺大男六舍前,YouBike2.0_臺大小小福西南側,0.956,3.8,500101033.0,500119080.0
YouBike2.0_臺大男六舍前,YouBike2.0_臺大教研館北側,0.822,3.7,500101033.0,500119081.0
YouBike2.0_臺大男六舍前,YouBike2.0_臺大四號館東北側,0.963,3.8,500101033.0,500119082.0
YouBike2.0_臺大男六舍前,YouBike2.0_臺大新生教室南側,0.889,3.5,500101033.0,500119083.0
YouBike2.0_臺大男六舍前,YouBike2.0_臺大鄭江樓北側,0.303,1.8,500101033.0,500119084.0
YouBike2.0_臺大男六舍前,YouBike2.0_臺大電機二館東南側,0.366,2.0,500101033.0,500119085.0
YouBike2.0_臺大男六舍前,YouBike2.0_臺大圖資系館北側,0.828,3.4,500101033.0,500119086.0
YouBike2.0_臺大男六舍前,YouBike2.0_臺大總圖書館西南側,0.628,2.8,500101033.0,500119087.0
YouBike2.0_臺大男六舍前,YouBike2.0_臺大黑森林西側,0.468,3.5,500101033.0,500119088.0
YouBike2.0_臺大男六舍前,YouBike2.0_臺大獸醫館南側,0.352,1.9,500101033.0,500119089.0
YouBike2.0_臺大男六舍前,YouBike2.0_臺大新體育館東南側,1.294,4.7,500101033.0,500119090.0
YouBike2.0_臺大男六舍前,YouBike2.0_臺大明達館北側(員工宿舍),0.337,1.9,500101033.0,500119091.0
YouBike2.0_臺大動物醫院前,YouBike2.0_辛亥復興路口西北側,1.011,4.3,500101034.0,500101005.0
YouBike2.0_臺大動物醫院前,YouBike2.0_新生南路三段52號前,1.553,6.1,500101034.0,500101008.0
YouBike2.0_臺大動物醫院前,YouBike2.0_新生南路三段66號前,1.4,5.7,500101034.0,500101009.0
YouBike2.0_臺大動物醫院前,YouBike2.0_新生南路三段82號前,1.306,5.4,500101034.0,500101010.0
YouBike2.0_臺大動物醫院前,YouBike2.0_銘傳國小側門,1.112,5.0,500101034.0,500101021.0
YouBike2.0_臺大動物醫院前,YouBike2.0_捷運公館站(2號出口),1.044,4.2,500101034.0,500101022.0
YouBike2.0_臺大動物醫院前,YouBike2.0_第二學生活動中心,0.917,3.9,500101034.0,500101023.0
YouBike2.0_臺大動物醫院前,YouBike2.0_臺灣科技大學正門,0.386,1.4,500101034.0,500101024.0
YouBike2.0_臺大動物醫院前,YouBike2.0_臺灣科技大學側門,0.47,2.3,500101034.0,500101025.0
YouBike2.0_臺大動物醫院前,YouBike2.0_臺大男七舍前,0.538,1.6,500101034.0,500101031.0
YouBike2.0_臺大動物醫院前,YouBike2.0_臺大男一舍前,0.34,1.0,500101034.0,500101032.0
YouBike2.0_臺大動物醫院前,YouBike2.0_臺大男六舍前,0.31,0.9,500101034.0,500101033.0
YouBike2.0_臺大動物醫院前,YouBike2.0_臺大萬才館前,0.756,3.5,500101034.0,500101036.0
YouBike2.0_臺大動物醫院前,YouBike2.0_臺大國青大樓宿舍前,0.821,3.0,500101034.0,500101037.0
YouBike2.0_臺大動物醫院前,YouBike2.0_臺大社科院圖書館前,0.976,4.0,500101034.0,500101038.0
YouBike2.0_臺大動物醫院前,YouBike2.0_臺大法人語言訓練中心前,1.181,4.7,500101034.0,500101039.0
YouBike2.0_臺大動物醫院前,YouBike2.0_臺大綜合體育館停車場前,1.674,6.1,500101034.0,500101040.0
YouBike2.0_臺大動物醫院前,YouBike2.0_辛亥新生路口東南側,1.524,5.1,500101034.0,500101041.0
YouBike2.0_臺大動物醫院前,YouBike2.0_基隆長興路口東側,0.247,0.7,500101034.0,500101042.0
YouBike2.0_臺大動物醫院前,YouBike2.0_捷運公館站(3號出口),1.135,4.5,500101034.0,500101181.0
YouBike2.0_臺大動物醫院前,YouBike2.0_新生南路三段94巷口,1.507,5.6,500101034.0,500101184.0
YouBike2.0_臺大動物醫院前,YouBike2.0_基隆長興路口,0.204,0.6,500101034.0,500101193.0
YouBike2.0_臺大動物醫院前,YouBike2.0_臺大資訊大樓,1.108,4.5,500101034.0,500101209.0
YouBike2.0_臺大動物醫院前,YouBike2.0_捷運公館站(1號出口),1.258,4.8,500101034.0,500106003.0
YouBike2.0_臺大動物醫院前,YouBike2.0_捷運公館站(4號出口),1.339,5.0,500101034.0,500106004.0
YouBike2.0_臺大動物醫院前,YouBike2.0_臺大男八舍東側,0.344,1.0,500101034.0,500119043.0
YouBike2.0_臺大動物醫院前,YouBike2.0_臺大禮賢樓東南側,0.747,3.0,500101034.0,500119044.0
YouBike2.0_臺大動物醫院前,YouBike2.0_臺大農業陳列館北側,1.198,4.2,500101034.0,500119045.0
YouBike2.0_臺大動物醫院前,YouBike2.0_臺大管理學院二館北側,0.905,5.0,500101034.0,500119046.0
YouBike2.0_臺大動物醫院前,YouBike2.0_臺大土木系館,0.634,2.9,500101034.0,500119047.0
YouBike2.0_臺大動物醫院前,YouBike2.0_臺大大一女舍北側,1.037,3.8,500101034.0,500119048.0
YouBike2.0_臺大動物醫院前,YouBike2.0_臺大女九舍西南側,0.817,3.1,500101034.0,500119049.0
YouBike2.0_臺大動物醫院前,YouBike2.0_臺大小福樓東側,0.846,3.2,500101034.0,500119050.0
YouBike2.0_臺大動物醫院前,YouBike2.0_臺大立體機車停車場,0.082,0.9,500101034.0,500119051.0
YouBike2.0_臺大動物醫院前,YouBike2.0_臺大工綜館南側,0.473,2.1,500101034.0,500119052.0
YouBike2.0_臺大動物醫院前,YouBike2.0_臺大天文數學館南側,1.071,3.8,500101034.0,500119053.0
YouBike2.0_臺大動物醫院前,YouBike2.0_臺大心理系館南側,0.895,3.3,500101034.0,500119054.0
YouBike2.0_臺大動物醫院前,YouBike2.0_臺大樂學館東側,0.944,3.4,500101034.0,500119055.0
YouBike2.0_臺大動物醫院前,YouBike2.0_臺大農化新館西側,0.98,3.6,500101034.0,500119056.0
YouBike2.0_臺大動物醫院前,YouBike2.0_臺大五號館西側,0.816,3.1,500101034.0,500119057.0
YouBike2.0_臺大動物醫院前,YouBike2.0_臺大舊體育館西側,1.156,4.1,500101034.0,500119058.0
YouBike2.0_臺大動物醫院前,YouBike2.0_臺大共同教室東南側,0.638,2.6,500101034.0,500119060.0
YouBike2.0_臺大動物醫院前,YouBike2.0_臺大鹿鳴堂東側,0.75,3.1,500101034.0,500119061.0
YouBike2.0_臺大動物醫院前,YouBike2.0_臺大公館停車場西北側,0.691,3.3,500101034.0,500119062.0
YouBike2.0_臺大動物醫院前,YouBike2.0_臺大第二行政大樓南側,0.889,3.3,500101034.0,500119063.0
YouBike2.0_臺大動物醫院前,YouBike2.0_臺大明達館機車停車場,0.345,2.2,500101034.0,500119064.0
YouBike2.0_臺大動物醫院前,YouBike2.0_臺大二號館,0.967,3.5,500101034.0,500119065.0
YouBike2.0_臺大動物醫院前,YouBike2.0_臺大凝態館南側,1.27,4.4,500101034.0,500119066.0
YouBike2.0_臺大動物醫院前,YouBike2.0_臺大社科院西側,0.85,3.1,500101034.0,500119067.0
YouBike2.0_臺大動物醫院前,YouBike2.0_臺大社會系館南側,0.719,3.1,500101034.0,500119068.0
YouBike2.0_臺大動物醫院前,YouBike2.0_臺大思亮館東南側,0.941,3.5,500101034.0,500119069.0
YouBike2.0_臺大動物醫院前,YouBike2.0_臺大椰林小舖,0.862,3.3,500101034.0,500119070.0
YouBike2.0_臺大動物醫院前,YouBike2.0_臺大計資中心南側,0.956,3.5,500101034.0,500119071.0
YouBike2.0_臺大動物醫院前,YouBike2.0_臺大原分所北側,0.761,2.9,500101034.0,500119072.0
YouBike2.0_臺大動物醫院前,YouBike2.0_臺大生命科學館西北側,0.628,2.6,500101034.0,500119074.0
YouBike2.0_臺大動物醫院前,YouBike2.0_臺大第一活動中心西南側,0.496,2.2,500101034.0,500119075.0
YouBike2.0_臺大動物醫院前,YouBike2.0_臺大博理館西側,0.643,2.6,500101034.0,500119076.0
YouBike2.0_臺大動物醫院前,YouBike2.0_臺大博雅館西側,1.074,3.8,500101034.0,500119077.0
YouBike2.0_臺大動物醫院前,YouBike2.0_臺大森林館北側,0.723,2.8,500101034.0,500119078.0
YouBike2.0_臺大動物醫院前,YouBike2.0_臺大一號館,1.086,3.8,500101034.0,500119079.0
YouBike2.0_臺大動物醫院前,YouBike2.0_臺大小小福西南側,0.748,2.9,500101034.0,500119080.0
YouBike2.0_臺大動物醫院前,YouBike2.0_臺大教研館北側,0.521,2.4,500101034.0,500119081.0
YouBike2.0_臺大動物醫院前,YouBike2.0_臺大四號館東北側,0.756,2.9,500101034.0,500119082.0
YouBike2.0_臺大動物醫院前,YouBike2.0_臺大新生教室南側,0.994,3.6,500101034.0,500119083.0
YouBike2.0_臺大動物醫院前,YouBike2.0_臺大鄭江樓北側,0.56,2.3,500101034.0,500119084.0
YouBike2.0_臺大動物醫院前,YouBike2.0_臺大電機二館東南側,0.51,2.2,500101034.0,500119085.0
YouBike2.0_臺大動物醫院前,YouBike2.0_臺大圖資系館北側,0.62,2.5,500101034.0,500119086.0
YouBike2.0_臺大動物醫院前,YouBike2.0_臺大總圖書館西南側,0.42,2.0,500101034.0,500119087.0
YouBike2.0_臺大動物醫院前,YouBike2.0_臺大黑森林西側,0.655,4.3,500101034.0,500119088.0
YouBike2.0_臺大動物醫院前,YouBike2.0_臺大獸醫館南側,0.416,1.9,500101034.0,500119089.0
YouBike2.0_臺大動物醫院前,YouBike2.0_臺大新體育館東南側,1.257,4.3,500101034.0,500119090.0
YouBike2.0_臺大動物醫院前,YouBike2.0_臺大明達館北側(員工宿舍),0.558,2.3,500101034.0,500119091.0
YouBike2.0_臺大萬才館前,YouBike2.0_辛亥復興路口西北側,0.281,2.8,500101036.0,500101005.0
YouBike2.0_臺大萬才館前,YouBike2.0_新生南路三段52號前,1.264,6.3,500101036.0,500101008.0
YouBike2.0_臺大萬才館前,YouBike2.0_新生南路三段66號前,1.417,6.8,500101036.0,500101009.0
YouBike2.0_臺大萬才館前,YouBike2.0_新生南路三段82號前,1.51,7.0,500101036.0,500101010.0
YouBike2.0_臺大萬才館前,YouBike2.0_銘傳國小側門,1.807,7.0,500101036.0,500101021.0
YouBike2.0_臺大萬才館前,YouBike2.0_捷運公館站(2號出口),1.645,6.0,500101036.0,500101022.0
YouBike2.0_臺大萬才館前,YouBike2.0_第二學生活動中心,1.612,5.8,500101036.0,500101023.0
YouBike2.0_臺大萬才館前,YouBike2.0_臺灣科技大學正門,0.964,4.5,500101036.0,500101024.0
YouBike2.0_臺大萬才館前,YouBike2.0_臺灣科技大學側門,1.225,5.3,500101036.0,500101025.0
YouBike2.0_臺大萬才館前,YouBike2.0_臺大男七舍前,0.861,3.9,500101036.0,500101031.0
YouBike2.0_臺大萬才館前,YouBike2.0_臺大男一舍前,0.663,3.3,500101036.0,500101032.0
YouBike2.0_臺大萬才館前,YouBike2.0_臺大男六舍前,0.632,3.2,500101036.0,500101033.0
YouBike2.0_臺大萬才館前,YouBike2.0_臺大動物醫院前,0.758,3.4,500101036.0,500101034.0
YouBike2.0_臺大萬才館前,YouBike2.0_臺大國青大樓宿舍前,0.214,0.7,500101036.0,500101037.0
YouBike2.0_臺大萬才館前,YouBike2.0_臺大社科院圖書館前,0.246,2.5,500101036.0,500101038.0
YouBike2.0_臺大萬才館前,YouBike2.0_臺大法人語言訓練中心前,0.451,3.1,500101036.0,500101039.0
YouBike2.0_臺大萬才館前,YouBike2.0_臺大綜合體育館停車場前,0.944,4.6,500101036.0,500101040.0
YouBike2.0_臺大萬才館前,YouBike2.0_辛亥新生路口東南側,1.111,5.8,500101036.0,500101041.0
YouBike2.0_臺大萬才館前,YouBike2.0_基隆長興路口東側,0.509,2.2,500101036.0,500101042.0
YouBike2.0_臺大萬才館前,YouBike2.0_捷運公館站(3號出口),1.736,6.2,500101036.0,500101181.0
YouBike2.0_臺大萬才館前,YouBike2.0_新生南路三段94巷口,1.679,7.5,500101036.0,500101184.0
YouBike2.0_臺大萬才館前,YouBike2.0_基隆長興路口,0.554,2.8,500101036.0,500101193.0
YouBike2.0_臺大萬才館前,YouBike2.0_臺大資訊大樓,0.378,3.0,500101036.0,500101209.0
YouBike2.0_臺大萬才館前,YouBike2.0_捷運公館站(1號出口),1.953,6.8,500101036.0,500106003.0
YouBike2.0_臺大萬才館前,YouBike2.0_捷運公館站(4號出口),2.034,7.0,500101036.0,500106004.0
YouBike2.0_臺大萬才館前,YouBike2.0_臺大男八舍東側,0.509,2.9,500101036.0,500119043.0
YouBike2.0_臺大萬才館前,YouBike2.0_臺大禮賢樓東南側,1.443,5.0,500101036.0,500119044.0
YouBike2.0_臺大萬才館前,YouBike2.0_臺大農業陳列館北側,1.799,5.9,500101036.0,500119045.0
YouBike2.0_臺大萬才館前,YouBike2.0_臺大管理學院二館北側,1.6,6.9,500101036.0,500119046.0
YouBike2.0_臺大萬才館前,YouBike2.0_臺大土木系館,1.235,4.6,500101036.0,500119047.0
YouBike2.0_臺大萬才館前,YouBike2.0_臺大大一女舍北側,1.638,5.5,500101036.0,500119048.0
YouBike2.0_臺大萬才館前,YouBike2.0_臺大女九舍西南側,1.248,4.3,500101036.0,500119049.0
YouBike2.0_臺大萬才館前,YouBike2.0_臺大小福樓東側,1.447,4.9,500101036.0,500119050.0
YouBike2.0_臺大萬才館前,YouBike2.0_臺大立體機車停車場,0.777,3.0,500101036.0,500119051.0
YouBike2.0_臺大萬才館前,YouBike2.0_臺大工綜館南側,0.949,3.5,500101036.0,500119052.0
YouBike2.0_臺大萬才館前,YouBike2.0_臺大天文數學館南側,0.77,4.8,500101036.0,500119053.0
YouBike2.0_臺大萬才館前,YouBike2.0_臺大心理系館南側,1.325,4.6,500101036.0,500119054.0
YouBike2.0_臺大萬才館前,YouBike2.0_臺大樂學館東側,1.545,5.2,500101036.0,500119055.0
YouBike2.0_臺大萬才館前,YouBike2.0_臺大農化新館西側,1.581,5.3,500101036.0,500119056.0
YouBike2.0_臺大萬才館前,YouBike2.0_臺大五號館西側,1.417,4.8,500101036.0,500119057.0
YouBike2.0_臺大萬才館前,YouBike2.0_臺大舊體育館西側,1.757,5.8,500101036.0,500119058.0
YouBike2.0_臺大萬才館前,YouBike2.0_臺大共同教室東南側,1.239,4.4,500101036.0,500119060.0
YouBike2.0_臺大萬才館前,YouBike2.0_臺大鹿鳴堂東側,1.338,4.7,500101036.0,500119061.0
YouBike2.0_臺大萬才館前,YouBike2.0_臺大公館停車場西北側,1.386,5.2,500101036.0,500119062.0
YouBike2.0_臺大萬才館前,YouBike2.0_臺大第二行政大樓南側,1.49,5.1,500101036.0,500119063.0
YouBike2.0_臺大萬才館前,YouBike2.0_臺大明達館機車停車場,0.552,2.3,500101036.0,500119064.0
YouBike2.0_臺大萬才館前,YouBike2.0_臺大二號館,1.568,5.2,500101036.0,500119065.0
YouBike2.0_臺大萬才館前,YouBike2.0_臺大凝態館南側,0.947,5.3,500101036.0,500119066.0
YouBike2.0_臺大萬才館前,YouBike2.0_臺大社科院西側,1.1,3.9,500101036.0,500119067.0
YouBike2.0_臺大萬才館前,YouBike2.0_臺大社會系館南側,0.969,3.9,500101036.0,500119068.0
YouBike2.0_臺大萬才館前,YouBike2.0_臺大思亮館東南側,0.673,4.5,500101036.0,500119069.0
YouBike2.0_臺大萬才館前,YouBike2.0_臺大椰林小舖,1.463,5.0,500101036.0,500119070.0
YouBike2.0_臺大萬才館前,YouBike2.0_臺大計資中心南側,0.631,4.4,500101036.0,500119071.0
YouBike2.0_臺大萬才館前,YouBike2.0_臺大原分所北側,1.191,4.2,500101036.0,500119072.0
YouBike2.0_臺大萬才館前,YouBike2.0_臺大生命科學館西北側,1.229,4.3,500101036.0,500119074.0
YouBike2.0_臺大萬才館前,YouBike2.0_臺大第一活動中心西南側,1.097,3.9,500101036.0,500119075.0
YouBike2.0_臺大萬才館前,YouBike2.0_臺大博理館西側,0.894,3.3,500101036.0,500119076.0
YouBike2.0_臺大萬才館前,YouBike2.0_臺大博雅館西側,1.675,5.6,500101036.0,500119077.0
YouBike2.0_臺大萬才館前,YouBike2.0_臺大森林館北側,1.324,4.6,500101036.0,500119078.0
YouBike2.0_臺大萬才館前,YouBike2.0_臺大一號館,1.687,5.6,500101036.0,500119079.0
YouBike2.0_臺大萬才館前,YouBike2.0_臺大小小福西南側,1.349,4.7,500101036.0,500119080.0
YouBike2.0_臺大萬才館前,YouBike2.0_臺大教研館北側,1.216,4.3,500101036.0,500119081.0
YouBike2.0_臺大萬才館前,YouBike2.0_臺大四號館東北側,1.357,4.7,500101036.0,500119082.0
YouBike2.0_臺大萬才館前,YouBike2.0_臺大新生教室南側,1.282,4.5,500101036.0,500119083.0
YouBike2.0_臺大萬才館前,YouBike2.0_臺大鄭江樓北側,0.697,2.7,500101036.0,500119084.0
YouBike2.0_臺大萬才館前,YouBike2.0_臺大電機二館東南側,0.76,2.9,500101036.0,500119085.0
YouBike2.0_臺大萬才館前,YouBike2.0_臺大圖資系館北側,1.221,4.3,500101036.0,500119086.0
YouBike2.0_臺大萬才館前,YouBike2.0_臺大總圖書館西南側,1.022,3.7,500101036.0,500119087.0
YouBike2.0_臺大萬才館前,YouBike2.0_臺大黑森林西側,0.31,3.5,500101036.0,500119088.0
YouBike2.0_臺大萬才館前,YouBike2.0_臺大獸醫館南側,0.745,2.9,500101036.0,500119089.0
YouBike2.0_臺大萬才館前,YouBike2.0_臺大新體育館東南側,1.057,5.6,500101036.0,500119090.0
YouBike2.0_臺大萬才館前,YouBike2.0_臺大明達館北側(員工宿舍),0.731,2.8,500101036.0,500119091.0
YouBike2.0_臺大國青大樓宿舍前,YouBike2.0_辛亥復興路口西北側,0.19,1.3,500101037.0,500101005.0
YouBike2.0_臺大國青大樓宿舍前,YouBike2.0_新生南路三段52號前,1.172,4.8,500101037.0,500101008.0
YouBike2.0_臺大國青大樓宿舍前,YouBike2.0_新生南路三段66號前,1.325,5.3,500101037.0,500101009.0
YouBike2.0_臺大國青大樓宿舍前,YouBike2.0_新生南路三段82號前,1.419,5.5,500101037.0,500101010.0
YouBike2.0_臺大國青大樓宿舍前,YouBike2.0_銘傳國小側門,1.872,6.8,500101037.0,500101021.0
YouBike2.0_臺大國青大樓宿舍前,YouBike2.0_捷運公館站(2號出口),1.709,5.7,500101037.0,500101022.0
YouBike2.0_臺大國青大樓宿舍前,YouBike2.0_第二學生活動中心,1.677,5.6,500101037.0,500101023.0
YouBike2.0_臺大國青大樓宿舍前,YouBike2.0_臺灣科技大學正門,1.029,4.3,500101037.0,500101024.0
YouBike2.0_臺大國青大樓宿舍前,YouBike2.0_臺灣科技大學側門,1.289,5.1,500101037.0,500101025.0
YouBike2.0_臺大國青大樓宿舍前,YouBike2.0_臺大男七舍前,0.926,3.7,500101037.0,500101031.0
YouBike2.0_臺大國青大樓宿舍前,YouBike2.0_臺大男一舍前,0.728,3.1,500101037.0,500101032.0
YouBike2.0_臺大國青大樓宿舍前,YouBike2.0_臺大男六舍前,0.697,3.0,500101037.0,500101033.0
YouBike2.0_臺大國青大樓宿舍前,YouBike2.0_臺大動物醫院前,0.822,3.1,500101037.0,500101034.0
YouBike2.0_臺大國青大樓宿舍前,YouBike2.0_臺大萬才館前,0.091,0.3,500101037.0,500101036.0
YouBike2.0_臺大國青大樓宿舍前,YouBike2.0_臺大社科院圖書館前,0.155,1.1,500101037.0,500101038.0
YouBike2.0_臺大國青大樓宿舍前,YouBike2.0_臺大法人語言訓練中心前,0.36,1.6,500101037.0,500101039.0
YouBike2.0_臺大國青大樓宿舍前,YouBike2.0_臺大綜合體育館停車場前,0.853,3.1,500101037.0,500101040.0
YouBike2.0_臺大國青大樓宿舍前,YouBike2.0_辛亥新生路口東南側,1.02,4.3,500101037.0,500101041.0
YouBike2.0_臺大國青大樓宿舍前,YouBike2.0_基隆長興路口東側,0.574,1.9,500101037.0,500101042.0
YouBike2.0_臺大國青大樓宿舍前,YouBike2.0_捷運公館站(3號出口),1.801,6.0,500101037.0,500101181.0
YouBike2.0_臺大國青大樓宿舍前,YouBike2.0_新生南路三段94巷口,1.588,6.0,500101037.0,500101184.0
YouBike2.0_臺大國青大樓宿舍前,YouBike2.0_基隆長興路口,0.618,2.5,500101037.0,500101193.0
YouBike2.0_臺大國青大樓宿舍前,YouBike2.0_臺大資訊大樓,0.287,1.4,500101037.0,500101209.0
YouBike2.0_臺大國青大樓宿舍前,YouBike2.0_捷運公館站(1號出口),2.018,6.5,500101037.0,500106003.0
YouBike2.0_臺大國青大樓宿舍前,YouBike2.0_捷運公館站(4號出口),2.099,6.7,500101037.0,500106004.0
YouBike2.0_臺大國青大樓宿舍前,YouBike2.0_臺大男八舍東側,0.574,2.6,500101037.0,500119043.0
YouBike2.0_臺大國青大樓宿舍前,YouBike2.0_臺大禮賢樓東南側,1.507,4.7,500101037.0,500119044.0
YouBike2.0_臺大國青大樓宿舍前,YouBike2.0_臺大農業陳列館北側,1.381,5.4,500101037.0,500119045.0
YouBike2.0_臺大國青大樓宿舍前,YouBike2.0_臺大管理學院二館北側,1.665,6.7,500101037.0,500119046.0
YouBike2.0_臺大國青大樓宿舍前,YouBike2.0_臺大土木系館,1.3,4.4,500101037.0,500119047.0
YouBike2.0_臺大國青大樓宿舍前,YouBike2.0_臺大大一女舍北側,1.703,5.3,500101037.0,500119048.0
YouBike2.0_臺大國青大樓宿舍前,YouBike2.0_臺大女九舍西南側,0.68,3.3,500101037.0,500119049.0
YouBike2.0_臺大國青大樓宿舍前,YouBike2.0_臺大小福樓東側,1.007,4.3,500101037.0,500119050.0
YouBike2.0_臺大國青大樓宿舍前,YouBike2.0_臺大立體機車停車場,0.842,2.7,500101037.0,500119051.0
YouBike2.0_臺大國青大樓宿舍前,YouBike2.0_臺大工綜館南側,1.013,3.2,500101037.0,500119052.0
YouBike2.0_臺大國青大樓宿舍前,YouBike2.0_臺大天文數學館南側,0.678,3.3,500101037.0,500119053.0
YouBike2.0_臺大國青大樓宿舍前,YouBike2.0_臺大心理系館南側,0.599,3.1,500101037.0,500119054.0
YouBike2.0_臺大國青大樓宿舍前,YouBike2.0_臺大樂學館東側,1.228,5.0,500101037.0,500119055.0
YouBike2.0_臺大國青大樓宿舍前,YouBike2.0_臺大農化新館西側,1.645,5.1,500101037.0,500119056.0
YouBike2.0_臺大國青大樓宿舍前,YouBike2.0_臺大五號館西側,1.482,4.6,500101037.0,500119057.0
YouBike2.0_臺大國青大樓宿舍前,YouBike2.0_臺大舊體育館西側,0.988,4.2,500101037.0,500119058.0
YouBike2.0_臺大國青大樓宿舍前,YouBike2.0_臺大共同教室東南側,1.304,4.2,500101037.0,500119060.0
YouBike2.0_臺大國青大樓宿舍前,YouBike2.0_臺大鹿鳴堂東側,1.403,4.4,500101037.0,500119061.0
YouBike2.0_臺大國青大樓宿舍前,YouBike2.0_臺大公館停車場西北側,1.451,5.0,500101037.0,500119062.0
YouBike2.0_臺大國青大樓宿舍前,YouBike2.0_臺大第二行政大樓南側,1.555,4.8,500101037.0,500119063.0
YouBike2.0_臺大國青大樓宿舍前,YouBike2.0_臺大明達館機車停車場,0.617,2.0,500101037.0,500119064.0
YouBike2.0_臺大國青大樓宿舍前,YouBike2.0_臺大二號館,1.632,5.0,500101037.0,500119065.0
YouBike2.0_臺大國青大樓宿舍前,YouBike2.0_臺大凝態館南側,0.856,3.8,500101037.0,500119066.0
YouBike2.0_臺大國青大樓宿舍前,YouBike2.0_臺大社科院西側,0.403,2.5,500101037.0,500119067.0
YouBike2.0_臺大國青大樓宿舍前,YouBike2.0_臺大社會系館南側,0.397,2.8,500101037.0,500119068.0
YouBike2.0_臺大國青大樓宿舍前,YouBike2.0_臺大思亮館東南側,0.582,3.0,500101037.0,500119069.0
YouBike2.0_臺大國青大樓宿舍前,YouBike2.0_臺大椰林小舖,1.528,4.8,500101037.0,500119070.0
YouBike2.0_臺大國青大樓宿舍前,YouBike2.0_臺大計資中心南側,0.539,2.9,500101037.0,500119071.0
YouBike2.0_臺大國青大樓宿舍前,YouBike2.0_臺大原分所北側,0.814,3.7,500101037.0,500119072.0
YouBike2.0_臺大國青大樓宿舍前,YouBike2.0_臺大生命科學館西北側,1.294,4.1,500101037.0,500119074.0
YouBike2.0_臺大國青大樓宿舍前,YouBike2.0_臺大第一活動中心西南側,1.161,3.7,500101037.0,500119075.0
YouBike2.0_臺大國青大樓宿舍前,YouBike2.0_臺大博理館西側,0.452,2.6,500101037.0,500119076.0
YouBike2.0_臺大國青大樓宿舍前,YouBike2.0_臺大博雅館西側,1.113,4.6,500101037.0,500119077.0
YouBike2.0_臺大國青大樓宿舍前,YouBike2.0_臺大森林館北側,1.389,4.3,500101037.0,500119078.0
YouBike2.0_臺大國青大樓宿舍前,YouBike2.0_臺大一號館,1.752,5.3,500101037.0,500119079.0
YouBike2.0_臺大國青大樓宿舍前,YouBike2.0_臺大小小福西南側,1.414,4.5,500101037.0,500119080.0
YouBike2.0_臺大國青大樓宿舍前,YouBike2.0_臺大教研館北側,1.281,4.1,500101037.0,500119081.0
YouBike2.0_臺大國青大樓宿舍前,YouBike2.0_臺大四號館東北側,1.422,4.5,500101037.0,500119082.0
YouBike2.0_臺大國青大樓宿舍前,YouBike2.0_臺大新生教室南側,0.899,4.0,500101037.0,500119083.0
YouBike2.0_臺大國青大樓宿舍前,YouBike2.0_臺大鄭江樓北側,0.762,2.5,500101037.0,500119084.0
YouBike2.0_臺大國青大樓宿舍前,YouBike2.0_臺大電機二館東南側,0.825,2.7,500101037.0,500119085.0
YouBike2.0_臺大國青大樓宿舍前,YouBike2.0_臺大圖資系館北側,1.286,4.0,500101037.0,500119086.0
YouBike2.0_臺大國青大樓宿舍前,YouBike2.0_臺大總圖書館西南側,1.086,3.5,500101037.0,500119087.0
YouBike2.0_臺大國青大樓宿舍前,YouBike2.0_臺大黑森林西側,0.218,3.0,500101037.0,500119088.0
YouBike2.0_臺大國青大樓宿舍前,YouBike2.0_臺大獸醫館南側,0.81,2.6,500101037.0,500119089.0
YouBike2.0_臺大國青大樓宿舍前,YouBike2.0_臺大新體育館東南側,0.966,4.1,500101037.0,500119090.0
YouBike2.0_臺大國青大樓宿舍前,YouBike2.0_臺大明達館北側(員工宿舍),0.796,2.6,500101037.0,500119091.0
YouBike2.0_臺大社科院圖書館前,YouBike2.0_辛亥復興路口西北側,0.401,1.6,500101038.0,500101005.0
YouBike2.0_臺大社科院圖書館前,YouBike2.0_新生南路三段52號前,1.017,3.8,500101038.0,500101008.0
YouBike2.0_臺大社科院圖書館前,YouBike2.0_新生南路三段66號前,1.17,4.2,500101038.0,500101009.0
YouBike2.0_臺大社科院圖書館前,YouBike2.0_新生南路三段82號前,1.264,4.5,500101038.0,500101010.0
YouBike2.0_臺大社科院圖書館前,YouBike2.0_銘傳國小側門,1.562,7.8,500101038.0,500101021.0
YouBike2.0_臺大社科院圖書館前,YouBike2.0_捷運公館站(2號出口),1.534,5.6,500101038.0,500101022.0
YouBike2.0_臺大社科院圖書館前,YouBike2.0_第二學生活動中心,1.832,6.7,500101038.0,500101023.0
YouBike2.0_臺大社科院圖書館前,YouBike2.0_臺灣科技大學正門,1.183,5.3,500101038.0,500101024.0
YouBike2.0_臺大社科院圖書館前,YouBike2.0_臺灣科技大學側門,1.444,6.1,500101038.0,500101025.0
YouBike2.0_臺大社科院圖書館前,YouBike2.0_臺大男七舍前,1.081,4.8,500101038.0,500101031.0
YouBike2.0_臺大社科院圖書館前,YouBike2.0_臺大男一舍前,0.883,4.1,500101038.0,500101032.0
YouBike2.0_臺大社科院圖書館前,YouBike2.0_臺大男六舍前,0.852,4.0,500101038.0,500101033.0
YouBike2.0_臺大社科院圖書館前,YouBike2.0_臺大動物醫院前,0.977,4.2,500101038.0,500101034.0
YouBike2.0_臺大社科院圖書館前,YouBike2.0_臺大萬才館前,0.246,1.3,500101038.0,500101036.0
YouBike2.0_臺大社科院圖書館前,YouBike2.0_臺大國青大樓宿舍前,0.155,1.1,500101038.0,500101037.0
YouBike2.0_臺大社科院圖書館前,YouBike2.0_臺大法人語言訓練中心前,0.205,0.6,500101038.0,500101039.0
YouBike2.0_臺大社科院圖書館前,YouBike2.0_臺大綜合體育館停車場前,0.698,2.1,500101038.0,500101040.0
YouBike2.0_臺大社科院圖書館前,YouBike2.0_辛亥新生路口東南側,0.865,3.2,500101038.0,500101041.0
YouBike2.0_臺大社科院圖書館前,YouBike2.0_基隆長興路口東側,0.729,3.0,500101038.0,500101042.0
YouBike2.0_臺大社科院圖書館前,YouBike2.0_捷運公館站(3號出口),1.751,6.4,500101038.0,500101181.0
YouBike2.0_臺大社科院圖書館前,YouBike2.0_新生南路三段94巷口,1.433,5.0,500101038.0,500101184.0
YouBike2.0_臺大社科院圖書館前,YouBike2.0_基隆長興路口,0.773,3.5,500101038.0,500101193.0
YouBike2.0_臺大社科院圖書館前,YouBike2.0_臺大資訊大樓,0.132,0.4,500101038.0,500101209.0
YouBike2.0_臺大社科院圖書館前,YouBike2.0_捷運公館站(1號出口),1.861,6.3,500101038.0,500106003.0
YouBike2.0_臺大社科院圖書館前,YouBike2.0_捷運公館站(4號出口),1.78,6.1,500101038.0,500106004.0
YouBike2.0_臺大社科院圖書館前,YouBike2.0_臺大男八舍東側,0.728,3.7,500101038.0,500119043.0
YouBike2.0_臺大社科院圖書館前,YouBike2.0_臺大禮賢樓東南側,1.379,4.8,500101038.0,500119044.0
YouBike2.0_臺大社科院圖書館前,YouBike2.0_臺大農業陳列館北側,1.226,4.3,500101038.0,500119045.0
YouBike2.0_臺大社科院圖書館前,YouBike2.0_臺大管理學院二館北側,1.505,6.6,500101038.0,500119046.0
YouBike2.0_臺大社科院圖書館前,YouBike2.0_臺大土木系館,0.844,3.5,500101038.0,500119047.0
YouBike2.0_臺大社科院圖書館前,YouBike2.0_臺大大一女舍北側,1.478,5.0,500101038.0,500119048.0
YouBike2.0_臺大社科院圖書館前,YouBike2.0_臺大女九舍西南側,0.525,2.2,500101038.0,500119049.0
YouBike2.0_臺大社科院圖書館前,YouBike2.0_臺大小福樓東側,0.852,3.3,500101038.0,500119050.0
YouBike2.0_臺大社科院圖書館前,YouBike2.0_臺大立體機車停車場,0.997,3.8,500101038.0,500119051.0
YouBike2.0_臺大社科院圖書館前,YouBike2.0_臺大工綜館南側,0.632,2.5,500101038.0,500119052.0
YouBike2.0_臺大社科院圖書館前,YouBike2.0_臺大天文數學館南側,0.523,2.3,500101038.0,500119053.0
YouBike2.0_臺大社科院圖書館前,YouBike2.0_臺大心理系館南側,0.445,2.0,500101038.0,500119054.0
YouBike2.0_臺大社科院圖書館前,YouBike2.0_臺大樂學館東側,1.073,3.9,500101038.0,500119055.0
YouBike2.0_臺大社科院圖書館前,YouBike2.0_臺大農化新館西側,1.378,4.8,500101038.0,500119056.0
YouBike2.0_臺大社科院圖書館前,YouBike2.0_臺大五號館西側,1.099,4.0,500101038.0,500119057.0
YouBike2.0_臺大社科院圖書館前,YouBike2.0_臺大舊體育館西側,0.833,3.2,500101038.0,500119058.0
YouBike2.0_臺大社科院圖書館前,YouBike2.0_臺大共同教室東南側,1.1,4.0,500101038.0,500119060.0
YouBike2.0_臺大社科院圖書館前,YouBike2.0_臺大鹿鳴堂東側,1.198,4.2,500101038.0,500119061.0
YouBike2.0_臺大社科院圖書館前,YouBike2.0_臺大公館停車場西北側,1.551,5.7,500101038.0,500119062.0
YouBike2.0_臺大社科院圖書館前,YouBike2.0_臺大第二行政大樓南側,1.251,4.5,500101038.0,500119063.0
YouBike2.0_臺大社科院圖書館前,YouBike2.0_臺大明達館機車停車場,0.772,3.1,500101038.0,500119064.0
YouBike2.0_臺大社科院圖書館前,YouBike2.0_臺大二號館,1.205,4.3,500101038.0,500119065.0
YouBike2.0_臺大社科院圖書館前,YouBike2.0_臺大凝態館南側,0.701,2.7,500101038.0,500119066.0
YouBike2.0_臺大社科院圖書館前,YouBike2.0_臺大社科院西側,0.249,1.5,500101038.0,500119067.0
YouBike2.0_臺大社科院圖書館前,YouBike2.0_臺大社會系館南側,0.242,1.8,500101038.0,500119068.0
YouBike2.0_臺大社科院圖書館前,YouBike2.0_臺大思亮館東南側,0.427,2.0,500101038.0,500119069.0
YouBike2.0_臺大社科院圖書館前,YouBike2.0_臺大椰林小舖,1.319,4.6,500101038.0,500119070.0
YouBike2.0_臺大社科院圖書館前,YouBike2.0_臺大計資中心南側,0.384,1.8,500101038.0,500119071.0
YouBike2.0_臺大社科院圖書館前,YouBike2.0_臺大原分所北側,0.659,2.7,500101038.0,500119072.0
YouBike2.0_臺大社科院圖書館前,YouBike2.0_臺大生命科學館西北側,1.118,4.0,500101038.0,500119074.0
YouBike2.0_臺大社科院圖書館前,YouBike2.0_臺大第一活動中心西南側,0.861,3.2,500101038.0,500119075.0
YouBike2.0_臺大社科院圖書館前,YouBike2.0_臺大博理館西側,0.297,1.5,500101038.0,500119076.0
YouBike2.0_臺大社科院圖書館前,YouBike2.0_臺大博雅館西側,0.958,3.5,500101038.0,500119077.0
YouBike2.0_臺大社科院圖書館前,YouBike2.0_臺大森林館北側,0.932,3.5,500101038.0,500119078.0
YouBike2.0_臺大社科院圖書館前,YouBike2.0_臺大一號館,1.322,4.7,500101038.0,500119079.0
YouBike2.0_臺大社科院圖書館前,YouBike2.0_臺大小小福西南側,1.22,4.3,500101038.0,500119080.0
YouBike2.0_臺大社科院圖書館前,YouBike2.0_臺大教研館北側,1.407,4.8,500101038.0,500119081.0
YouBike2.0_臺大社科院圖書館前,YouBike2.0_臺大四號館東北側,1.03,3.8,500101038.0,500119082.0
YouBike2.0_臺大社科院圖書館前,YouBike2.0_臺大新生教室南側,0.745,2.9,500101038.0,500119083.0
YouBike2.0_臺大社科院圖書館前,YouBike2.0_臺大鄭江樓北側,0.494,2.1,500101038.0,500119084.0
YouBike2.0_臺大社科院圖書館前,YouBike2.0_臺大電機二館東南側,0.426,1.9,500101038.0,500119085.0
YouBike2.0_臺大社科院圖書館前,YouBike2.0_臺大圖資系館北側,0.722,2.8,500101038.0,500119086.0
YouBike2.0_臺大社科院圖書館前,YouBike2.0_臺大總圖書館西南側,0.951,3.5,500101038.0,500119087.0
YouBike2.0_臺大社科院圖書館前,YouBike2.0_臺大黑森林西側,0.195,2.3,500101038.0,500119088.0
YouBike2.0_臺大社科院圖書館前,YouBike2.0_臺大獸醫館南側,0.525,2.2,500101038.0,500119089.0
YouBike2.0_臺大社科院圖書館前,YouBike2.0_臺大新體育館東南側,0.811,3.1,500101038.0,500119090.0
YouBike2.0_臺大社科院圖書館前,YouBike2.0_臺大明達館北側(員工宿舍),0.71,2.8,500101038.0,500119091.0
YouBike2.0_臺大法人語言訓練中心前,YouBike2.0_辛亥復興路口西北側,0.267,1.2,500101039.0,500101005.0
YouBike2.0_臺大法人語言訓練中心前,YouBike2.0_新生南路三段52號前,0.812,3.1,500101039.0,500101008.0
YouBike2.0_臺大法人語言訓練中心前,YouBike2.0_新生南路三段66號前,0.965,3.6,500101039.0,500101009.0
YouBike2.0_臺大法人語言訓練中心前,YouBike2.0_新生南路三段82號前,1.059,3.9,500101039.0,500101010.0
YouBike2.0_臺大法人語言訓練中心前,YouBike2.0_銘傳國小側門,1.382,6.6,500101039.0,500101021.0
YouBike2.0_臺大法人語言訓練中心前,YouBike2.0_捷運公館站(2號出口),1.354,4.4,500101039.0,500101022.0
YouBike2.0_臺大法人語言訓練中心前,YouBike2.0_第二學生活動中心,1.539,5.8,500101039.0,500101023.0
YouBike2.0_臺大法人語言訓練中心前,YouBike2.0_臺灣科技大學正門,1.113,4.3,500101039.0,500101024.0
YouBike2.0_臺大法人語言訓練中心前,YouBike2.0_臺灣科技大學側門,1.374,5.0,500101039.0,500101025.0
YouBike2.0_臺大法人語言訓練中心前,YouBike2.0_臺大男七舍前,1.043,4.0,500101039.0,500101031.0
YouBike2.0_臺大法人語言訓練中心前,YouBike2.0_臺大男一舍前,0.845,3.4,500101039.0,500101032.0
YouBike2.0_臺大法人語言訓練中心前,YouBike2.0_臺大男六舍前,0.814,3.3,500101039.0,500101033.0
YouBike2.0_臺大法人語言訓練中心前,YouBike2.0_臺大動物醫院前,0.934,3.2,500101039.0,500101034.0
YouBike2.0_臺大法人語言訓練中心前,YouBike2.0_臺大萬才館前,0.451,1.9,500101039.0,500101036.0
YouBike2.0_臺大法人語言訓練中心前,YouBike2.0_臺大國青大樓宿舍前,0.36,1.6,500101039.0,500101037.0
YouBike2.0_臺大法人語言訓練中心前,YouBike2.0_臺大社科院圖書館前,0.205,0.6,500101039.0,500101038.0
YouBike2.0_臺大法人語言訓練中心前,YouBike2.0_臺大綜合體育館停車場前,0.493,1.4,500101039.0,500101040.0
YouBike2.0_臺大法人語言訓練中心前,YouBike2.0_辛亥新生路口東南側,0.752,2.2,500101039.0,500101041.0
YouBike2.0_臺大法人語言訓練中心前,YouBike2.0_基隆長興路口東側,0.934,3.6,500101039.0,500101042.0
YouBike2.0_臺大法人語言訓練中心前,YouBike2.0_捷運公館站(3號出口),1.582,6.0,500101039.0,500101181.0
YouBike2.0_臺大法人語言訓練中心前,YouBike2.0_新生南路三段94巷口,1.228,4.4,500101039.0,500101184.0
YouBike2.0_臺大法人語言訓練中心前,YouBike2.0_基隆長興路口,0.73,2.6,500101039.0,500101193.0
YouBike2.0_臺大法人語言訓練中心前,YouBike2.0_臺大資訊大樓,0.073,0.2,500101039.0,500101209.0
YouBike2.0_臺大法人語言訓練中心前,YouBike2.0_捷運公館站(1號出口),1.656,5.7,500101039.0,500106003.0
YouBike2.0_臺大法人語言訓練中心前,YouBike2.0_捷運公館站(4號出口),1.575,5.5,500101039.0,500106004.0
YouBike2.0_臺大法人語言訓練中心前,YouBike2.0_臺大男八舍東側,0.841,3.4,500101039.0,500119043.0
YouBike2.0_臺大法人語言訓練中心前,YouBike2.0_臺大禮賢樓東南側,1.199,3.6,500101039.0,500119044.0
YouBike2.0_臺大法人語言訓練中心前,YouBike2.0_臺大農業陳列館北側,1.022,3.1,500101039.0,500119045.0
YouBike2.0_臺大法人語言訓練中心前,YouBike2.0_臺大管理學院二館北側,1.325,5.5,500101039.0,500119046.0
YouBike2.0_臺大法人語言訓練中心前,YouBike2.0_臺大土木系館,0.664,2.3,500101039.0,500119047.0
YouBike2.0_臺大法人語言訓練中心前,YouBike2.0_臺大大一女舍北側,1.305,3.9,500101039.0,500119048.0
YouBike2.0_臺大法人語言訓練中心前,YouBike2.0_臺大女九舍西南側,0.333,1.0,500101039.0,500119049.0
YouBike2.0_臺大法人語言訓練中心前,YouBike2.0_臺大小福樓東側,0.648,2.0,500101039.0,500119050.0
YouBike2.0_臺大法人語言訓練中心前,YouBike2.0_臺大立體機車停車場,0.875,2.6,500101039.0,500119051.0
YouBike2.0_臺大法人語言訓練中心前,YouBike2.0_臺大工綜館南側,0.649,1.9,500101039.0,500119052.0
YouBike2.0_臺大法人語言訓練中心前,YouBike2.0_臺大天文數學館南側,0.319,1.0,500101039.0,500119053.0
YouBike2.0_臺大法人語言訓練中心前,YouBike2.0_臺大心理系館南側,0.314,0.9,500101039.0,500119054.0
YouBike2.0_臺大法人語言訓練中心前,YouBike2.0_臺大樂學館東側,0.869,2.6,500101039.0,500119055.0
YouBike2.0_臺大法人語言訓練中心前,YouBike2.0_臺大農化新館西側,1.174,3.5,500101039.0,500119056.0
YouBike2.0_臺大法人語言訓練中心前,YouBike2.0_臺大五號館西側,0.894,2.7,500101039.0,500119057.0
YouBike2.0_臺大法人語言訓練中心前,YouBike2.0_臺大舊體育館西側,0.629,1.9,500101039.0,500119058.0
YouBike2.0_臺大法人語言訓練中心前,YouBike2.0_臺大共同教室東南側,0.92,2.8,500101039.0,500119060.0
YouBike2.0_臺大法人語言訓練中心前,YouBike2.0_臺大鹿鳴堂東側,1.018,3.0,500101039.0,500119061.0
YouBike2.0_臺大法人語言訓練中心前,YouBike2.0_臺大公館停車場西北側,1.371,4.5,500101039.0,500119062.0
YouBike2.0_臺大法人語言訓練中心前,YouBike2.0_臺大第二行政大樓南側,1.047,3.2,500101039.0,500119063.0
YouBike2.0_臺大法人語言訓練中心前,YouBike2.0_臺大明達館機車停車場,0.656,1.9,500101039.0,500119064.0
YouBike2.0_臺大法人語言訓練中心前,YouBike2.0_臺大二號館,1.001,3.0,500101039.0,500119065.0
YouBike2.0_臺大法人語言訓練中心前,YouBike2.0_臺大凝態館南側,0.498,1.5,500101039.0,500119066.0
YouBike2.0_臺大法人語言訓練中心前,YouBike2.0_臺大社科院西側,0.118,0.4,500101039.0,500119067.0
YouBike2.0_臺大法人語言訓練中心前,YouBike2.0_臺大社會系館南側,0.259,1.1,500101039.0,500119068.0
YouBike2.0_臺大法人語言訓練中心前,YouBike2.0_臺大思亮館東南側,0.222,0.7,500101039.0,500119069.0
YouBike2.0_臺大法人語言訓練中心前,YouBike2.0_臺大椰林小舖,1.149,3.5,500101039.0,500119070.0
YouBike2.0_臺大法人語言訓練中心前,YouBike2.0_臺大計資中心南側,0.168,0.5,500101039.0,500119071.0
YouBike2.0_臺大法人語言訓練中心前,YouBike2.0_臺大原分所北側,0.455,1.4,500101039.0,500119072.0
YouBike2.0_臺大法人語言訓練中心前,YouBike2.0_臺大生命科學館西北側,0.938,2.8,500101039.0,500119074.0
YouBike2.0_臺大法人語言訓練中心前,YouBike2.0_臺大第一活動中心西南側,0.681,2.1,500101039.0,500119075.0
YouBike2.0_臺大法人語言訓練中心前,YouBike2.0_臺大博理館西側,0.314,0.9,500101039.0,500119076.0
YouBike2.0_臺大法人語言訓練中心前,YouBike2.0_臺大博雅館西側,0.754,2.2,500101039.0,500119077.0
YouBike2.0_臺大法人語言訓練中心前,YouBike2.0_臺大森林館北側,0.752,2.3,500101039.0,500119078.0
YouBike2.0_臺大法人語言訓練中心前,YouBike2.0_臺大一號館,1.117,3.4,500101039.0,500119079.0
YouBike2.0_臺大法人語言訓練中心前,YouBike2.0_臺大小小福西南側,1.04,3.1,500101039.0,500119080.0
YouBike2.0_臺大法人語言訓練中心前,YouBike2.0_臺大教研館北側,1.227,3.7,500101039.0,500119081.0
YouBike2.0_臺大法人語言訓練中心前,YouBike2.0_臺大四號館東北側,0.826,2.5,500101039.0,500119082.0
YouBike2.0_臺大法人語言訓練中心前,YouBike2.0_臺大新生教室南側,0.54,1.6,500101039.0,500119083.0
YouBike2.0_臺大法人語言訓練中心前,YouBike2.0_臺大鄭江樓北側,0.511,1.5,500101039.0,500119084.0
YouBike2.0_臺大法人語言訓練中心前,YouBike2.0_臺大電機二館東南側,0.443,1.3,500101039.0,500119085.0
YouBike2.0_臺大法人語言訓練中心前,YouBike2.0_臺大圖資系館北側,0.542,1.6,500101039.0,500119086.0
YouBike2.0_臺大法人語言訓練中心前,YouBike2.0_臺大總圖書館西南側,0.821,2.4,500101039.0,500119087.0
YouBike2.0_臺大法人語言訓練中心前,YouBike2.0_臺大黑森林西側,0.456,2.4,500101039.0,500119088.0
YouBike2.0_臺大法人語言訓練中心前,YouBike2.0_臺大獸醫館南側,0.542,1.6,500101039.0,500119089.0
YouBike2.0_臺大法人語言訓練中心前,YouBike2.0_臺大新體育館東南側,0.513,1.6,500101039.0,500119090.0
YouBike2.0_臺大法人語言訓練中心前,YouBike2.0_臺大明達館北側(員工宿舍),0.727,2.1,500101039.0,500119091.0
YouBike2.0_臺大綜合體育館停車場前,YouBike2.0_辛亥復興路口西北側,0.737,2.3,500101040.0,500101005.0
YouBike2.0_臺大綜合體育館停車場前,YouBike2.0_新生南路三段52號前,0.32,1.7,500101040.0,500101008.0
YouBike2.0_臺大綜合體育館停車場前,YouBike2.0_新生南路三段66號前,0.472,2.1,500101040.0,500101009.0
YouBike2.0_臺大綜合體育館停車場前,YouBike2.0_新生南路三段82號前,0.566,2.4,500101040.0,500101010.0
YouBike2.0_臺大綜合體育館停車場前,YouBike2.0_銘傳國小側門,1.344,6.5,500101040.0,500101021.0
YouBike2.0_臺大綜合體育館停車場前,YouBike2.0_捷運公館站(2號出口),1.145,4.6,500101040.0,500101022.0
YouBike2.0_臺大綜合體育館停車場前,YouBike2.0_第二學生活動中心,1.501,5.7,500101040.0,500101023.0
YouBike2.0_臺大綜合體育館停車場前,YouBike2.0_臺灣科技大學正門,1.499,5.5,500101040.0,500101024.0
YouBike2.0_臺大綜合體育館停車場前,YouBike2.0_臺灣科技大學側門,1.759,6.2,500101040.0,500101025.0
YouBike2.0_臺大綜合體育館停車場前,YouBike2.0_臺大男七舍前,1.552,5.5,500101040.0,500101031.0
YouBike2.0_臺大綜合體育館停車場前,YouBike2.0_臺大男一舍前,1.354,5.0,500101040.0,500101032.0
YouBike2.0_臺大綜合體育館停車場前,YouBike2.0_臺大男六舍前,1.323,4.8,500101040.0,500101033.0
YouBike2.0_臺大綜合體育館停車場前,YouBike2.0_臺大動物醫院前,1.443,4.7,500101040.0,500101034.0
YouBike2.0_臺大綜合體育館停車場前,YouBike2.0_臺大萬才館前,0.944,3.4,500101040.0,500101036.0
YouBike2.0_臺大綜合體育館停車場前,YouBike2.0_臺大國青大樓宿舍前,0.853,3.1,500101040.0,500101037.0
YouBike2.0_臺大綜合體育館停車場前,YouBike2.0_臺大社科院圖書館前,0.698,2.0,500101040.0,500101038.0
YouBike2.0_臺大綜合體育館停車場前,YouBike2.0_臺大法人語言訓練中心前,0.493,1.4,500101040.0,500101039.0
YouBike2.0_臺大綜合體育館停車場前,YouBike2.0_辛亥新生路口東南側,0.167,1.1,500101040.0,500101041.0
YouBike2.0_臺大綜合體育館停車場前,YouBike2.0_基隆長興路口東側,1.426,5.0,500101040.0,500101042.0
YouBike2.0_臺大綜合體育館停車場前,YouBike2.0_捷運公館站(3號出口),1.054,4.3,500101040.0,500101181.0
YouBike2.0_臺大綜合體育館停車場前,YouBike2.0_新生南路三段94巷口,0.735,2.9,500101040.0,500101184.0
YouBike2.0_臺大綜合體育館停車場前,YouBike2.0_基隆長興路口,1.239,4.1,500101040.0,500101193.0
YouBike2.0_臺大綜合體育館停車場前,YouBike2.0_臺大資訊大樓,0.566,1.7,500101040.0,500101209.0
YouBike2.0_臺大綜合體育館停車場前,YouBike2.0_捷運公館站(1號出口),1.163,4.2,500101040.0,500106003.0
YouBike2.0_臺大綜合體育館停車場前,YouBike2.0_捷運公館站(4號出口),1.082,4.0,500101040.0,500106004.0
YouBike2.0_臺大綜合體育館停車場前,YouBike2.0_臺大男八舍東側,1.35,5.0,500101040.0,500119043.0
YouBike2.0_臺大綜合體育館停車場前,YouBike2.0_臺大禮賢樓東南側,1.271,3.9,500101040.0,500119044.0
YouBike2.0_臺大綜合體育館停車場前,YouBike2.0_臺大農業陳列館北側,0.995,3.0,500101040.0,500119045.0
YouBike2.0_臺大綜合體育館停車場前,YouBike2.0_臺大管理學院二館北側,1.398,5.7,500101040.0,500119046.0
YouBike2.0_臺大綜合體育館停車場前,YouBike2.0_臺大土木系館,0.844,2.9,500101040.0,500119047.0
YouBike2.0_臺大綜合體育館停車場前,YouBike2.0_臺大大一女舍北側,1.278,3.8,500101040.0,500119048.0
YouBike2.0_臺大綜合體育館停車場前,YouBike2.0_臺大女九舍西南側,0.514,1.6,500101040.0,500119049.0
YouBike2.0_臺大綜合體育館停車場前,YouBike2.0_臺大小福樓東側,0.621,1.9,500101040.0,500119050.0
YouBike2.0_臺大綜合體育館停車場前,YouBike2.0_臺大立體機車停車場,1.261,3.8,500101040.0,500119051.0
YouBike2.0_臺大綜合體育館停車場前,YouBike2.0_臺大工綜館南側,0.825,2.5,500101040.0,500119052.0
YouBike2.0_臺大綜合體育館停車場前,YouBike2.0_臺大天文數學館南側,0.288,0.9,500101040.0,500119053.0
YouBike2.0_臺大綜合體育館停車場前,YouBike2.0_臺大心理系館南側,0.713,2.2,500101040.0,500119054.0
YouBike2.0_臺大綜合體育館停車場前,YouBike2.0_臺大樂學館東側,0.812,2.4,500101040.0,500119055.0
YouBike2.0_臺大綜合體育館停車場前,YouBike2.0_臺大農化新館西側,1.147,3.4,500101040.0,500119056.0
YouBike2.0_臺大綜合體育館停車場前,YouBike2.0_臺大五號館西側,0.868,2.6,500101040.0,500119057.0
YouBike2.0_臺大綜合體育館停車場前,YouBike2.0_臺大舊體育館西側,0.58,1.7,500101040.0,500119058.0
YouBike2.0_臺大綜合體育館停車場前,YouBike2.0_臺大共同教室東南側,0.993,3.0,500101040.0,500119060.0
YouBike2.0_臺大綜合體育館停車場前,YouBike2.0_臺大鹿鳴堂東側,1.091,3.3,500101040.0,500119061.0
YouBike2.0_臺大綜合體育館停車場前,YouBike2.0_臺大公館停車場西北側,1.444,4.8,500101040.0,500119062.0
YouBike2.0_臺大綜合體育館停車場前,YouBike2.0_臺大第二行政大樓南側,1.02,3.1,500101040.0,500119063.0
YouBike2.0_臺大綜合體育館停車場前,YouBike2.0_臺大明達館機車停車場,1.165,3.5,500101040.0,500119064.0
YouBike2.0_臺大綜合體育館停車場前,YouBike2.0_臺大二號館,0.974,2.9,500101040.0,500119065.0
YouBike2.0_臺大綜合體育館停車場前,YouBike2.0_臺大凝態館南側,0.368,1.1,500101040.0,500119066.0
YouBike2.0_臺大綜合體育館停車場前,YouBike2.0_臺大社科院西側,0.621,1.9,500101040.0,500119067.0
YouBike2.0_臺大綜合體育館停車場前,YouBike2.0_臺大社會系館南側,0.768,2.6,500101040.0,500119068.0
YouBike2.0_臺大綜合體育館停車場前,YouBike2.0_臺大思亮館東南側,0.398,1.2,500101040.0,500119069.0
YouBike2.0_臺大綜合體育館停車場前,YouBike2.0_臺大椰林小舖,1.122,3.4,500101040.0,500119070.0
YouBike2.0_臺大綜合體育館停車場前,YouBike2.0_臺大計資中心南側,0.479,1.4,500101040.0,500119071.0
YouBike2.0_臺大綜合體育館停車場前,YouBike2.0_臺大原分所北側,0.676,2.1,500101040.0,500119072.0
YouBike2.0_臺大綜合體育館停車場前,YouBike2.0_臺大生命科學館西北側,1.011,3.1,500101040.0,500119074.0
YouBike2.0_臺大綜合體育館停車場前,YouBike2.0_臺大第一活動中心西南側,0.861,2.6,500101040.0,500119075.0
YouBike2.0_臺大綜合體育館停車場前,YouBike2.0_臺大博理館西側,0.823,2.4,500101040.0,500119076.0
YouBike2.0_臺大綜合體育館停車場前,YouBike2.0_臺大博雅館西側,0.704,2.1,500101040.0,500119077.0
YouBike2.0_臺大綜合體育館停車場前,YouBike2.0_臺大森林館北側,0.933,2.8,500101040.0,500119078.0
YouBike2.0_臺大綜合體育館停車場前,YouBike2.0_臺大一號館,1.094,3.3,500101040.0,500119079.0
YouBike2.0_臺大綜合體育館停車場前,YouBike2.0_臺大小小福西南側,1.113,3.4,500101040.0,500119080.0
YouBike2.0_臺大綜合體育館停車場前,YouBike2.0_臺大教研館北側,1.3,3.9,500101040.0,500119081.0
YouBike2.0_臺大綜合體育館停車場前,YouBike2.0_臺大四號館東北側,0.799,2.5,500101040.0,500119082.0
YouBike2.0_臺大綜合體育館停車場前,YouBike2.0_臺大新生教室南側,0.519,1.6,500101040.0,500119083.0
YouBike2.0_臺大綜合體育館停車場前,YouBike2.0_臺大鄭江樓北側,1.02,3.0,500101040.0,500119084.0
YouBike2.0_臺大綜合體育館停車場前,YouBike2.0_臺大電機二館東南側,0.952,2.8,500101040.0,500119085.0
YouBike2.0_臺大綜合體育館停車場前,YouBike2.0_臺大圖資系館北側,0.723,2.2,500101040.0,500119086.0
YouBike2.0_臺大綜合體育館停車場前,YouBike2.0_臺大總圖書館西南側,0.952,2.9,500101040.0,500119087.0
YouBike2.0_臺大綜合體育館停車場前,YouBike2.0_臺大黑森林西側,0.867,3.6,500101040.0,500119088.0
YouBike2.0_臺大綜合體育館停車場前,YouBike2.0_臺大獸醫館南側,1.051,3.1,500101040.0,500119089.0
YouBike2.0_臺大綜合體育館停車場前,YouBike2.0_臺大新體育館東南側,0.478,1.4,500101040.0,500119090.0
YouBike2.0_臺大綜合體育館停車場前,YouBike2.0_臺大明達館北側(員工宿舍),1.236,3.7,500101040.0,500119091.0
YouBike2.0_辛亥新生路口東南側,YouBike2.0_辛亥復興路口西北側,0.933,3.3,500101041.0,500101005.0
YouBike2.0_辛亥新生路口東南側,YouBike2.0_新生南路三段52號前,0.313,2.2,500101041.0,500101008.0
YouBike2.0_辛亥新生路口東南側,YouBike2.0_新生南路三段66號前,0.466,2.6,500101041.0,500101009.0
YouBike2.0_辛亥新生路口東南側,YouBike2.0_新生南路三段82號前,0.56,2.9,500101041.0,500101010.0
YouBike2.0_辛亥新生路口東南側,YouBike2.0_銘傳國小側門,1.303,6.4,500101041.0,500101021.0
YouBike2.0_辛亥新生路口東南側,YouBike2.0_捷運公館站(2號出口),1.276,4.2,500101041.0,500101022.0
YouBike2.0_辛亥新生路口東南側,YouBike2.0_第二學生活動中心,1.461,5.6,500101041.0,500101023.0
YouBike2.0_辛亥新生路口東南側,YouBike2.0_臺灣科技大學正門,1.686,6.1,500101041.0,500101024.0
YouBike2.0_辛亥新生路口東南側,YouBike2.0_臺灣科技大學側門,1.55,6.5,500101041.0,500101025.0
YouBike2.0_辛亥新生路口東南側,YouBike2.0_臺大男七舍前,1.795,6.3,500101041.0,500101031.0
YouBike2.0_辛亥新生路口東南側,YouBike2.0_臺大男一舍前,1.597,5.7,500101041.0,500101032.0
YouBike2.0_辛亥新生路口東南側,YouBike2.0_臺大男六舍前,1.567,5.6,500101041.0,500101033.0
YouBike2.0_辛亥新生路口東南側,YouBike2.0_臺大動物醫院前,1.687,5.5,500101041.0,500101034.0
YouBike2.0_辛亥新生路口東南側,YouBike2.0_臺大萬才館前,1.14,4.4,500101041.0,500101036.0
YouBike2.0_辛亥新生路口東南側,YouBike2.0_臺大國青大樓宿舍前,1.048,4.1,500101041.0,500101037.0
YouBike2.0_辛亥新生路口東南側,YouBike2.0_臺大社科院圖書館前,0.893,3.1,500101041.0,500101038.0
YouBike2.0_辛亥新生路口東南側,YouBike2.0_臺大法人語言訓練中心前,0.752,2.3,500101041.0,500101039.0
YouBike2.0_辛亥新生路口東南側,YouBike2.0_臺大綜合體育館停車場前,0.196,1.0,500101041.0,500101040.0
YouBike2.0_辛亥新生路口東南側,YouBike2.0_基隆長興路口東側,1.622,6.1,500101041.0,500101042.0
YouBike2.0_辛亥新生路口東南側,YouBike2.0_捷運公館站(3號出口),1.411,5.4,500101041.0,500101181.0
YouBike2.0_辛亥新生路口東南側,YouBike2.0_新生南路三段94巷口,0.729,3.4,500101041.0,500101184.0
YouBike2.0_辛亥新生路口東南側,YouBike2.0_基隆長興路口,1.483,4.9,500101041.0,500101193.0
YouBike2.0_辛亥新生路口東南側,YouBike2.0_臺大資訊大樓,0.761,2.7,500101041.0,500101209.0
YouBike2.0_辛亥新生路口東南側,YouBike2.0_捷運公館站(1號出口),1.157,4.7,500101041.0,500106003.0
YouBike2.0_辛亥新生路口東南側,YouBike2.0_捷運公館站(4號出口),1.076,4.5,500101041.0,500106004.0
YouBike2.0_辛亥新生路口東南側,YouBike2.0_臺大男八舍東側,1.593,5.7,500101041.0,500119043.0
YouBike2.0_辛亥新生路口東南側,YouBike2.0_臺大禮賢樓東南側,1.333,4.0,500101041.0,500119044.0
YouBike2.0_辛亥新生路口東南側,YouBike2.0_臺大農業陳列館北側,0.722,2.2,500101041.0,500119045.0
YouBike2.0_辛亥新生路口東南側,YouBike2.0_臺大管理學院二館北側,1.459,5.8,500101041.0,500119046.0
YouBike2.0_辛亥新生路口東南側,YouBike2.0_臺大土木系館,1.031,3.5,500101041.0,500119047.0
YouBike2.0_辛亥新生路口東南側,YouBike2.0_臺大大一女舍北側,1.134,3.4,500101041.0,500119048.0
YouBike2.0_辛亥新生路口東南側,YouBike2.0_臺大女九舍西南側,0.701,2.1,500101041.0,500119049.0
YouBike2.0_辛亥新生路口東南側,YouBike2.0_臺大小福樓東側,0.682,2.0,500101041.0,500119050.0
YouBike2.0_辛亥新生路口東南側,YouBike2.0_臺大立體機車停車場,1.448,4.3,500101041.0,500119051.0
YouBike2.0_辛亥新生路口東南側,YouBike2.0_臺大工綜館南側,1.012,3.1,500101041.0,500119052.0
YouBike2.0_辛亥新生路口東南側,YouBike2.0_臺大天文數學館南側,0.46,1.4,500101041.0,500119053.0
YouBike2.0_辛亥新生路口東南側,YouBike2.0_臺大心理系館南側,0.901,2.8,500101041.0,500119054.0
YouBike2.0_辛亥新生路口東南側,YouBike2.0_臺大樂學館東側,0.585,1.8,500101041.0,500119055.0
YouBike2.0_辛亥新生路口東南側,YouBike2.0_臺大農化新館西側,1.003,2.9,500101041.0,500119056.0
YouBike2.0_辛亥新生路口東南側,YouBike2.0_臺大五號館西側,0.929,2.8,500101041.0,500119057.0
YouBike2.0_辛亥新生路口東南側,YouBike2.0_臺大舊體育館西側,0.377,1.1,500101041.0,500119058.0
YouBike2.0_辛亥新生路口東南側,YouBike2.0_臺大共同教室東南側,1.054,3.1,500101041.0,500119060.0
YouBike2.0_辛亥新生路口東南側,YouBike2.0_臺大鹿鳴堂東側,1.152,3.4,500101041.0,500119061.0
YouBike2.0_辛亥新生路口東南側,YouBike2.0_臺大公館停車場西北側,1.505,4.9,500101041.0,500119062.0
YouBike2.0_辛亥新生路口東南側,YouBike2.0_臺大第二行政大樓南側,0.876,2.6,500101041.0,500119063.0
YouBike2.0_辛亥新生路口東南側,YouBike2.0_臺大明達館機車停車場,1.408,4.2,500101041.0,500119064.0
YouBike2.0_辛亥新生路口東南側,YouBike2.0_臺大二號館,0.83,2.5,500101041.0,500119065.0
YouBike2.0_辛亥新生路口東南側,YouBike2.0_臺大凝態館南側,0.254,0.8,500101041.0,500119066.0
YouBike2.0_辛亥新生路口東南側,YouBike2.0_臺大社科院西側,0.87,2.6,500101041.0,500119067.0
YouBike2.0_辛亥新生路口東南側,YouBike2.0_臺大社會系館南側,1.011,3.4,500101041.0,500119068.0
YouBike2.0_辛亥新生路口東南側,YouBike2.0_臺大思亮館東南側,0.615,1.9,500101041.0,500119069.0
YouBike2.0_辛亥新生路口東南側,YouBike2.0_臺大椰林小舖,0.978,2.9,500101041.0,500119070.0
YouBike2.0_辛亥新生路口東南側,YouBike2.0_臺大計資中心南側,0.722,2.2,500101041.0,500119071.0
YouBike2.0_辛亥新生路口東南側,YouBike2.0_臺大原分所北側,0.766,2.4,500101041.0,500119072.0
YouBike2.0_辛亥新生路口東南側,YouBike2.0_臺大生命科學館西北側,1.072,3.2,500101041.0,500119074.0
YouBike2.0_辛亥新生路口東南側,YouBike2.0_臺大第一活動中心西南側,1.048,3.2,500101041.0,500119075.0
YouBike2.0_辛亥新生路口東南側,YouBike2.0_臺大博理館西側,1.066,3.2,500101041.0,500119076.0
YouBike2.0_辛亥新生路口東南側,YouBike2.0_臺大博雅館西側,0.477,1.4,500101041.0,500119077.0
YouBike2.0_辛亥新生路口東南側,YouBike2.0_臺大森林館北側,0.968,2.9,500101041.0,500119078.0
YouBike2.0_辛亥新生路口東南側,YouBike2.0_臺大一號館,0.818,2.5,500101041.0,500119079.0
YouBike2.0_辛亥新生路口東南側,YouBike2.0_臺大小小福西南側,0.989,2.9,500101041.0,500119080.0
YouBike2.0_辛亥新生路口東南側,YouBike2.0_臺大教研館北側,1.362,4.1,500101041.0,500119081.0
YouBike2.0_辛亥新生路口東南側,YouBike2.0_臺大四號館東北側,0.861,2.6,500101041.0,500119082.0
YouBike2.0_辛亥新生路口東南側,YouBike2.0_臺大新生教室南側,0.653,2.0,500101041.0,500119083.0
YouBike2.0_辛亥新生路口東南側,YouBike2.0_臺大鄭江樓北側,1.264,3.8,500101041.0,500119084.0
YouBike2.0_辛亥新生路口東南側,YouBike2.0_臺大電機二館東南側,1.195,3.6,500101041.0,500119085.0
YouBike2.0_辛亥新生路口東南側,YouBike2.0_臺大圖資系館北側,0.91,2.8,500101041.0,500119086.0
YouBike2.0_辛亥新生路口東南側,YouBike2.0_臺大總圖書館西南側,1.139,3.5,500101041.0,500119087.0
YouBike2.0_辛亥新生路口東南側,YouBike2.0_臺大黑森林西側,1.208,4.7,500101041.0,500119088.0
YouBike2.0_辛亥新生路口東南側,YouBike2.0_臺大獸醫館南側,1.402,4.2,500101041.0,500119089.0
YouBike2.0_辛亥新生路口東南側,YouBike2.0_臺大新體育館東南側,0.243,0.7,500101041.0,500119090.0
YouBike2.0_辛亥新生路口東南側,YouBike2.0_臺大明達館北側(員工宿舍),1.651,5.0,500101041.0,500119091.0
YouBike2.0_基隆長興路口東側,YouBike2.0_辛亥復興路口西北側,0.764,3.6,500101042.0,500101005.0
YouBike2.0_基隆長興路口東側,YouBike2.0_新生南路三段52號前,1.746,7.1,500101042.0,500101008.0
YouBike2.0_基隆長興路口東側,YouBike2.0_新生南路三段66號前,1.899,7.6,500101042.0,500101009.0
YouBike2.0_基隆長興路口東側,YouBike2.0_新生南路三段82號前,1.993,7.8,500101042.0,500101010.0
YouBike2.0_基隆長興路口東側,YouBike2.0_銘傳國小側門,1.876,7.3,500101042.0,500101021.0
YouBike2.0_基隆長興路口東側,YouBike2.0_捷運公館站(2號出口),1.348,5.3,500101042.0,500101022.0
YouBike2.0_基隆長興路口東側,YouBike2.0_第二學生活動中心,1.681,6.2,500101042.0,500101023.0
YouBike2.0_基隆長興路口東側,YouBike2.0_臺灣科技大學正門,0.793,3.8,500101042.0,500101024.0
YouBike2.0_基隆長興路口東側,YouBike2.0_臺灣科技大學側門,0.876,4.7,500101042.0,500101025.0
YouBike2.0_基隆長興路口東側,YouBike2.0_臺大男七舍前,0.449,1.4,500101042.0,500101031.0
YouBike2.0_基隆長興路口東側,YouBike2.0_臺大男一舍前,0.251,0.8,500101042.0,500101032.0
YouBike2.0_基隆長興路口東側,YouBike2.0_臺大男六舍前,0.22,0.7,500101042.0,500101033.0
YouBike2.0_基隆長興路口東側,YouBike2.0_臺大動物醫院前,0.407,2.4,500101042.0,500101034.0
YouBike2.0_基隆長興路口東側,YouBike2.0_臺大萬才館前,0.509,2.8,500101042.0,500101036.0
YouBike2.0_基隆長興路口東側,YouBike2.0_臺大國青大樓宿舍前,0.574,2.3,500101042.0,500101037.0
YouBike2.0_基隆長興路口東側,YouBike2.0_臺大社科院圖書館前,0.729,3.3,500101042.0,500101038.0
YouBike2.0_基隆長興路口東側,YouBike2.0_臺大法人語言訓練中心前,0.934,4.0,500101042.0,500101039.0
YouBike2.0_基隆長興路口東側,YouBike2.0_臺大綜合體育館停車場前,1.426,5.4,500101042.0,500101040.0
YouBike2.0_基隆長興路口東側,YouBike2.0_辛亥新生路口東南側,1.594,6.5,500101042.0,500101041.0
YouBike2.0_基隆長興路口東側,YouBike2.0_捷運公館站(3號出口),1.44,5.6,500101042.0,500101181.0
YouBike2.0_基隆長興路口東側,YouBike2.0_新生南路三段94巷口,2.162,8.3,500101042.0,500101184.0
YouBike2.0_基隆長興路口東側,YouBike2.0_基隆長興路口,0.203,1.8,500101042.0,500101193.0
YouBike2.0_基隆長興路口東側,YouBike2.0_臺大資訊大樓,0.861,3.7,500101042.0,500101209.0
YouBike2.0_基隆長興路口東側,YouBike2.0_捷運公館站(1號出口),2.021,7.1,500101042.0,500106003.0
YouBike2.0_基隆長興路口東側,YouBike2.0_捷運公館站(4號出口),2.103,7.3,500101042.0,500106004.0
YouBike2.0_基隆長興路口東側,YouBike2.0_臺大男八舍東側,0.097,0.3,500101042.0,500119043.0
YouBike2.0_基隆長興路口東側,YouBike2.0_臺大禮賢樓東南側,1.188,4.5,500101042.0,500119044.0
YouBike2.0_基隆長興路口東側,YouBike2.0_臺大農業陳列館北側,1.324,4.8,500101042.0,500119045.0
YouBike2.0_基隆長興路口東側,YouBike2.0_臺大管理學院二館北側,1.314,6.3,500101042.0,500119046.0
YouBike2.0_基隆長興路口東側,YouBike2.0_臺大土木系館,0.939,4.0,500101042.0,500119047.0
YouBike2.0_基隆長興路口東側,YouBike2.0_臺大大一女舍北側,1.341,4.9,500101042.0,500119048.0
YouBike2.0_基隆長興路口東側,YouBike2.0_臺大女九舍西南側,0.951,3.7,500101042.0,500119049.0
YouBike2.0_基隆長興路口東側,YouBike2.0_臺大小福樓東側,1.15,4.3,500101042.0,500119050.0
YouBike2.0_基隆長興路口東側,YouBike2.0_臺大立體機車停車場,0.846,3.3,500101042.0,500119051.0
YouBike2.0_基隆長興路口東側,YouBike2.0_臺大工綜館南側,0.652,2.9,500101042.0,500119052.0
YouBike2.0_基隆長興路口東側,YouBike2.0_臺大天文數學館南側,1.205,4.5,500101042.0,500119053.0
YouBike2.0_基隆長興路口東側,YouBike2.0_臺大心理系館南側,1.028,4.0,500101042.0,500119054.0
YouBike2.0_基隆長興路口東側,YouBike2.0_臺大樂學館東側,1.248,4.5,500101042.0,500119055.0
YouBike2.0_基隆長興路口東側,YouBike2.0_臺大農化新館西側,1.284,4.7,500101042.0,500119056.0
YouBike2.0_基隆長興路口東側,YouBike2.0_臺大五號館西側,1.12,4.2,500101042.0,500119057.0
YouBike2.0_基隆長興路口東側,YouBike2.0_臺大舊體育館西側,1.46,5.2,500101042.0,500119058.0
YouBike2.0_基隆長興路口東側,YouBike2.0_臺大共同教室東南側,0.942,3.8,500101042.0,500119060.0
YouBike2.0_基隆長興路口東側,YouBike2.0_臺大鹿鳴堂東側,1.042,4.0,500101042.0,500119061.0
YouBike2.0_基隆長興路口東側,YouBike2.0_臺大公館停車場西北側,1.454,5.6,500101042.0,500119062.0
YouBike2.0_基隆長興路口東側,YouBike2.0_臺大第二行政大樓南側,1.194,4.5,500101042.0,500119063.0
YouBike2.0_基隆長興路口東側,YouBike2.0_臺大明達館機車停車場,0.256,1.7,500101042.0,500119064.0
YouBike2.0_基隆長興路口東側,YouBike2.0_臺大二號館,1.271,4.6,500101042.0,500119065.0
YouBike2.0_基隆長興路口東側,YouBike2.0_臺大凝態館南側,1.404,5.0,500101042.0,500119066.0
YouBike2.0_基隆長興路口東側,YouBike2.0_臺大社科院西側,0.804,3.3,500101042.0,500119067.0
YouBike2.0_基隆長興路口東側,YouBike2.0_臺大社會系館南側,0.672,3.3,500101042.0,500119068.0
YouBike2.0_基隆長興路口東側,YouBike2.0_臺大思亮館東南側,1.131,4.3,500101042.0,500119069.0
YouBike2.0_基隆長興路口東側,YouBike2.0_臺大椰林小舖,1.167,4.4,500101042.0,500119070.0
YouBike2.0_基隆長興路口東側,YouBike2.0_臺大計資中心南側,1.077,4.1,500101042.0,500119071.0
YouBike2.0_基隆長興路口東側,YouBike2.0_臺大原分所北側,0.895,3.6,500101042.0,500119072.0
YouBike2.0_基隆長興路口東側,YouBike2.0_臺大生命科學館西北側,0.932,3.7,500101042.0,500119074.0
YouBike2.0_基隆長興路口東側,YouBike2.0_臺大第一活動中心西南側,0.8,3.3,500101042.0,500119075.0
YouBike2.0_基隆長興路口東側,YouBike2.0_臺大博理館西側,0.597,2.7,500101042.0,500119076.0
YouBike2.0_基隆長興路口東側,YouBike2.0_臺大博雅館西側,1.378,5.0,500101042.0,500119077.0
YouBike2.0_基隆長興路口東側,YouBike2.0_臺大森林館北側,1.027,4.0,500101042.0,500119078.0
YouBike2.0_基隆長興路口東側,YouBike2.0_臺大一號館,1.391,5.0,500101042.0,500119079.0
YouBike2.0_基隆長興路口東側,YouBike2.0_臺大小小福西南側,1.053,4.0,500101042.0,500119080.0
YouBike2.0_基隆長興路口東側,YouBike2.0_臺大教研館北側,1.285,4.7,500101042.0,500119081.0
YouBike2.0_基隆長興路口東側,YouBike2.0_臺大四號館東北側,1.06,4.1,500101042.0,500119082.0
YouBike2.0_基隆長興路口東側,YouBike2.0_臺大新生教室南側,0.986,3.8,500101042.0,500119083.0
YouBike2.0_基隆長興路口東側,YouBike2.0_臺大鄭江樓北側,0.4,2.1,500101042.0,500119084.0
YouBike2.0_基隆長興路口東側,YouBike2.0_臺大電機二館東南側,0.463,2.3,500101042.0,500119085.0
YouBike2.0_基隆長興路口東側,YouBike2.0_臺大圖資系館北側,0.925,3.6,500101042.0,500119086.0
YouBike2.0_基隆長興路口東側,YouBike2.0_臺大總圖書館西南側,0.725,3.1,500101042.0,500119087.0
YouBike2.0_基隆長興路口東側,YouBike2.0_臺大黑森林西側,0.565,3.8,500101042.0,500119088.0
YouBike2.0_基隆長興路口東側,YouBike2.0_臺大獸醫館南側,0.449,2.2,500101042.0,500119089.0
YouBike2.0_基隆長興路口東側,YouBike2.0_臺大新體育館東南側,1.391,5.0,500101042.0,500119090.0
YouBike2.0_基隆長興路口東側,YouBike2.0_臺大明達館北側(員工宿舍),0.434,2.2,500101042.0,500119091.0
YouBike2.0_捷運公館站(3號出口),YouBike2.0_辛亥復興路口西北側,1.76,6.0,500101181.0,500101005.0
YouBike2.0_捷運公館站(3號出口),YouBike2.0_新生南路三段52號前,0.703,2.1,500101181.0,500101008.0
YouBike2.0_捷運公館站(3號出口),YouBike2.0_新生南路三段66號前,0.55,1.7,500101181.0,500101009.0
YouBike2.0_捷運公館站(3號出口),YouBike2.0_新生南路三段82號前,0.456,1.4,500101181.0,500101010.0
YouBike2.0_捷運公館站(3號出口),YouBike2.0_銘傳國小側門,0.29,2.2,500101181.0,500101021.0
YouBike2.0_捷運公館站(3號出口),YouBike2.0_捷運公館站(2號出口),0.092,0.3,500101181.0,500101022.0
YouBike2.0_捷運公館站(3號出口),YouBike2.0_第二學生活動中心,0.448,1.4,500101181.0,500101023.0
YouBike2.0_捷運公館站(3號出口),YouBike2.0_臺灣科技大學正門,1.263,3.8,500101181.0,500101024.0
YouBike2.0_捷運公館站(3號出口),YouBike2.0_臺灣科技大學側門,1.136,3.5,500101181.0,500101025.0
YouBike2.0_捷運公館站(3號出口),YouBike2.0_臺大男七舍前,1.571,6.2,500101181.0,500101031.0
YouBike2.0_捷運公館站(3號出口),YouBike2.0_臺大男一舍前,1.373,5.6,500101181.0,500101032.0
YouBike2.0_捷運公館站(3號出口),YouBike2.0_臺大男六舍前,1.342,5.5,500101181.0,500101033.0
YouBike2.0_捷運公館站(3號出口),YouBike2.0_臺大動物醫院前,1.461,4.6,500101181.0,500101034.0
YouBike2.0_捷運公館站(3號出口),YouBike2.0_臺大萬才館前,1.966,7.0,500101181.0,500101036.0
YouBike2.0_捷運公館站(3號出口),YouBike2.0_臺大國青大樓宿舍前,1.875,6.8,500101181.0,500101037.0
YouBike2.0_捷運公館站(3號出口),YouBike2.0_臺大社科院圖書館前,1.72,5.7,500101181.0,500101038.0
YouBike2.0_捷運公館站(3號出口),YouBike2.0_臺大法人語言訓練中心前,1.57,4.6,500101181.0,500101039.0
YouBike2.0_捷運公館站(3號出口),YouBike2.0_臺大綜合體育館停車場前,1.022,3.7,500101181.0,500101040.0
YouBike2.0_捷運公館站(3號出口),YouBike2.0_辛亥新生路口東南側,0.872,3.2,500101181.0,500101041.0
YouBike2.0_捷運公館站(3號出口),YouBike2.0_基隆長興路口東側,1.708,5.3,500101181.0,500101042.0
YouBike2.0_捷運公館站(3號出口),YouBike2.0_新生南路三段94巷口,0.287,0.9,500101181.0,500101184.0
YouBike2.0_捷運公館站(3號出口),YouBike2.0_基隆長興路口,1.258,4.8,500101181.0,500101193.0
YouBike2.0_捷運公館站(3號出口),YouBike2.0_臺大資訊大樓,1.588,5.3,500101181.0,500101209.0
YouBike2.0_捷運公館站(3號出口),YouBike2.0_捷運公館站(1號出口),0.277,1.2,500101181.0,500106003.0
YouBike2.0_捷運公館站(3號出口),YouBike2.0_捷運公館站(4號出口),0.358,1.5,500101181.0,500106004.0
YouBike2.0_捷運公館站(3號出口),YouBike2.0_臺大男八舍東側,1.369,5.6,500101181.0,500119043.0
YouBike2.0_捷運公館站(3號出口),YouBike2.0_臺大禮賢樓東南側,0.546,2.4,500101181.0,500119044.0
YouBike2.0_捷運公館站(3號出口),YouBike2.0_臺大農業陳列館北側,0.815,2.4,500101181.0,500119045.0
YouBike2.0_捷運公館站(3號出口),YouBike2.0_臺大管理學院二館北側,0.443,3.3,500101181.0,500119046.0
YouBike2.0_捷運公館站(3號出口),YouBike2.0_臺大土木系館,1.005,3.2,500101181.0,500119047.0
YouBike2.0_捷運公館站(3號出口),YouBike2.0_臺大大一女舍北側,0.708,2.1,500101181.0,500119048.0
YouBike2.0_捷運公館站(3號出口),YouBike2.0_臺大女九舍西南側,1.231,3.5,500101181.0,500119049.0
YouBike2.0_捷運公館站(3號出口),YouBike2.0_臺大小福樓東側,0.934,2.7,500101181.0,500119050.0
YouBike2.0_捷運公館站(3號出口),YouBike2.0_臺大立體機車停車場,1.053,3.7,500101181.0,500119051.0
YouBike2.0_捷運公館站(3號出口),YouBike2.0_臺大工綜館南側,1.232,3.5,500101181.0,500119052.0
YouBike2.0_捷運公館站(3號出口),YouBike2.0_臺大天文數學館南側,1.285,3.7,500101181.0,500119053.0
YouBike2.0_捷運公館站(3號出口),YouBike2.0_臺大心理系館南側,1.309,3.8,500101181.0,500119054.0
YouBike2.0_捷運公館站(3號出口),YouBike2.0_臺大樂學館東側,0.699,1.9,500101181.0,500119055.0
YouBike2.0_捷運公館站(3號出口),YouBike2.0_臺大農化新館西側,0.457,1.3,500101181.0,500119056.0
YouBike2.0_捷運公館站(3號出口),YouBike2.0_臺大五號館西側,0.764,2.2,500101181.0,500119057.0
YouBike2.0_捷運公館站(3號出口),YouBike2.0_臺大舊體育館西側,0.907,2.6,500101181.0,500119058.0
YouBike2.0_捷運公館站(3號出口),YouBike2.0_臺大共同教室東南側,0.749,2.2,500101181.0,500119060.0
YouBike2.0_捷運公館站(3號出口),YouBike2.0_臺大鹿鳴堂東側,0.777,2.3,500101181.0,500119061.0
YouBike2.0_捷運公館站(3號出口),YouBike2.0_臺大公館停車場西北側,1.15,3.8,500101181.0,500119062.0
YouBike2.0_捷運公館站(3號出口),YouBike2.0_臺大第二行政大樓南側,0.535,1.6,500101181.0,500119063.0
YouBike2.0_捷運公館站(3號出口),YouBike2.0_臺大明達館機車停車場,1.184,4.1,500101181.0,500119064.0
YouBike2.0_捷運公館站(3號出口),YouBike2.0_臺大二號館,0.581,1.7,500101181.0,500119065.0
YouBike2.0_捷運公館站(3號出口),YouBike2.0_臺大凝態館南側,1.391,4.0,500101181.0,500119066.0
YouBike2.0_捷運公館站(3號出口),YouBike2.0_臺大社科院西側,1.552,4.3,500101181.0,500119067.0
YouBike2.0_捷運公館站(3號出口),YouBike2.0_臺大社會系館南側,1.705,5.2,500101181.0,500119068.0
YouBike2.0_捷運公館站(3號出口),YouBike2.0_臺大思亮館東南側,1.355,3.9,500101181.0,500119069.0
YouBike2.0_捷運公館站(3號出口),YouBike2.0_臺大椰林小舖,0.552,1.6,500101181.0,500119070.0
YouBike2.0_捷運公館站(3號出口),YouBike2.0_臺大計資中心南側,1.37,3.9,500101181.0,500119071.0
YouBike2.0_捷運公館站(3號出口),YouBike2.0_臺大原分所北側,1.098,3.2,500101181.0,500119072.0
YouBike2.0_捷運公館站(3號出口),YouBike2.0_臺大生命科學館西北側,0.808,2.4,500101181.0,500119074.0
YouBike2.0_捷運公館站(3號出口),YouBike2.0_臺大第一活動中心西南側,1.065,3.0,500101181.0,500119075.0
YouBike2.0_捷運公館站(3號出口),YouBike2.0_臺大博理館西側,1.567,4.5,500101181.0,500119076.0
YouBike2.0_捷運公館站(3號出口),YouBike2.0_臺大博雅館西側,0.806,2.3,500101181.0,500119077.0
YouBike2.0_捷運公館站(3號出口),YouBike2.0_臺大森林館北側,0.898,2.6,500101181.0,500119078.0
YouBike2.0_捷運公館站(3號出口),YouBike2.0_臺大一號館,0.61,1.7,500101181.0,500119079.0
YouBike2.0_捷運公館站(3號出口),YouBike2.0_臺大小小福西南側,0.66,1.9,500101181.0,500119080.0
YouBike2.0_捷運公館站(3號出口),YouBike2.0_臺大教研館北側,1.006,3.0,500101181.0,500119081.0
YouBike2.0_捷運公館站(3號出口),YouBike2.0_臺大四號館東北側,0.79,2.3,500101181.0,500119082.0
YouBike2.0_捷運公館站(3號出口),YouBike2.0_臺大新生教室南側,1.144,3.3,500101181.0,500119083.0
YouBike2.0_捷運公館站(3號出口),YouBike2.0_臺大鄭江樓北側,1.221,4.2,500101181.0,500119084.0
YouBike2.0_捷運公館站(3號出口),YouBike2.0_臺大電機二館東南側,1.433,4.1,500101181.0,500119085.0
YouBike2.0_捷運公館站(3號出口),YouBike2.0_臺大圖資系館北側,1.034,3.0,500101181.0,500119086.0
YouBike2.0_捷運公館站(3號出口),YouBike2.0_臺大總圖書館西南側,0.818,3.0,500101181.0,500119087.0
YouBike2.0_捷運公館站(3號出口),YouBike2.0_臺大黑森林西側,1.386,5.9,500101181.0,500119088.0
YouBike2.0_捷運公館站(3號出口),YouBike2.0_臺大獸醫館南側,1.419,4.0,500101181.0,500119089.0
YouBike2.0_捷運公館站(3號出口),YouBike2.0_臺大新體育館東南側,1.058,3.0,500101181.0,500119090.0
YouBike2.0_捷運公館站(3號出口),YouBike2.0_臺大明達館北側(員工宿舍),1.255,4.3,500101181.0,500119091.0
YouBike2.0_新生南路三段94巷口,YouBike2.0_辛亥復興路口西北側,1.473,5.0,500101184.0,500101005.0
YouBike2.0_新生南路三段94巷口,YouBike2.0_新生南路三段52號前,0.416,1.2,500101184.0,500101008.0
YouBike2.0_新生南路三段94巷口,YouBike2.0_新生南路三段66號前,0.263,0.8,500101184.0,500101009.0
YouBike2.0_新生南路三段94巷口,YouBike2.0_新生南路三段82號前,0.169,0.5,500101184.0,500101010.0
YouBike2.0_新生南路三段94巷口,YouBike2.0_銘傳國小側門,0.608,3.6,500101184.0,500101021.0
YouBike2.0_新生南路三段94巷口,YouBike2.0_捷運公館站(2號出口),0.41,1.7,500101184.0,500101022.0
YouBike2.0_新生南路三段94巷口,YouBike2.0_第二學生活動中心,0.766,2.8,500101184.0,500101023.0
YouBike2.0_新生南路三段94巷口,YouBike2.0_臺灣科技大學正門,1.582,5.2,500101184.0,500101024.0
YouBike2.0_新生南路三段94巷口,YouBike2.0_臺灣科技大學側門,1.454,5.0,500101184.0,500101025.0
YouBike2.0_新生南路三段94巷口,YouBike2.0_臺大男七舍前,1.889,7.6,500101184.0,500101031.0
YouBike2.0_新生南路三段94巷口,YouBike2.0_臺大男一舍前,1.691,7.0,500101184.0,500101032.0
YouBike2.0_新生南路三段94巷口,YouBike2.0_臺大男六舍前,1.661,6.9,500101184.0,500101033.0
YouBike2.0_新生南路三段94巷口,YouBike2.0_臺大動物醫院前,1.78,6.0,500101184.0,500101034.0
YouBike2.0_新生南路三段94巷口,YouBike2.0_臺大萬才館前,1.679,6.1,500101184.0,500101036.0
YouBike2.0_新生南路三段94巷口,YouBike2.0_臺大國青大樓宿舍前,1.588,5.8,500101184.0,500101037.0
YouBike2.0_新生南路三段94巷口,YouBike2.0_臺大社科院圖書館前,1.433,4.8,500101184.0,500101038.0
YouBike2.0_新生南路三段94巷口,YouBike2.0_臺大法人語言訓練中心前,1.228,4.2,500101184.0,500101039.0
YouBike2.0_新生南路三段94巷口,YouBike2.0_臺大綜合體育館停車場前,0.735,2.7,500101184.0,500101040.0
YouBike2.0_新生南路三段94巷口,YouBike2.0_辛亥新生路口東南側,0.585,2.3,500101184.0,500101041.0
YouBike2.0_新生南路三段94巷口,YouBike2.0_基隆長興路口東側,2.162,7.8,500101184.0,500101042.0
YouBike2.0_新生南路三段94巷口,YouBike2.0_捷運公館站(3號出口),0.318,1.4,500101184.0,500101181.0
YouBike2.0_新生南路三段94巷口,YouBike2.0_基隆長興路口,1.577,6.2,500101184.0,500101193.0
YouBike2.0_新生南路三段94巷口,YouBike2.0_臺大資訊大樓,1.301,4.4,500101184.0,500101209.0
YouBike2.0_新生南路三段94巷口,YouBike2.0_捷運公館站(1號出口),0.428,1.3,500101184.0,500106003.0
YouBike2.0_新生南路三段94巷口,YouBike2.0_捷運公館站(4號出口),0.347,1.1,500101184.0,500106004.0
YouBike2.0_新生南路三段94巷口,YouBike2.0_臺大男八舍東側,1.687,7.0,500101184.0,500119043.0
YouBike2.0_新生南路三段94巷口,YouBike2.0_臺大禮賢樓東南側,0.864,3.8,500101184.0,500119044.0
YouBike2.0_新生南路三段94巷口,YouBike2.0_臺大農業陳列館北側,0.233,1.8,500101184.0,500119045.0
YouBike2.0_新生南路三段94巷口,YouBike2.0_臺大管理學院二館北側,0.761,4.7,500101184.0,500119046.0
YouBike2.0_新生南路三段94巷口,YouBike2.0_臺大土木系館,0.888,4.1,500101184.0,500119047.0
YouBike2.0_新生南路三段94巷口,YouBike2.0_臺大大一女舍北側,0.854,3.6,500101184.0,500119048.0
YouBike2.0_新生南路三段94巷口,YouBike2.0_臺大女九舍西南側,1.279,4.4,500101184.0,500119049.0
YouBike2.0_新生南路三段94巷口,YouBike2.0_臺大小福樓東側,0.606,2.9,500101184.0,500119050.0
YouBike2.0_新生南路三段94巷口,YouBike2.0_臺大立體機車停車場,1.371,5.1,500101184.0,500119051.0
YouBike2.0_新生南路三段94巷口,YouBike2.0_臺大工綜館南側,0.905,3.8,500101184.0,500119052.0
YouBike2.0_新生南路三段94巷口,YouBike2.0_臺大天文數學館南側,1.045,3.7,500101184.0,500119053.0
YouBike2.0_新生南路三段94巷口,YouBike2.0_臺大心理系館南側,1.479,5.0,500101184.0,500119054.0
YouBike2.0_新生南路三段94巷口,YouBike2.0_臺大樂學館東側,0.468,2.5,500101184.0,500119055.0
YouBike2.0_新生南路三段94巷口,YouBike2.0_臺大農化新館西側,0.604,2.9,500101184.0,500119056.0
YouBike2.0_新生南路三段94巷口,YouBike2.0_臺大五號館西側,0.739,3.3,500101184.0,500119057.0
YouBike2.0_新生南路三段94巷口,YouBike2.0_臺大舊體育館西側,0.962,3.4,500101184.0,500119058.0
YouBike2.0_新生南路三段94巷口,YouBike2.0_臺大共同教室東南側,0.896,3.8,500101184.0,500119060.0
YouBike2.0_新生南路三段94巷口,YouBike2.0_臺大鹿鳴堂東側,0.838,3.7,500101184.0,500119061.0
YouBike2.0_新生南路三段94巷口,YouBike2.0_臺大公館停車場西北側,1.211,5.2,500101184.0,500119062.0
YouBike2.0_新生南路三段94巷口,YouBike2.0_臺大第二行政大樓南側,0.681,3.1,500101184.0,500119063.0
YouBike2.0_新生南路三段94巷口,YouBike2.0_臺大明達館機車停車場,1.502,5.5,500101184.0,500119064.0
YouBike2.0_新生南路三段94巷口,YouBike2.0_臺大二號館,0.557,2.8,500101184.0,500119065.0
YouBike2.0_新生南路三段94巷口,YouBike2.0_臺大凝態館南側,0.839,3.1,500101184.0,500119066.0
YouBike2.0_新生南路三段94巷口,YouBike2.0_臺大社科院西側,1.362,4.6,500101184.0,500119067.0
YouBike2.0_新生南路三段94巷口,YouBike2.0_臺大社會系館南側,1.503,5.4,500101184.0,500119068.0
YouBike2.0_新生南路三段94巷口,YouBike2.0_臺大思亮館東南側,1.134,4.0,500101184.0,500119069.0
YouBike2.0_新生南路三段94巷口,YouBike2.0_臺大椰林小舖,0.699,3.2,500101184.0,500119070.0
YouBike2.0_新生南路三段94巷口,YouBike2.0_臺大計資中心南側,1.214,4.2,500101184.0,500119071.0
YouBike2.0_新生南路三段94巷口,YouBike2.0_臺大原分所北側,0.763,3.4,500101184.0,500119072.0
YouBike2.0_新生南路三段94巷口,YouBike2.0_臺大生命科學館西北側,0.874,3.8,500101184.0,500119074.0
YouBike2.0_新生南路三段94巷口,YouBike2.0_臺大第一活動中心西南側,0.948,3.9,500101184.0,500119075.0
YouBike2.0_新生南路三段94巷口,YouBike2.0_臺大博理館西側,1.558,5.2,500101184.0,500119076.0
YouBike2.0_新生南路三段94巷口,YouBike2.0_臺大博雅館西側,0.478,2.5,500101184.0,500119077.0
YouBike2.0_新生南路三段94巷口,YouBike2.0_臺大森林館北側,0.87,3.7,500101184.0,500119078.0
YouBike2.0_新生南路三段94巷口,YouBike2.0_臺大一號館,0.466,2.5,500101184.0,500119079.0
YouBike2.0_新生南路三段94巷口,YouBike2.0_臺大小小福西南側,0.807,3.5,500101184.0,500119080.0
YouBike2.0_新生南路三段94巷口,YouBike2.0_臺大教研館北側,1.067,4.3,500101184.0,500119081.0
YouBike2.0_新生南路三段94巷口,YouBike2.0_臺大四號館東北側,0.763,3.4,500101184.0,500119082.0
YouBike2.0_新生南路三段94巷口,YouBike2.0_臺大新生教室南側,1.238,4.3,500101184.0,500119083.0
YouBike2.0_新生南路三段94巷口,YouBike2.0_臺大鄭江樓北側,1.156,4.5,500101184.0,500119084.0
YouBike2.0_新生南路三段94巷口,YouBike2.0_臺大電機二館東南側,1.687,5.5,500101184.0,500119085.0
YouBike2.0_新生南路三段94巷口,YouBike2.0_臺大圖資系館北側,0.917,3.8,500101184.0,500119086.0
YouBike2.0_新生南路三段94巷口,YouBike2.0_臺大總圖書館西南側,1.039,4.2,500101184.0,500119087.0
YouBike2.0_新生南路三段94巷口,YouBike2.0_臺大黑森林西側,1.603,6.3,500101184.0,500119088.0
YouBike2.0_新生南路三段94巷口,YouBike2.0_臺大獸醫館南側,1.302,4.9,500101184.0,500119089.0
YouBike2.0_新生南路三段94巷口,YouBike2.0_臺大新體育館東南側,0.827,3.0,500101184.0,500119090.0
YouBike2.0_新生南路三段94巷口,YouBike2.0_臺大明達館北側(員工宿舍),1.574,5.7,500101184.0,500119091.0
YouBike2.0_基隆長興路口,YouBike2.0_辛亥復興路口西北側,0.807,3.8,500101193.0,500101005.0
YouBike2.0_基隆長興路口,YouBike2.0_新生南路三段52號前,1.789,7.2,500101193.0,500101008.0
YouBike2.0_基隆長興路口,YouBike2.0_新生南路三段66號前,1.942,7.7,500101193.0,500101009.0
YouBike2.0_基隆長興路口,YouBike2.0_新生南路三段82號前,1.51,6.0,500101193.0,500101010.0
YouBike2.0_基隆長興路口,YouBike2.0_銘傳國小側門,1.316,5.7,500101193.0,500101021.0
YouBike2.0_基隆長興路口,YouBike2.0_捷運公館站(2號出口),1.248,4.8,500101193.0,500101022.0
YouBike2.0_基隆長興路口,YouBike2.0_第二學生活動中心,1.121,4.5,500101193.0,500101023.0
YouBike2.0_基隆長興路口,YouBike2.0_臺灣科技大學正門,0.59,2.0,500101193.0,500101024.0
YouBike2.0_基隆長興路口,YouBike2.0_臺灣科技大學側門,0.673,2.9,500101193.0,500101025.0
YouBike2.0_基隆長興路口,YouBike2.0_臺大男七舍前,0.334,1.0,500101193.0,500101031.0
YouBike2.0_基隆長興路口,YouBike2.0_臺大男一舍前,0.136,0.4,500101193.0,500101032.0
YouBike2.0_基隆長興路口,YouBike2.0_臺大男六舍前,0.106,0.3,500101193.0,500101033.0
YouBike2.0_基隆長興路口,YouBike2.0_臺大動物醫院前,0.204,0.6,500101193.0,500101034.0
YouBike2.0_基隆長興路口,YouBike2.0_臺大萬才館前,0.552,2.9,500101193.0,500101036.0
YouBike2.0_基隆長興路口,YouBike2.0_臺大國青大樓宿舍前,0.617,2.4,500101193.0,500101037.0
YouBike2.0_基隆長興路口,YouBike2.0_臺大社科院圖書館前,0.772,3.5,500101193.0,500101038.0
YouBike2.0_基隆長興路口,YouBike2.0_臺大法人語言訓練中心前,0.977,4.1,500101193.0,500101039.0
YouBike2.0_基隆長興路口,YouBike2.0_臺大綜合體育館停車場前,1.47,5.5,500101193.0,500101040.0
YouBike2.0_基隆長興路口,YouBike2.0_辛亥新生路口東南側,1.728,5.7,500101193.0,500101041.0
YouBike2.0_基隆長興路口,YouBike2.0_基隆長興路口東側,0.043,0.1,500101193.0,500101042.0
YouBike2.0_基隆長興路口,YouBike2.0_捷運公館站(3號出口),1.339,5.1,500101193.0,500101181.0
YouBike2.0_基隆長興路口,YouBike2.0_新生南路三段94巷口,1.711,6.2,500101193.0,500101184.0
YouBike2.0_基隆長興路口,YouBike2.0_臺大資訊大樓,0.904,3.9,500101193.0,500101209.0
YouBike2.0_基隆長興路口,YouBike2.0_捷運公館站(1號出口),1.462,5.4,500101193.0,500106003.0
YouBike2.0_基隆長興路口,YouBike2.0_捷運公館站(4號出口),1.543,5.7,500101193.0,500106004.0
YouBike2.0_基隆長興路口,YouBike2.0_臺大男八舍東側,0.14,0.4,500101193.0,500119043.0
YouBike2.0_基隆長興路口,YouBike2.0_臺大禮賢樓東南側,0.951,3.6,500101193.0,500119044.0
YouBike2.0_基隆長興路口,YouBike2.0_臺大農業陳列館北側,1.402,4.8,500101193.0,500119045.0
YouBike2.0_基隆長興路口,YouBike2.0_臺大管理學院二館北側,1.109,5.6,500101193.0,500119046.0
YouBike2.0_基隆長興路口,YouBike2.0_臺大土木系館,0.838,3.5,500101193.0,500119047.0
YouBike2.0_基隆長興路口,YouBike2.0_臺大大一女舍北側,1.241,4.4,500101193.0,500119048.0
YouBike2.0_基隆長興路口,YouBike2.0_臺大女九舍西南側,1.021,3.7,500101193.0,500119049.0
YouBike2.0_基隆長興路口,YouBike2.0_臺大小福樓東側,1.05,3.8,500101193.0,500119050.0
YouBike2.0_基隆長興路口,YouBike2.0_臺大立體機車停車場,0.286,1.6,500101193.0,500119051.0
YouBike2.0_基隆長興路口,YouBike2.0_臺大工綜館南側,0.677,2.7,500101193.0,500119052.0
YouBike2.0_基隆長興路口,YouBike2.0_臺大天文數學館南側,1.275,4.5,500101193.0,500119053.0
YouBike2.0_基隆長興路口,YouBike2.0_臺大心理系館南側,1.099,4.0,500101193.0,500119054.0
YouBike2.0_基隆長興路口,YouBike2.0_臺大樂學館東側,1.148,4.0,500101193.0,500119055.0
YouBike2.0_基隆長興路口,YouBike2.0_臺大農化新館西側,1.184,4.2,500101193.0,500119056.0
YouBike2.0_基隆長興路口,YouBike2.0_臺大五號館西側,1.02,3.7,500101193.0,500119057.0
YouBike2.0_基隆長興路口,YouBike2.0_臺大舊體育館西側,1.36,4.7,500101193.0,500119058.0
YouBike2.0_基隆長興路口,YouBike2.0_臺大共同教室東南側,0.842,3.2,500101193.0,500119060.0
YouBike2.0_基隆長興路口,YouBike2.0_臺大鹿鳴堂東側,0.954,3.7,500101193.0,500119061.0
YouBike2.0_基隆長興路口,YouBike2.0_臺大公館停車場西北側,0.895,3.9,500101193.0,500119062.0
YouBike2.0_基隆長興路口,YouBike2.0_臺大第二行政大樓南側,1.093,3.9,500101193.0,500119063.0
YouBike2.0_基隆長興路口,YouBike2.0_臺大明達館機車停車場,0.141,1.6,500101193.0,500119064.0
YouBike2.0_基隆長興路口,YouBike2.0_臺大二號館,1.171,4.1,500101193.0,500119065.0
YouBike2.0_基隆長興路口,YouBike2.0_臺大凝態館南側,1.474,5.0,500101193.0,500119066.0
YouBike2.0_基隆長興路口,YouBike2.0_臺大社科院西側,0.689,3.2,500101193.0,500119067.0
YouBike2.0_基隆長興路口,YouBike2.0_臺大社會系館南側,0.558,3.2,500101193.0,500119068.0
YouBike2.0_基隆長興路口,YouBike2.0_臺大思亮館東南側,1.145,4.1,500101193.0,500119069.0
YouBike2.0_基隆長興路口,YouBike2.0_臺大椰林小舖,1.066,3.9,500101193.0,500119070.0
YouBike2.0_基隆長興路口,YouBike2.0_臺大計資中心南側,0.975,4.0,500101193.0,500119071.0
YouBike2.0_基隆長興路口,YouBike2.0_臺大原分所北側,0.965,3.5,500101193.0,500119072.0
YouBike2.0_基隆長興路口,YouBike2.0_臺大生命科學館西北側,0.832,3.2,500101193.0,500119074.0
YouBike2.0_基隆長興路口,YouBike2.0_臺大第一活動中心西南側,0.699,2.8,500101193.0,500119075.0
YouBike2.0_基隆長興路口,YouBike2.0_臺大博理館西側,0.483,2.6,500101193.0,500119076.0
YouBike2.0_基隆長興路口,YouBike2.0_臺大博雅館西側,1.278,4.4,500101193.0,500119077.0
YouBike2.0_基隆長興路口,YouBike2.0_臺大森林館北側,0.927,3.5,500101193.0,500119078.0
YouBike2.0_基隆長興路口,YouBike2.0_臺大一號館,1.29,4.5,500101193.0,500119079.0
YouBike2.0_基隆長興路口,YouBike2.0_臺大小小福西南側,0.952,3.5,500101193.0,500119080.0
YouBike2.0_基隆長興路口,YouBike2.0_臺大教研館北側,0.725,3.0,500101193.0,500119081.0
YouBike2.0_基隆長興路口,YouBike2.0_臺大四號館東北側,0.96,3.5,500101193.0,500119082.0
YouBike2.0_基隆長興路口,YouBike2.0_臺大新生教室南側,1.198,4.2,500101193.0,500119083.0
YouBike2.0_基隆長興路口,YouBike2.0_臺大鄭江樓北側,0.286,2.0,500101193.0,500119084.0
YouBike2.0_基隆長興路口,YouBike2.0_臺大電機二館東南側,0.349,2.2,500101193.0,500119085.0
YouBike2.0_基隆長興路口,YouBike2.0_臺大圖資系館北側,0.824,3.1,500101193.0,500119086.0
YouBike2.0_基隆長興路口,YouBike2.0_臺大總圖書館西南側,0.624,2.6,500101193.0,500119087.0
YouBike2.0_基隆長興路口,YouBike2.0_臺大黑森林西側,0.451,3.7,500101193.0,500119088.0
YouBike2.0_基隆長興路口,YouBike2.0_臺大獸醫館南側,0.334,2.1,500101193.0,500119089.0
YouBike2.0_基隆長興路口,YouBike2.0_臺大新體育館東南側,1.461,5.0,500101193.0,500119090.0
YouBike2.0_基隆長興路口,YouBike2.0_臺大明達館北側(員工宿舍),0.32,2.1,500101193.0,500119091.0
YouBike2.0_臺大資訊大樓,YouBike2.0_辛亥復興路口西北側,0.269,1.2,500101209.0,500101005.0
YouBike2.0_臺大資訊大樓,YouBike2.0_新生南路三段52號前,0.885,3.4,500101209.0,500101008.0
YouBike2.0_臺大資訊大樓,YouBike2.0_新生南路三段66號前,1.038,3.8,500101209.0,500101009.0
YouBike2.0_臺大資訊大樓,YouBike2.0_新生南路三段82號前,1.132,4.1,500101209.0,500101010.0
YouBike2.0_臺大資訊大樓,YouBike2.0_銘傳國小側門,1.767,7.7,500101209.0,500101021.0
YouBike2.0_臺大資訊大樓,YouBike2.0_捷運公館站(2號出口),1.74,5.5,500101209.0,500101022.0
YouBike2.0_臺大資訊大樓,YouBike2.0_第二學生活動中心,1.925,6.9,500101209.0,500101023.0
YouBike2.0_臺大資訊大樓,YouBike2.0_臺灣科技大學正門,1.203,4.5,500101209.0,500101024.0
YouBike2.0_臺大資訊大樓,YouBike2.0_臺灣科技大學側門,1.464,5.3,500101209.0,500101025.0
YouBike2.0_臺大資訊大樓,YouBike2.0_臺大男七舍前,1.132,4.3,500101209.0,500101031.0
YouBike2.0_臺大資訊大樓,YouBike2.0_臺大男一舍前,0.934,3.7,500101209.0,500101032.0
YouBike2.0_臺大資訊大樓,YouBike2.0_臺大男六舍前,0.904,3.6,500101209.0,500101033.0
YouBike2.0_臺大資訊大樓,YouBike2.0_臺大動物醫院前,1.024,3.5,500101209.0,500101034.0
YouBike2.0_臺大資訊大樓,YouBike2.0_臺大萬才館前,0.378,1.7,500101209.0,500101036.0
YouBike2.0_臺大資訊大樓,YouBike2.0_臺大國青大樓宿舍前,0.287,1.4,500101209.0,500101037.0
YouBike2.0_臺大資訊大樓,YouBike2.0_臺大社科院圖書館前,0.132,0.4,500101209.0,500101038.0
YouBike2.0_臺大資訊大樓,YouBike2.0_臺大法人語言訓練中心前,0.073,0.2,500101209.0,500101039.0
YouBike2.0_臺大資訊大樓,YouBike2.0_臺大綜合體育館停車場前,0.566,1.7,500101209.0,500101040.0
YouBike2.0_臺大資訊大樓,YouBike2.0_辛亥新生路口東南側,0.733,2.8,500101209.0,500101041.0
YouBike2.0_臺大資訊大樓,YouBike2.0_基隆長興路口東側,0.861,3.4,500101209.0,500101042.0
YouBike2.0_臺大資訊大樓,YouBike2.0_捷運公館站(3號出口),1.619,6.0,500101209.0,500101181.0
YouBike2.0_臺大資訊大樓,YouBike2.0_新生南路三段94巷口,1.301,4.6,500101209.0,500101184.0
YouBike2.0_臺大資訊大樓,YouBike2.0_基隆長興路口,0.82,2.8,500101209.0,500101193.0
YouBike2.0_臺大資訊大樓,YouBike2.0_捷運公館站(1號出口),1.729,5.9,500101209.0,500106003.0
YouBike2.0_臺大資訊大樓,YouBike2.0_捷運公館站(4號出口),1.648,5.7,500101209.0,500106004.0
YouBike2.0_臺大資訊大樓,YouBike2.0_臺大男八舍東側,0.86,4.1,500101209.0,500119043.0
YouBike2.0_臺大資訊大樓,YouBike2.0_臺大禮賢樓東南側,1.584,4.7,500101209.0,500119044.0
YouBike2.0_臺大資訊大樓,YouBike2.0_臺大農業陳列館北側,1.094,4.0,500101209.0,500119045.0
YouBike2.0_臺大資訊大樓,YouBike2.0_臺大管理學院二館北側,1.711,6.5,500101209.0,500119046.0
YouBike2.0_臺大資訊大樓,YouBike2.0_臺大土木系館,1.049,3.4,500101209.0,500119047.0
YouBike2.0_臺大資訊大樓,YouBike2.0_臺大大一女舍北側,1.683,4.9,500101209.0,500119048.0
YouBike2.0_臺大資訊大樓,YouBike2.0_臺大女九舍西南側,0.731,2.1,500101209.0,500119049.0
YouBike2.0_臺大資訊大樓,YouBike2.0_臺大小福樓東側,0.72,2.9,500101209.0,500119050.0
YouBike2.0_臺大資訊大樓,YouBike2.0_臺大立體機車停車場,0.965,2.8,500101209.0,500119051.0
YouBike2.0_臺大資訊大樓,YouBike2.0_臺大工綜館南側,0.739,2.2,500101209.0,500119052.0
YouBike2.0_臺大資訊大樓,YouBike2.0_臺大天文數學館南側,0.392,1.9,500101209.0,500119053.0
YouBike2.0_臺大資訊大樓,YouBike2.0_臺大心理系館南側,0.65,1.9,500101209.0,500119054.0
YouBike2.0_臺大資訊大樓,YouBike2.0_臺大樂學館東側,0.941,3.5,500101209.0,500119055.0
YouBike2.0_臺大資訊大樓,YouBike2.0_臺大農化新館西側,1.246,4.4,500101209.0,500119056.0
YouBike2.0_臺大資訊大樓,YouBike2.0_臺大五號館西側,0.967,3.6,500101209.0,500119057.0
YouBike2.0_臺大資訊大樓,YouBike2.0_臺大舊體育館西側,0.702,2.8,500101209.0,500119058.0
YouBike2.0_臺大資訊大樓,YouBike2.0_臺大共同教室東南側,1.305,3.8,500101209.0,500119060.0
YouBike2.0_臺大資訊大樓,YouBike2.0_臺大鹿鳴堂東側,1.403,4.1,500101209.0,500119061.0
YouBike2.0_臺大資訊大樓,YouBike2.0_臺大公館停車場西北側,1.757,5.6,500101209.0,500119062.0
YouBike2.0_臺大資訊大樓,YouBike2.0_臺大第二行政大樓南側,1.119,4.0,500101209.0,500119063.0
YouBike2.0_臺大資訊大樓,YouBike2.0_臺大明達館機車停車場,0.745,2.2,500101209.0,500119064.0
YouBike2.0_臺大資訊大樓,YouBike2.0_臺大二號館,1.073,3.9,500101209.0,500119065.0
YouBike2.0_臺大資訊大樓,YouBike2.0_臺大凝態館南側,0.569,2.3,500101209.0,500119066.0
YouBike2.0_臺大資訊大樓,YouBike2.0_臺大社科院西側,0.41,1.2,500101209.0,500119067.0
YouBike2.0_臺大資訊大樓,YouBike2.0_臺大社會系館南側,0.349,1.4,500101209.0,500119068.0
YouBike2.0_臺大資訊大樓,YouBike2.0_臺大思亮館東南側,0.295,1.6,500101209.0,500119069.0
YouBike2.0_臺大資訊大樓,YouBike2.0_臺大椰林小舖,1.525,4.5,500101209.0,500119070.0
YouBike2.0_臺大資訊大樓,YouBike2.0_臺大計資中心南側,0.252,1.4,500101209.0,500119071.0
YouBike2.0_臺大資訊大樓,YouBike2.0_臺大原分所北側,0.527,2.3,500101209.0,500119072.0
YouBike2.0_臺大資訊大樓,YouBike2.0_臺大生命科學館西北側,1.324,3.9,500101209.0,500119074.0
YouBike2.0_臺大資訊大樓,YouBike2.0_臺大第一活動中心西南側,1.066,3.1,500101209.0,500119075.0
YouBike2.0_臺大資訊大樓,YouBike2.0_臺大博理館西側,0.404,1.2,500101209.0,500119076.0
YouBike2.0_臺大資訊大樓,YouBike2.0_臺大博雅館西側,0.826,3.1,500101209.0,500119077.0
YouBike2.0_臺大資訊大樓,YouBike2.0_臺大森林館北側,1.138,3.4,500101209.0,500119078.0
YouBike2.0_臺大資訊大樓,YouBike2.0_臺大一號館,1.19,4.3,500101209.0,500119079.0
YouBike2.0_臺大資訊大樓,YouBike2.0_臺大小小福西南側,1.426,4.2,500101209.0,500119080.0
YouBike2.0_臺大資訊大樓,YouBike2.0_臺大教研館北側,1.613,4.8,500101209.0,500119081.0
YouBike2.0_臺大資訊大樓,YouBike2.0_臺大四號館東北側,1.171,3.5,500101209.0,500119082.0
YouBike2.0_臺大資訊大樓,YouBike2.0_臺大新生教室南側,0.613,2.5,500101209.0,500119083.0
YouBike2.0_臺大資訊大樓,YouBike2.0_臺大鄭江樓北側,0.601,1.8,500101209.0,500119084.0
YouBike2.0_臺大資訊大樓,YouBike2.0_臺大電機二館東南側,0.533,1.6,500101209.0,500119085.0
YouBike2.0_臺大資訊大樓,YouBike2.0_臺大圖資系館北側,0.928,2.7,500101209.0,500119086.0
YouBike2.0_臺大資訊大樓,YouBike2.0_臺大總圖書館西南側,1.157,3.4,500101209.0,500119087.0
YouBike2.0_臺大資訊大樓,YouBike2.0_臺大黑森林西側,0.302,1.9,500101209.0,500119088.0
YouBike2.0_臺大資訊大樓,YouBike2.0_臺大獸醫館南側,0.632,1.9,500101209.0,500119089.0
YouBike2.0_臺大資訊大樓,YouBike2.0_臺大新體育館東南側,0.679,2.7,500101209.0,500119090.0
YouBike2.0_臺大資訊大樓,YouBike2.0_臺大明達館北側(員工宿舍),0.817,2.4,500101209.0,500119091.0
YouBike2.0_捷運公館站(1號出口),YouBike2.0_辛亥復興路口西北側,2.297,8.1,500106003.0,500101005.0
YouBike2.0_捷運公館站(1號出口),YouBike2.0_新生南路三段52號前,1.143,4.0,500106003.0,500101008.0
YouBike2.0_捷運公館站(1號出口),YouBike2.0_新生南路三段66號前,0.99,3.5,500106003.0,500101009.0
YouBike2.0_捷運公館站(1號出口),YouBike2.0_新生南路三段82號前,0.897,3.3,500106003.0,500101010.0
YouBike2.0_捷運公館站(1號出口),YouBike2.0_銘傳國小側門,0.187,2.3,500106003.0,500101021.0
YouBike2.0_捷運公館站(1號出口),YouBike2.0_捷運公館站(2號出口),0.446,1.8,500106003.0,500101022.0
YouBike2.0_捷運公館站(1號出口),YouBike2.0_第二學生活動中心,0.345,1.5,500106003.0,500101023.0
YouBike2.0_捷運公館站(1號出口),YouBike2.0_臺灣科技大學正門,1.161,4.0,500106003.0,500101024.0
YouBike2.0_捷運公館站(1號出口),YouBike2.0_臺灣科技大學側門,1.033,3.7,500106003.0,500101025.0
YouBike2.0_捷運公館站(1號出口),YouBike2.0_臺大男七舍前,1.493,6.6,500106003.0,500101031.0
YouBike2.0_捷運公館站(1號出口),YouBike2.0_臺大男一舍前,1.295,6.0,500106003.0,500101032.0
YouBike2.0_捷運公館站(1號出口),YouBike2.0_臺大男六舍前,1.265,5.8,500106003.0,500101033.0
YouBike2.0_捷運公館站(1號出口),YouBike2.0_臺大動物醫院前,1.358,4.7,500106003.0,500101034.0
YouBike2.0_捷運公館站(1號出口),YouBike2.0_臺大萬才館前,2.504,9.2,500106003.0,500101036.0
YouBike2.0_捷運公館站(1號出口),YouBike2.0_臺大國青大樓宿舍前,2.412,8.9,500106003.0,500101037.0
YouBike2.0_捷運公館站(1號出口),YouBike2.0_臺大社科院圖書館前,2.257,7.9,500106003.0,500101038.0
YouBike2.0_捷運公館站(1號出口),YouBike2.0_臺大法人語言訓練中心前,1.574,5.3,500106003.0,500101039.0
YouBike2.0_捷運公館站(1號出口),YouBike2.0_臺大綜合體育館停車場前,1.56,5.8,500106003.0,500101040.0
YouBike2.0_捷運公館站(1號出口),YouBike2.0_辛亥新生路口東南側,0.997,3.5,500106003.0,500101041.0
YouBike2.0_捷運公館站(1號出口),YouBike2.0_基隆長興路口東側,1.605,5.4,500106003.0,500101042.0
YouBike2.0_捷運公館站(1號出口),YouBike2.0_捷運公館站(3號出口),0.355,1.5,500106003.0,500101181.0
YouBike2.0_捷運公館站(1號出口),YouBike2.0_新生南路三段94巷口,0.728,2.8,500106003.0,500101184.0
YouBike2.0_捷運公館站(1號出口),YouBike2.0_基隆長興路口,1.18,5.1,500106003.0,500101193.0
YouBike2.0_捷運公館站(1號出口),YouBike2.0_臺大資訊大樓,2.125,7.5,500106003.0,500101209.0
YouBike2.0_捷運公館站(1號出口),YouBike2.0_捷運公館站(4號出口),0.081,0.2,500106003.0,500106004.0
YouBike2.0_捷運公館站(1號出口),YouBike2.0_臺大男八舍東側,1.702,5.7,500106003.0,500119043.0
YouBike2.0_捷運公館站(1號出口),YouBike2.0_臺大禮賢樓東南側,0.468,2.7,500106003.0,500119044.0
YouBike2.0_捷運公館站(1號出口),YouBike2.0_臺大農業陳列館北側,0.565,2.3,500106003.0,500119045.0
YouBike2.0_捷運公館站(1號出口),YouBike2.0_臺大管理學院二館北側,0.34,3.4,500106003.0,500119046.0
YouBike2.0_捷運公館站(1號出口),YouBike2.0_臺大土木系館,1.188,4.8,500106003.0,500119047.0
YouBike2.0_捷運公館站(1號出口),YouBike2.0_臺大大一女舍北側,0.342,2.3,500106003.0,500119048.0
YouBike2.0_捷運公館站(1號出口),YouBike2.0_臺大女九舍西南側,1.414,5.1,500106003.0,500119049.0
YouBike2.0_捷運公館站(1號出口),YouBike2.0_臺大小福樓東側,1.117,4.3,500106003.0,500119050.0
YouBike2.0_捷運公館站(1號出口),YouBike2.0_臺大立體機車停車場,0.975,4.1,500106003.0,500119051.0
YouBike2.0_捷運公館站(1號出口),YouBike2.0_臺大工綜館南側,1.415,5.1,500106003.0,500119052.0
YouBike2.0_捷運公館站(1號出口),YouBike2.0_臺大天文數學館南側,1.274,4.4,500106003.0,500119053.0
YouBike2.0_捷運公館站(1號出口),YouBike2.0_臺大心理系館南側,1.491,5.4,500106003.0,500119054.0
YouBike2.0_捷運公館站(1號出口),YouBike2.0_臺大樂學館東側,0.881,3.6,500106003.0,500119055.0
YouBike2.0_捷運公館站(1號出口),YouBike2.0_臺大農化新館西側,0.64,3.0,500106003.0,500119056.0
YouBike2.0_捷運公館站(1號出口),YouBike2.0_臺大五號館西側,0.947,3.8,500106003.0,500119057.0
YouBike2.0_捷運公館站(1號出口),YouBike2.0_臺大舊體育館西側,0.91,3.3,500106003.0,500119058.0
YouBike2.0_捷運公館站(1號出口),YouBike2.0_臺大共同教室東南側,0.448,2.6,500106003.0,500119060.0
YouBike2.0_捷運公館站(1號出口),YouBike2.0_臺大鹿鳴堂東側,0.442,2.6,500106003.0,500119061.0
YouBike2.0_捷運公館站(1號出口),YouBike2.0_臺大公館停車場西北側,0.815,4.1,500106003.0,500119062.0
YouBike2.0_捷運公館站(1號出口),YouBike2.0_臺大第二行政大樓南側,0.718,3.2,500106003.0,500119063.0
YouBike2.0_捷運公館站(1號出口),YouBike2.0_臺大明達館機車停車場,1.106,4.5,500106003.0,500119064.0
YouBike2.0_捷運公館站(1號出口),YouBike2.0_臺大二號館,0.764,3.3,500106003.0,500119065.0
YouBike2.0_捷運公館站(1號出口),YouBike2.0_臺大凝態館南側,1.174,4.0,500106003.0,500119066.0
YouBike2.0_捷運公館站(1號出口),YouBike2.0_臺大社科院西側,1.735,6.0,500106003.0,500119067.0
YouBike2.0_捷運公館站(1號出口),YouBike2.0_臺大社會系館南側,1.888,6.8,500106003.0,500119068.0
YouBike2.0_捷運公館站(1號出口),YouBike2.0_臺大思亮館東南側,1.538,5.5,500106003.0,500119069.0
YouBike2.0_捷運公館站(1號出口),YouBike2.0_臺大椰林小舖,0.735,3.3,500106003.0,500119070.0
YouBike2.0_捷運公館站(1號出口),YouBike2.0_臺大計資中心南側,1.553,5.6,500106003.0,500119071.0
YouBike2.0_捷運公館站(1號出口),YouBike2.0_臺大原分所北側,1.281,4.8,500106003.0,500119072.0
YouBike2.0_捷運公館站(1號出口),YouBike2.0_臺大生命科學館西北側,0.478,2.7,500106003.0,500119074.0
YouBike2.0_捷運公館站(1號出口),YouBike2.0_臺大第一活動中心西南側,1.248,4.7,500106003.0,500119075.0
YouBike2.0_捷運公館站(1號出口),YouBike2.0_臺大博理館西側,1.244,4.9,500106003.0,500119076.0
YouBike2.0_捷運公館站(1號出口),YouBike2.0_臺大博雅館西側,0.81,3.0,500106003.0,500119077.0
YouBike2.0_捷運公館站(1號出口),YouBike2.0_臺大森林館北側,0.688,3.3,500106003.0,500119078.0
YouBike2.0_捷運公館站(1號出口),YouBike2.0_臺大一號館,0.793,3.4,500106003.0,500119079.0
YouBike2.0_捷運公館站(1號出口),YouBike2.0_臺大小小福西南側,0.387,2.5,500106003.0,500119080.0
YouBike2.0_捷運公館站(1號出口),YouBike2.0_臺大教研館北側,0.671,3.3,500106003.0,500119081.0
YouBike2.0_捷運公館站(1號出口),YouBike2.0_臺大四號館東北側,0.972,3.9,500106003.0,500119082.0
YouBike2.0_捷運公館站(1號出口),YouBike2.0_臺大新生教室南側,1.327,4.9,500106003.0,500119083.0
YouBike2.0_捷運公館站(1號出口),YouBike2.0_臺大鄭江樓北側,1.144,4.6,500106003.0,500119084.0
YouBike2.0_捷運公館站(1號出口),YouBike2.0_臺大電機二館東南側,1.111,4.5,500106003.0,500119085.0
YouBike2.0_捷運公館站(1號出口),YouBike2.0_臺大圖資系館北側,1.217,4.6,500106003.0,500119086.0
YouBike2.0_捷運公館站(1號出口),YouBike2.0_臺大總圖書館西南側,0.74,3.4,500106003.0,500119087.0
YouBike2.0_捷運公館站(1號出口),YouBike2.0_臺大黑森林西側,1.309,6.3,500106003.0,500119088.0
YouBike2.0_捷運公館站(1號出口),YouBike2.0_臺大獸醫館南側,1.036,4.2,500106003.0,500119089.0
YouBike2.0_捷運公館站(1號出口),YouBike2.0_臺大新體育館東南側,1.099,3.8,500106003.0,500119090.0
YouBike2.0_捷運公館站(1號出口),YouBike2.0_臺大明達館北側(員工宿舍),1.178,4.7,500106003.0,500119091.0
YouBike2.0_捷運公館站(4號出口),YouBike2.0_辛亥復興路口西北側,2.216,7.9,500106004.0,500101005.0
YouBike2.0_捷運公館站(4號出口),YouBike2.0_新生南路三段52號前,1.062,3.8,500106004.0,500101008.0
YouBike2.0_捷運公館站(4號出口),YouBike2.0_新生南路三段66號前,0.909,3.3,500106004.0,500101009.0
YouBike2.0_捷運公館站(4號出口),YouBike2.0_新生南路三段82號前,0.816,3.0,500106004.0,500101010.0
YouBike2.0_捷運公館站(4號出口),YouBike2.0_銘傳國小側門,0.564,3.4,500106004.0,500101021.0
YouBike2.0_捷運公館站(4號出口),YouBike2.0_捷運公館站(2號出口),0.365,1.5,500106004.0,500101022.0
YouBike2.0_捷運公館站(4號出口),YouBike2.0_第二學生活動中心,0.721,2.6,500106004.0,500101023.0
YouBike2.0_捷運公館站(4號出口),YouBike2.0_臺灣科技大學正門,1.537,5.1,500106004.0,500101024.0
YouBike2.0_捷運公館站(4號出口),YouBike2.0_臺灣科技大學側門,1.409,4.8,500106004.0,500101025.0
YouBike2.0_捷運公館站(4號出口),YouBike2.0_臺大男七舍前,1.845,7.5,500106004.0,500101031.0
YouBike2.0_捷運公館站(4號出口),YouBike2.0_臺大男一舍前,1.647,6.8,500106004.0,500101032.0
YouBike2.0_捷運公館站(4號出口),YouBike2.0_臺大男六舍前,1.616,6.8,500106004.0,500101033.0
YouBike2.0_捷運公館站(4號出口),YouBike2.0_臺大動物醫院前,1.735,5.8,500106004.0,500101034.0
YouBike2.0_捷運公館站(4號出口),YouBike2.0_臺大萬才館前,2.422,9.0,500106004.0,500101036.0
YouBike2.0_捷運公館站(4號出口),YouBike2.0_臺大國青大樓宿舍前,2.331,8.7,500106004.0,500101037.0
YouBike2.0_捷運公館站(4號出口),YouBike2.0_臺大社科院圖書館前,2.176,7.7,500106004.0,500101038.0
YouBike2.0_捷運公館站(4號出口),YouBike2.0_臺大法人語言訓練中心前,1.493,5.1,500106004.0,500101039.0
YouBike2.0_捷運公館站(4號出口),YouBike2.0_臺大綜合體育館停車場前,1.478,5.6,500106004.0,500101040.0
YouBike2.0_捷運公館站(4號出口),YouBike2.0_辛亥新生路口東南側,0.916,3.3,500106004.0,500101041.0
YouBike2.0_捷運公館站(4號出口),YouBike2.0_基隆長興路口東側,1.982,6.5,500106004.0,500101042.0
YouBike2.0_捷運公館站(4號出口),YouBike2.0_捷運公館站(3號出口),0.274,1.2,500106004.0,500101181.0
YouBike2.0_捷運公館站(4號出口),YouBike2.0_新生南路三段94巷口,0.646,2.5,500106004.0,500101184.0
YouBike2.0_捷運公館站(4號出口),YouBike2.0_基隆長興路口,1.532,6.0,500106004.0,500101193.0
YouBike2.0_捷運公館站(4號出口),YouBike2.0_臺大資訊大樓,2.044,7.2,500106004.0,500101209.0
YouBike2.0_捷運公館站(4號出口),YouBike2.0_捷運公館站(1號出口),0.081,0.2,500106004.0,500106003.0
YouBike2.0_捷運公館站(4號出口),YouBike2.0_臺大男八舍東側,1.643,6.8,500106004.0,500119043.0
YouBike2.0_捷運公館站(4號出口),YouBike2.0_臺大禮賢樓東南側,0.82,3.6,500106004.0,500119044.0
YouBike2.0_捷運公館站(4號出口),YouBike2.0_臺大農業陳列館北側,0.483,2.0,500106004.0,500119045.0
YouBike2.0_捷運公館站(4號出口),YouBike2.0_臺大管理學院二館北側,0.717,4.5,500106004.0,500119046.0
YouBike2.0_捷運公館站(4號出口),YouBike2.0_臺大土木系館,1.107,4.6,500106004.0,500119047.0
YouBike2.0_捷運公館站(4號出口),YouBike2.0_臺大大一女舍北側,0.81,3.5,500106004.0,500119048.0
YouBike2.0_捷運公館站(4號出口),YouBike2.0_臺大女九舍西南側,1.333,4.9,500106004.0,500119049.0
YouBike2.0_捷運公館站(4號出口),YouBike2.0_臺大小福樓東側,1.035,4.1,500106004.0,500119050.0
YouBike2.0_捷運公館站(4號出口),YouBike2.0_臺大立體機車停車場,1.326,5.0,500106004.0,500119051.0
YouBike2.0_捷運公館站(4號出口),YouBike2.0_臺大工綜館南側,1.333,4.9,500106004.0,500119052.0
YouBike2.0_捷運公館站(4號出口),YouBike2.0_臺大天文數學館南側,1.193,4.1,500106004.0,500119053.0
YouBike2.0_捷運公館站(4號出口),YouBike2.0_臺大心理系館南側,1.41,5.2,500106004.0,500119054.0
YouBike2.0_捷運公館站(4號出口),YouBike2.0_臺大樂學館東側,0.8,3.4,500106004.0,500119055.0
YouBike2.0_捷運公館站(4號出口),YouBike2.0_臺大農化新館西側,0.559,2.7,500106004.0,500119056.0
YouBike2.0_捷運公館站(4號出口),YouBike2.0_臺大五號館西側,0.866,3.6,500106004.0,500119057.0
YouBike2.0_捷運公館站(4號出口),YouBike2.0_臺大舊體育館西側,0.829,3.0,500106004.0,500119058.0
YouBike2.0_捷運公館站(4號出口),YouBike2.0_臺大共同教室東南側,0.851,3.6,500106004.0,500119060.0
YouBike2.0_捷運公館站(4號出口),YouBike2.0_臺大鹿鳴堂東側,0.794,3.5,500106004.0,500119061.0
YouBike2.0_捷運公館站(4號出口),YouBike2.0_臺大公館停車場西北側,1.166,5.0,500106004.0,500119062.0
YouBike2.0_捷運公館站(4號出口),YouBike2.0_臺大第二行政大樓南側,0.636,3.0,500106004.0,500119063.0
YouBike2.0_捷運公館站(4號出口),YouBike2.0_臺大明達館機車停車場,1.457,5.3,500106004.0,500119064.0
YouBike2.0_捷運公館站(4號出口),YouBike2.0_臺大二號館,0.682,3.1,500106004.0,500119065.0
YouBike2.0_捷運公館站(4號出口),YouBike2.0_臺大凝態館南側,1.093,3.8,500106004.0,500119066.0
YouBike2.0_捷運公館站(4號出口),YouBike2.0_臺大社科院西側,1.653,5.8,500106004.0,500119067.0
YouBike2.0_捷運公館站(4號出口),YouBike2.0_臺大社會系館南側,1.807,6.6,500106004.0,500119068.0
YouBike2.0_捷運公館站(4號出口),YouBike2.0_臺大思亮館東南側,1.456,5.3,500106004.0,500119069.0
YouBike2.0_捷運公館站(4號出口),YouBike2.0_臺大椰林小舖,0.654,3.0,500106004.0,500119070.0
YouBike2.0_捷運公館站(4號出口),YouBike2.0_臺大計資中心南側,1.472,5.3,500106004.0,500119071.0
YouBike2.0_捷運公館站(4號出口),YouBike2.0_臺大原分所北側,1.199,4.6,500106004.0,500119072.0
YouBike2.0_捷運公館站(4號出口),YouBike2.0_臺大生命科學館西北側,0.829,3.6,500106004.0,500119074.0
YouBike2.0_捷運公館站(4號出口),YouBike2.0_臺大第一活動中心西南側,1.167,4.5,500106004.0,500119075.0
YouBike2.0_捷運公館站(4號出口),YouBike2.0_臺大博理館西側,1.596,5.8,500106004.0,500119076.0
YouBike2.0_捷運公館站(4號出口),YouBike2.0_臺大博雅館西側,0.728,2.8,500106004.0,500119077.0
YouBike2.0_捷運公館站(4號出口),YouBike2.0_臺大森林館北側,0.999,4.0,500106004.0,500119078.0
YouBike2.0_捷運公館站(4號出口),YouBike2.0_臺大一號館,0.712,3.1,500106004.0,500119079.0
YouBike2.0_捷運公館站(4號出口),YouBike2.0_臺大小小福西南側,0.762,3.4,500106004.0,500119080.0
YouBike2.0_捷運公館站(4號出口),YouBike2.0_臺大教研館北側,1.023,4.2,500106004.0,500119081.0
YouBike2.0_捷運公館站(4號出口),YouBike2.0_臺大四號館東北側,0.891,3.7,500106004.0,500119082.0
YouBike2.0_捷運公館站(4號出口),YouBike2.0_臺大新生教室南側,1.246,4.7,500106004.0,500119083.0
YouBike2.0_捷運公館站(4號出口),YouBike2.0_臺大鄭江樓北側,1.495,5.5,500106004.0,500119084.0
YouBike2.0_捷運公館站(4號出口),YouBike2.0_臺大電機二館東南側,1.462,5.4,500106004.0,500119085.0
YouBike2.0_捷運公館站(4號出口),YouBike2.0_臺大圖資系館北側,1.136,4.3,500106004.0,500119086.0
YouBike2.0_捷運公館站(4號出口),YouBike2.0_臺大總圖書館西南側,1.092,4.3,500106004.0,500119087.0
YouBike2.0_捷運公館站(4號出口),YouBike2.0_臺大黑森林西側,1.66,7.2,500106004.0,500119088.0
YouBike2.0_捷運公館站(4號出口),YouBike2.0_臺大獸醫館南側,1.387,5.1,500106004.0,500119089.0
YouBike2.0_捷運公館站(4號出口),YouBike2.0_臺大新體育館東南側,1.018,3.6,500106004.0,500119090.0
YouBike2.0_捷運公館站(4號出口),YouBike2.0_臺大明達館北側(員工宿舍),1.529,5.6,500106004.0,500119091.0
YouBike2.0_臺大男八舍東側,YouBike2.0_辛亥復興路口西北側,0.763,4.0,500119043.0,500101005.0
YouBike2.0_臺大男八舍東側,YouBike2.0_新生南路三段52號前,1.746,7.5,500119043.0,500101008.0
YouBike2.0_臺大男八舍東側,YouBike2.0_新生南路三段66號前,1.455,6.1,500119043.0,500101009.0
YouBike2.0_臺大男八舍東側,YouBike2.0_新生南路三段82號前,1.362,5.8,500119043.0,500101010.0
YouBike2.0_臺大男八舍東側,YouBike2.0_銘傳國小側門,1.44,6.4,500119043.0,500101021.0
YouBike2.0_臺大男八舍東側,YouBike2.0_捷運公館站(2號出口),1.277,5.1,500119043.0,500101022.0
YouBike2.0_臺大男八舍東側,YouBike2.0_第二學生活動中心,1.245,5.3,500119043.0,500101023.0
YouBike2.0_臺大男八舍東側,YouBike2.0_臺灣科技大學正門,0.722,3.6,500119043.0,500101024.0
YouBike2.0_臺大男八舍東側,YouBike2.0_臺灣科技大學側門,0.806,4.5,500119043.0,500101025.0
YouBike2.0_臺大男八舍東側,YouBike2.0_臺大男七舍前,0.371,1.1,500119043.0,500101031.0
YouBike2.0_臺大男八舍東側,YouBike2.0_臺大男一舍前,0.173,0.5,500119043.0,500101032.0
YouBike2.0_臺大男八舍東側,YouBike2.0_臺大男六舍前,0.142,0.4,500119043.0,500101033.0
YouBike2.0_臺大男八舍東側,YouBike2.0_臺大動物醫院前,0.336,2.2,500119043.0,500101034.0
YouBike2.0_臺大男八舍東側,YouBike2.0_臺大萬才館前,0.509,3.2,500119043.0,500101036.0
YouBike2.0_臺大男八舍東側,YouBike2.0_臺大國青大樓宿舍前,0.574,2.7,500119043.0,500101037.0
YouBike2.0_臺大男八舍東側,YouBike2.0_臺大社科院圖書館前,0.728,3.8,500119043.0,500101038.0
YouBike2.0_臺大男八舍東側,YouBike2.0_臺大法人語言訓練中心前,0.839,3.4,500119043.0,500101039.0
YouBike2.0_臺大男八舍東側,YouBike2.0_臺大綜合體育館停車場前,1.426,5.8,500119043.0,500101040.0
YouBike2.0_臺大男八舍東側,YouBike2.0_辛亥新生路口東南側,1.587,5.5,500119043.0,500101041.0
YouBike2.0_臺大男八舍東側,YouBike2.0_基隆長興路口東側,0.154,0.8,500119043.0,500101042.0
YouBike2.0_臺大男八舍東側,YouBike2.0_捷運公館站(3號出口),1.369,5.3,500119043.0,500101181.0
YouBike2.0_臺大男八舍東側,YouBike2.0_新生南路三段94巷口,1.741,6.5,500119043.0,500101184.0
YouBike2.0_臺大男八舍東側,YouBike2.0_基隆長興路口,0.132,1.6,500119043.0,500101193.0
YouBike2.0_臺大男八舍東側,YouBike2.0_臺大資訊大樓,0.86,4.2,500119043.0,500101209.0
YouBike2.0_臺大男八舍東側,YouBike2.0_捷運公館站(1號出口),1.586,6.2,500119043.0,500106003.0
YouBike2.0_臺大男八舍東側,YouBike2.0_捷運公館站(4號出口),1.667,6.4,500119043.0,500106004.0
YouBike2.0_臺大男八舍東側,YouBike2.0_臺大禮賢樓東南側,1.117,4.2,500119043.0,500119044.0
YouBike2.0_臺大男八舍東側,YouBike2.0_臺大農業陳列館北側,1.253,4.6,500119043.0,500119045.0
YouBike2.0_臺大男八舍東側,YouBike2.0_臺大管理學院二館北側,1.244,6.1,500119043.0,500119046.0
YouBike2.0_臺大男八舍東側,YouBike2.0_臺大土木系館,0.868,3.8,500119043.0,500119047.0
YouBike2.0_臺大男八舍東側,YouBike2.0_臺大大一女舍北側,1.271,4.7,500119043.0,500119048.0
YouBike2.0_臺大男八舍東側,YouBike2.0_臺大女九舍西南側,0.881,3.5,500119043.0,500119049.0
YouBike2.0_臺大男八舍東側,YouBike2.0_臺大小福樓東側,1.08,4.1,500119043.0,500119050.0
YouBike2.0_臺大男八舍東側,YouBike2.0_臺大立體機車停車場,0.41,2.4,500119043.0,500119051.0
YouBike2.0_臺大男八舍東側,YouBike2.0_臺大工綜館南側,0.581,2.6,500119043.0,500119052.0
YouBike2.0_臺大男八舍東側,YouBike2.0_臺大天文數學館南側,1.135,4.2,500119043.0,500119053.0
YouBike2.0_臺大男八舍東側,YouBike2.0_臺大心理系館南側,0.958,3.8,500119043.0,500119054.0
YouBike2.0_臺大男八舍東側,YouBike2.0_臺大樂學館東側,1.177,4.3,500119043.0,500119055.0
YouBike2.0_臺大男八舍東側,YouBike2.0_臺大農化新館西側,1.213,4.5,500119043.0,500119056.0
YouBike2.0_臺大男八舍東側,YouBike2.0_臺大五號館西側,1.094,4.1,500119043.0,500119057.0
YouBike2.0_臺大男八舍東側,YouBike2.0_臺大舊體育館西側,1.39,5.0,500119043.0,500119058.0
YouBike2.0_臺大男八舍東側,YouBike2.0_臺大共同教室東南側,0.872,3.5,500119043.0,500119060.0
YouBike2.0_臺大男八舍東側,YouBike2.0_臺大鹿鳴堂東側,0.971,3.8,500119043.0,500119061.0
YouBike2.0_臺大男八舍東側,YouBike2.0_臺大公館停車場西北側,1.019,4.7,500119043.0,500119062.0
YouBike2.0_臺大男八舍東側,YouBike2.0_臺大第二行政大樓南側,1.123,4.2,500119043.0,500119063.0
YouBike2.0_臺大男八舍東側,YouBike2.0_臺大明達館機車停車場,0.185,1.4,500119043.0,500119064.0
YouBike2.0_臺大男八舍東側,YouBike2.0_臺大二號館,1.2,4.4,500119043.0,500119065.0
YouBike2.0_臺大男八舍東側,YouBike2.0_臺大凝態館南側,1.333,4.8,500119043.0,500119066.0
YouBike2.0_臺大男八舍東側,YouBike2.0_臺大社科院西側,0.733,3.0,500119043.0,500119067.0
YouBike2.0_臺大男八舍東側,YouBike2.0_臺大社會系館南側,0.602,3.0,500119043.0,500119068.0
YouBike2.0_臺大男八舍東側,YouBike2.0_臺大思亮館東南側,1.061,4.0,500119043.0,500119069.0
YouBike2.0_臺大男八舍東側,YouBike2.0_臺大椰林小舖,1.096,4.2,500119043.0,500119070.0
YouBike2.0_臺大男八舍東側,YouBike2.0_臺大計資中心南側,1.007,3.9,500119043.0,500119071.0
YouBike2.0_臺大男八舍東側,YouBike2.0_臺大原分所北側,0.824,3.4,500119043.0,500119072.0
YouBike2.0_臺大男八舍東側,YouBike2.0_臺大生命科學館西北側,0.862,3.5,500119043.0,500119074.0
YouBike2.0_臺大男八舍東側,YouBike2.0_臺大第一活動中心西南側,0.729,3.1,500119043.0,500119075.0
YouBike2.0_臺大男八舍東側,YouBike2.0_臺大博理館西側,0.527,2.5,500119043.0,500119076.0
YouBike2.0_臺大男八舍東側,YouBike2.0_臺大博雅館西側,1.307,4.7,500119043.0,500119077.0
YouBike2.0_臺大男八舍東側,YouBike2.0_臺大森林館北側,0.956,3.7,500119043.0,500119078.0
YouBike2.0_臺大男八舍東側,YouBike2.0_臺大一號館,1.32,4.8,500119043.0,500119079.0
YouBike2.0_臺大男八舍東側,YouBike2.0_臺大小小福西南側,0.982,3.8,500119043.0,500119080.0
YouBike2.0_臺大男八舍東側,YouBike2.0_臺大教研館北側,0.849,3.8,500119043.0,500119081.0
YouBike2.0_臺大男八舍東側,YouBike2.0_臺大四號館東北側,0.99,3.8,500119043.0,500119082.0
YouBike2.0_臺大男八舍東側,YouBike2.0_臺大新生教室南側,0.915,3.6,500119043.0,500119083.0
YouBike2.0_臺大男八舍東側,YouBike2.0_臺大鄭江樓北側,0.33,1.9,500119043.0,500119084.0
YouBike2.0_臺大男八舍東側,YouBike2.0_臺大電機二館東南側,0.393,2.1,500119043.0,500119085.0
YouBike2.0_臺大男八舍東側,YouBike2.0_臺大圖資系館北側,0.854,3.4,500119043.0,500119086.0
YouBike2.0_臺大男八舍東側,YouBike2.0_臺大總圖書館西南側,0.654,2.9,500119043.0,500119087.0
YouBike2.0_臺大男八舍東側,YouBike2.0_臺大黑森林西側,0.495,3.6,500119043.0,500119088.0
YouBike2.0_臺大男八舍東側,YouBike2.0_臺大獸醫館南側,0.378,2.0,500119043.0,500119089.0
YouBike2.0_臺大男八舍東側,YouBike2.0_臺大新體育館東南側,1.32,4.8,500119043.0,500119090.0
YouBike2.0_臺大男八舍東側,YouBike2.0_臺大明達館北側(員工宿舍),0.364,2.0,500119043.0,500119091.0
YouBike2.0_臺大禮賢樓東南側,YouBike2.0_辛亥復興路口西北側,2.032,6.5,500119044.0,500101005.0
YouBike2.0_臺大禮賢樓東南側,YouBike2.0_新生南路三段52號前,1.489,4.8,500119044.0,500101008.0
YouBike2.0_臺大禮賢樓東南側,YouBike2.0_新生南路三段66號前,1.336,4.3,500119044.0,500101009.0
YouBike2.0_臺大禮賢樓東南側,YouBike2.0_新生南路三段82號前,1.242,4.1,500119044.0,500101010.0
YouBike2.0_臺大禮賢樓東南側,YouBike2.0_銘傳國小側門,0.482,3.9,500119044.0,500101021.0
YouBike2.0_臺大禮賢樓東南側,YouBike2.0_捷運公館站(2號出口),0.455,1.7,500119044.0,500101022.0
YouBike2.0_臺大禮賢樓東南側,YouBike2.0_第二學生活動中心,0.639,3.1,500119044.0,500101023.0
YouBike2.0_臺大禮賢樓東南側,YouBike2.0_臺灣科技大學正門,0.542,3.6,500119044.0,500101024.0
YouBike2.0_臺大禮賢樓東南側,YouBike2.0_臺灣科技大學側門,0.414,3.0,500119044.0,500101025.0
YouBike2.0_臺大禮賢樓東南側,YouBike2.0_臺大男七舍前,1.319,4.7,500119044.0,500101031.0
YouBike2.0_臺大禮賢樓東南側,YouBike2.0_臺大男一舍前,1.121,4.1,500119044.0,500101032.0
YouBike2.0_臺大禮賢樓東南側,YouBike2.0_臺大男六舍前,1.091,4.0,500119044.0,500101033.0
YouBike2.0_臺大禮賢樓東南側,YouBike2.0_臺大動物醫院前,1.211,3.9,500119044.0,500101034.0
YouBike2.0_臺大禮賢樓東南側,YouBike2.0_臺大萬才館前,1.748,6.2,500119044.0,500101036.0
YouBike2.0_臺大禮賢樓東南側,YouBike2.0_臺大國青大樓宿舍前,1.657,5.9,500119044.0,500101037.0
YouBike2.0_臺大禮賢樓東南側,YouBike2.0_臺大社科院圖書館前,1.502,4.8,500119044.0,500101038.0
YouBike2.0_臺大禮賢樓東南側,YouBike2.0_臺大法人語言訓練中心前,1.286,3.8,500119044.0,500101039.0
YouBike2.0_臺大禮賢樓東南側,YouBike2.0_臺大綜合體育館停車場前,1.294,4.2,500119044.0,500101040.0
YouBike2.0_臺大禮賢樓東南側,YouBike2.0_辛亥新生路口東南側,1.361,3.9,500119044.0,500101041.0
YouBike2.0_臺大禮賢樓東南側,YouBike2.0_基隆長興路口東側,1.028,4.1,500119044.0,500101042.0
YouBike2.0_臺大禮賢樓東南側,YouBike2.0_捷運公館站(3號出口),0.546,1.9,500119044.0,500101181.0
YouBike2.0_臺大禮賢樓東南側,YouBike2.0_新生南路三段94巷口,1.073,3.6,500119044.0,500101184.0
YouBike2.0_臺大禮賢樓東南側,YouBike2.0_基隆長興路口,1.007,3.3,500119044.0,500101193.0
YouBike2.0_臺大禮賢樓東南側,YouBike2.0_臺大資訊大樓,1.37,4.5,500119044.0,500101209.0
YouBike2.0_臺大禮賢樓東南側,YouBike2.0_捷運公館站(1號出口),0.468,3.0,500119044.0,500106003.0
YouBike2.0_臺大禮賢樓東南側,YouBike2.0_捷運公館站(4號出口),0.55,3.2,500119044.0,500106004.0
YouBike2.0_臺大禮賢樓東南側,YouBike2.0_臺大男八舍東側,1.117,4.1,500119044.0,500119043.0
YouBike2.0_臺大禮賢樓東南側,YouBike2.0_臺大農業陳列館北側,0.914,2.6,500119044.0,500119045.0
YouBike2.0_臺大禮賢樓東南側,YouBike2.0_臺大管理學院二館北側,0.158,2.0,500119044.0,500119046.0
YouBike2.0_臺大禮賢樓東南側,YouBike2.0_臺大土木系館,0.721,2.4,500119044.0,500119047.0
YouBike2.0_臺大禮賢樓東南側,YouBike2.0_臺大大一女舍北側,0.586,1.7,500119044.0,500119048.0
YouBike2.0_臺大禮賢樓東南側,YouBike2.0_臺大女九舍西南側,0.852,2.5,500119044.0,500119049.0
YouBike2.0_臺大禮賢樓東南側,YouBike2.0_臺大小福樓東側,0.65,1.8,500119044.0,500119050.0
YouBike2.0_臺大禮賢樓東南側,YouBike2.0_臺大立體機車停車場,0.801,2.2,500119044.0,500119051.0
YouBike2.0_臺大禮賢樓東南側,YouBike2.0_臺大工綜館南側,0.848,2.4,500119044.0,500119052.0
YouBike2.0_臺大禮賢樓東南側,YouBike2.0_臺大天文數學館南側,1.001,2.9,500119044.0,500119053.0
YouBike2.0_臺大禮賢樓東南側,YouBike2.0_臺大心理系館南側,0.929,2.7,500119044.0,500119054.0
YouBike2.0_臺大禮賢樓東南側,YouBike2.0_臺大樂學館東側,0.771,2.1,500119044.0,500119055.0
YouBike2.0_臺大禮賢樓東南側,YouBike2.0_臺大農化新館西側,0.55,1.5,500119044.0,500119056.0
YouBike2.0_臺大禮賢樓東南側,YouBike2.0_臺大五號館西側,0.497,1.4,500119044.0,500119057.0
YouBike2.0_臺大禮賢樓東南側,YouBike2.0_臺大舊體育館西側,0.96,2.8,500119044.0,500119058.0
YouBike2.0_臺大禮賢樓東南側,YouBike2.0_臺大共同教室東南側,0.279,0.8,500119044.0,500119060.0
YouBike2.0_臺大禮賢樓東南側,YouBike2.0_臺大鹿鳴堂東側,0.181,0.5,500119044.0,500119061.0
YouBike2.0_臺大禮賢樓東南側,YouBike2.0_臺大公館停車場西北側,0.37,1.5,500119044.0,500119062.0
YouBike2.0_臺大禮賢樓東南側,YouBike2.0_臺大第二行政大樓南側,0.423,1.2,500119044.0,500119063.0
YouBike2.0_臺大禮賢樓東南側,YouBike2.0_臺大明達館機車停車場,0.932,2.6,500119044.0,500119064.0
YouBike2.0_臺大禮賢樓東南側,YouBike2.0_臺大二號館,0.59,1.6,500119044.0,500119065.0
YouBike2.0_臺大禮賢樓東南側,YouBike2.0_臺大凝態館南側,1.107,3.2,500119044.0,500119066.0
YouBike2.0_臺大禮賢樓東南側,YouBike2.0_臺大社科院西側,1.172,3.3,500119044.0,500119067.0
YouBike2.0_臺大禮賢樓東南側,YouBike2.0_臺大社會系館南側,1.326,4.1,500119044.0,500119068.0
YouBike2.0_臺大禮賢樓東南側,YouBike2.0_臺大思亮館東南側,0.976,2.8,500119044.0,500119069.0
YouBike2.0_臺大禮賢樓東南側,YouBike2.0_臺大椰林小舖,0.428,1.2,500119044.0,500119070.0
YouBike2.0_臺大禮賢樓東南側,YouBike2.0_臺大計資中心南側,0.991,2.9,500119044.0,500119071.0
YouBike2.0_臺大禮賢樓東南側,YouBike2.0_臺大原分所北側,0.814,2.4,500119044.0,500119072.0
YouBike2.0_臺大禮賢樓東南側,YouBike2.0_臺大生命科學館西北側,0.235,0.7,500119044.0,500119074.0
YouBike2.0_臺大禮賢樓東南側,YouBike2.0_臺大第一活動中心西南側,0.681,2.0,500119044.0,500119075.0
YouBike2.0_臺大禮賢樓東南側,YouBike2.0_臺大博理館西側,1.071,3.0,500119044.0,500119076.0
YouBike2.0_臺大禮賢樓東南側,YouBike2.0_臺大博雅館西側,0.878,2.5,500119044.0,500119077.0
YouBike2.0_臺大禮賢樓東南側,YouBike2.0_臺大森林館北側,0.519,1.5,500119044.0,500119078.0
YouBike2.0_臺大禮賢樓東南側,YouBike2.0_臺大一號館,0.709,2.0,500119044.0,500119079.0
YouBike2.0_臺大禮賢樓東南側,YouBike2.0_臺大小小福西南側,0.329,1.0,500119044.0,500119080.0
YouBike2.0_臺大禮賢樓東南側,YouBike2.0_臺大教研館北側,0.226,0.6,500119044.0,500119081.0
YouBike2.0_臺大禮賢樓東南側,YouBike2.0_臺大四號館東北側,0.469,1.3,500119044.0,500119082.0
YouBike2.0_臺大禮賢樓東南側,YouBike2.0_臺大新生教室南側,0.86,2.5,500119044.0,500119083.0
YouBike2.0_臺大禮賢樓東南側,YouBike2.0_臺大鄭江樓北側,0.97,2.7,500119044.0,500119084.0
YouBike2.0_臺大禮賢樓東南側,YouBike2.0_臺大電機二館東南側,0.937,2.6,500119044.0,500119085.0
YouBike2.0_臺大禮賢樓東南側,YouBike2.0_臺大圖資系館北側,0.655,1.9,500119044.0,500119086.0
YouBike2.0_臺大禮賢樓東南側,YouBike2.0_臺大總圖書館西南側,0.674,1.9,500119044.0,500119087.0
YouBike2.0_臺大禮賢樓東南側,YouBike2.0_臺大黑森林西側,1.135,4.4,500119044.0,500119088.0
YouBike2.0_臺大禮賢樓東南側,YouBike2.0_臺大獸醫館南側,1.035,2.9,500119044.0,500119089.0
YouBike2.0_臺大禮賢樓東南側,YouBike2.0_臺大新體育館東南側,1.09,3.1,500119044.0,500119090.0
YouBike2.0_臺大禮賢樓東南側,YouBike2.0_臺大明達館北側(員工宿舍),1.004,2.8,500119044.0,500119091.0
YouBike2.0_臺大農業陳列館北側,YouBike2.0_辛亥復興路口西北側,1.401,4.6,500119045.0,500101005.0
YouBike2.0_臺大農業陳列館北側,YouBike2.0_新生南路三段52號前,0.355,1.9,500119045.0,500101008.0
YouBike2.0_臺大農業陳列館北側,YouBike2.0_新生南路三段66號前,0.202,1.5,500119045.0,500101009.0
YouBike2.0_臺大農業陳列館北側,YouBike2.0_新生南路三段82號前,0.108,1.2,500119045.0,500101010.0
YouBike2.0_臺大農業陳列館北側,YouBike2.0_銘傳國小側門,0.954,5.3,500119045.0,500101021.0
YouBike2.0_臺大農業陳列館北側,YouBike2.0_捷運公館站(2號出口),0.927,3.1,500119045.0,500101022.0
YouBike2.0_臺大農業陳列館北側,YouBike2.0_第二學生活動中心,1.112,4.5,500119045.0,500101023.0
YouBike2.0_臺大農業陳列館北側,YouBike2.0_臺灣科技大學正門,1.353,5.0,500119045.0,500101024.0
YouBike2.0_臺大農業陳列館北側,YouBike2.0_臺灣科技大學側門,1.173,5.2,500119045.0,500101025.0
YouBike2.0_臺大農業陳列館北側,YouBike2.0_臺大男七舍前,1.634,5.8,500119045.0,500101031.0
YouBike2.0_臺大農業陳列館北側,YouBike2.0_臺大男一舍前,1.436,5.2,500119045.0,500101032.0
YouBike2.0_臺大農業陳列館北側,YouBike2.0_臺大男六舍前,1.405,5.0,500119045.0,500101033.0
YouBike2.0_臺大農業陳列館北側,YouBike2.0_臺大動物醫院前,1.525,4.9,500119045.0,500101034.0
YouBike2.0_臺大農業陳列館北側,YouBike2.0_臺大萬才館前,1.472,5.4,500119045.0,500101036.0
YouBike2.0_臺大農業陳列館北側,YouBike2.0_臺大國青大樓宿舍前,1.381,5.2,500119045.0,500101037.0
YouBike2.0_臺大農業陳列館北側,YouBike2.0_臺大社科院圖書館前,1.226,4.1,500119045.0,500101038.0
YouBike2.0_臺大農業陳列館北側,YouBike2.0_臺大法人語言訓練中心前,1.01,3.0,500119045.0,500101039.0
YouBike2.0_臺大農業陳列館北側,YouBike2.0_臺大綜合體育館停車場前,0.664,2.4,500119045.0,500101040.0
YouBike2.0_臺大農業陳列館北側,YouBike2.0_辛亥新生路口東南側,0.722,2.1,500119045.0,500101041.0
YouBike2.0_臺大農業陳列館北側,YouBike2.0_基隆長興路口東側,1.342,5.2,500119045.0,500101042.0
YouBike2.0_臺大農業陳列館北側,YouBike2.0_捷運公館站(3號出口),0.815,3.6,500119045.0,500101181.0
YouBike2.0_臺大農業陳列館北側,YouBike2.0_新生南路三段94巷口,0.257,2.5,500119045.0,500101184.0
YouBike2.0_臺大農業陳列館北側,YouBike2.0_基隆長興路口,1.321,4.3,500119045.0,500101193.0
YouBike2.0_臺大農業陳列館北側,YouBike2.0_臺大資訊大樓,1.094,3.7,500119045.0,500101209.0
YouBike2.0_臺大農業陳列館北側,YouBike2.0_捷運公館站(1號出口),0.941,4.4,500119045.0,500106003.0
YouBike2.0_臺大農業陳列館北側,YouBike2.0_捷運公館站(4號出口),0.579,3.5,500119045.0,500106004.0
YouBike2.0_臺大農業陳列館北側,YouBike2.0_臺大男八舍東側,1.432,5.1,500119045.0,500119043.0
YouBike2.0_臺大農業陳列館北側,YouBike2.0_臺大禮賢樓東南側,0.937,2.7,500119045.0,500119044.0
YouBike2.0_臺大農業陳列館北側,YouBike2.0_臺大管理學院二館北側,1.063,4.6,500119045.0,500119046.0
YouBike2.0_臺大農業陳列館北側,YouBike2.0_臺大土木系館,0.656,2.3,500119045.0,500119047.0
YouBike2.0_臺大農業陳列館北側,YouBike2.0_臺大大一女舍北側,0.658,2.0,500119045.0,500119048.0
YouBike2.0_臺大農業陳列館北側,YouBike2.0_臺大女九舍西南側,0.669,2.0,500119045.0,500119049.0
YouBike2.0_臺大農業陳列館北側,YouBike2.0_臺大小福樓東側,0.373,1.1,500119045.0,500119050.0
YouBike2.0_臺大農業陳列館北側,YouBike2.0_臺大立體機車停車場,1.115,3.2,500119045.0,500119051.0
YouBike2.0_臺大農業陳列館北側,YouBike2.0_臺大工綜館南側,0.672,2.0,500119045.0,500119052.0
YouBike2.0_臺大農業陳列館北側,YouBike2.0_臺大天文數學館南側,0.71,2.1,500119045.0,500119053.0
YouBike2.0_臺大農業陳列館北側,YouBike2.0_臺大心理系館南側,0.869,2.6,500119045.0,500119054.0
YouBike2.0_臺大農業陳列館北側,YouBike2.0_臺大樂學館東側,0.236,0.7,500119045.0,500119055.0
YouBike2.0_臺大農業陳列館北側,YouBike2.0_臺大農化新館西側,0.358,1.1,500119045.0,500119056.0
YouBike2.0_臺大農業陳列館北側,YouBike2.0_臺大五號館西側,0.506,1.4,500119045.0,500119057.0
YouBike2.0_臺大農業陳列館北側,YouBike2.0_臺大舊體育館西側,0.345,1.0,500119045.0,500119058.0
YouBike2.0_臺大農業陳列館北側,YouBike2.0_臺大共同教室東南側,0.724,2.2,500119045.0,500119060.0
YouBike2.0_臺大農業陳列館北側,YouBike2.0_臺大鹿鳴堂東側,0.756,2.2,500119045.0,500119061.0
YouBike2.0_臺大農業陳列館北側,YouBike2.0_臺大公館停車場西北側,1.129,3.7,500119045.0,500119062.0
YouBike2.0_臺大農業陳列館北側,YouBike2.0_臺大第二行政大樓南側,0.527,1.5,500119045.0,500119063.0
YouBike2.0_臺大農業陳列館北側,YouBike2.0_臺大明達館機車停車場,1.246,3.6,500119045.0,500119064.0
YouBike2.0_臺大農業陳列館北側,YouBike2.0_臺大二號館,0.325,1.0,500119045.0,500119065.0
YouBike2.0_臺大農業陳列館北側,YouBike2.0_臺大凝態館南側,0.59,1.7,500119045.0,500119066.0
YouBike2.0_臺大農業陳列館北側,YouBike2.0_臺大社科院西側,1.128,3.4,500119045.0,500119067.0
YouBike2.0_臺大農業陳列館北側,YouBike2.0_臺大社會系館南側,1.269,4.2,500119045.0,500119068.0
YouBike2.0_臺大農業陳列館北側,YouBike2.0_臺大思亮館東南側,0.787,2.4,500119045.0,500119069.0
YouBike2.0_臺大農業陳列館北側,YouBike2.0_臺大椰林小舖,0.502,1.5,500119045.0,500119070.0
YouBike2.0_臺大農業陳列館北側,YouBike2.0_臺大計資中心南側,0.808,2.4,500119045.0,500119071.0
YouBike2.0_臺大農業陳列館北側,YouBike2.0_臺大原分所北側,0.53,1.6,500119045.0,500119072.0
YouBike2.0_臺大農業陳列館北側,YouBike2.0_臺大生命科學館西北側,0.742,2.2,500119045.0,500119074.0
YouBike2.0_臺大農業陳列館北側,YouBike2.0_臺大第一活動中心西南側,0.716,2.1,500119045.0,500119075.0
YouBike2.0_臺大農業陳列館北側,YouBike2.0_臺大博理館西側,1.324,4.0,500119045.0,500119076.0
YouBike2.0_臺大農業陳列館北側,YouBike2.0_臺大博雅館西側,0.245,0.7,500119045.0,500119077.0
YouBike2.0_臺大農業陳列館北側,YouBike2.0_臺大森林館北側,0.637,1.9,500119045.0,500119078.0
YouBike2.0_臺大農業陳列館北側,YouBike2.0_臺大一號館,0.234,0.7,500119045.0,500119079.0
YouBike2.0_臺大農業陳列館北側,YouBike2.0_臺大小小福西南側,0.639,1.9,500119045.0,500119080.0
YouBike2.0_臺大農業陳列館北側,YouBike2.0_臺大教研館北側,0.985,2.9,500119045.0,500119081.0
YouBike2.0_臺大農業陳列館北側,YouBike2.0_臺大四號館東北側,0.53,1.6,500119045.0,500119082.0
YouBike2.0_臺大農業陳列館北側,YouBike2.0_臺大新生教室南側,0.588,1.7,500119045.0,500119083.0
YouBike2.0_臺大農業陳列館北側,YouBike2.0_臺大鄭江樓北側,0.924,2.7,500119045.0,500119084.0
YouBike2.0_臺大農業陳列館北側,YouBike2.0_臺大電機二館東南側,0.873,2.6,500119045.0,500119085.0
YouBike2.0_臺大農業陳列館北側,YouBike2.0_臺大圖資系館北側,0.685,2.0,500119045.0,500119086.0
YouBike2.0_臺大農業陳列館北側,YouBike2.0_臺大總圖書館西南側,0.806,2.4,500119045.0,500119087.0
YouBike2.0_臺大農業陳列館北側,YouBike2.0_臺大黑森林西側,1.465,5.4,500119045.0,500119088.0
YouBike2.0_臺大農業陳列館北側,YouBike2.0_臺大獸醫館南側,1.07,3.1,500119045.0,500119089.0
YouBike2.0_臺大農業陳列館北側,YouBike2.0_臺大新體育館東南側,0.497,1.4,500119045.0,500119090.0
YouBike2.0_臺大農業陳列館北側,YouBike2.0_臺大明達館北側(員工宿舍),1.318,3.9,500119045.0,500119091.0
YouBike2.0_臺大管理學院二館北側,YouBike2.0_辛亥復興路口西北側,2.158,8.3,500119046.0,500101005.0
YouBike2.0_臺大管理學院二館北側,YouBike2.0_新生南路三段52號前,1.615,6.7,500119046.0,500101008.0
YouBike2.0_臺大管理學院二館北側,YouBike2.0_新生南路三段66號前,1.462,6.2,500119046.0,500101009.0
YouBike2.0_臺大管理學院二館北側,YouBike2.0_新生南路三段82號前,1.368,5.9,500119046.0,500101010.0
YouBike2.0_臺大管理學院二館北側,YouBike2.0_銘傳國小側門,0.191,2.8,500119046.0,500101021.0
YouBike2.0_臺大管理學院二館北側,YouBike2.0_捷運公館站(2號出口),0.351,2.6,500119046.0,500101022.0
YouBike2.0_臺大管理學院二館北側,YouBike2.0_第二學生活動中心,0.166,3.0,500119046.0,500101023.0
YouBike2.0_臺大管理學院二館北側,YouBike2.0_臺灣科技大學正門,0.7,5.6,500119046.0,500101024.0
YouBike2.0_臺大管理學院二館北側,YouBike2.0_臺灣科技大學側門,0.572,5.0,500119046.0,500101025.0
YouBike2.0_臺大管理學院二館北側,YouBike2.0_臺大男七舍前,1.446,6.6,500119046.0,500101031.0
YouBike2.0_臺大管理學院二館北側,YouBike2.0_臺大男一舍前,1.248,6.0,500119046.0,500101032.0
YouBike2.0_臺大管理學院二館北側,YouBike2.0_臺大男六舍前,1.217,5.9,500119046.0,500101033.0
YouBike2.0_臺大管理學院二館北側,YouBike2.0_臺大動物醫院前,1.337,5.8,500119046.0,500101034.0
YouBike2.0_臺大管理學院二館北側,YouBike2.0_臺大萬才館前,1.874,8.1,500119046.0,500101036.0
YouBike2.0_臺大管理學院二館北側,YouBike2.0_臺大國青大樓宿舍前,1.783,7.8,500119046.0,500101037.0
YouBike2.0_臺大管理學院二館北側,YouBike2.0_臺大社科院圖書館前,1.628,6.7,500119046.0,500101038.0
YouBike2.0_臺大管理學院二館北側,YouBike2.0_臺大法人語言訓練中心前,1.412,5.7,500119046.0,500101039.0
YouBike2.0_臺大管理學院二館北側,YouBike2.0_臺大綜合體育館停車場前,1.421,6.0,500119046.0,500101040.0
YouBike2.0_臺大管理學院二館北側,YouBike2.0_辛亥新生路口東南側,1.487,5.8,500119046.0,500101041.0
YouBike2.0_臺大管理學院二館北側,YouBike2.0_基隆長興路口東側,1.155,6.0,500119046.0,500101042.0
YouBike2.0_臺大管理學院二館北側,YouBike2.0_捷運公館站(3號出口),0.443,2.9,500119046.0,500101181.0
YouBike2.0_臺大管理學院二館北側,YouBike2.0_新生南路三段94巷口,1.199,5.4,500119046.0,500101184.0
YouBike2.0_臺大管理學院二館北側,YouBike2.0_基隆長興路口,1.133,5.1,500119046.0,500101193.0
YouBike2.0_臺大管理學院二館北側,YouBike2.0_臺大資訊大樓,1.496,6.3,500119046.0,500101209.0
YouBike2.0_臺大管理學院二館北側,YouBike2.0_捷運公館站(1號出口),0.34,3.0,500119046.0,500106003.0
YouBike2.0_臺大管理學院二館北側,YouBike2.0_捷運公館站(4號出口),0.421,3.2,500119046.0,500106004.0
YouBike2.0_臺大管理學院二館北側,YouBike2.0_臺大男八舍東側,1.244,6.0,500119046.0,500119043.0
YouBike2.0_臺大管理學院二館北側,YouBike2.0_臺大禮賢樓東南側,0.158,1.9,500119046.0,500119044.0
YouBike2.0_臺大管理學院二館北側,YouBike2.0_臺大農業陳列館北側,1.041,4.5,500119046.0,500119045.0
YouBike2.0_臺大管理學院二館北側,YouBike2.0_臺大土木系館,0.847,4.2,500119046.0,500119047.0
YouBike2.0_臺大管理學院二館北側,YouBike2.0_臺大大一女舍北側,0.713,3.5,500119046.0,500119048.0
YouBike2.0_臺大管理學院二館北側,YouBike2.0_臺大女九舍西南側,0.979,4.3,500119046.0,500119049.0
YouBike2.0_臺大管理學院二館北側,YouBike2.0_臺大小福樓東側,0.776,3.7,500119046.0,500119050.0
YouBike2.0_臺大管理學院二館北側,YouBike2.0_臺大立體機車停車場,0.928,4.1,500119046.0,500119051.0
YouBike2.0_臺大管理學院二館北側,YouBike2.0_臺大工綜館南側,0.974,4.3,500119046.0,500119052.0
YouBike2.0_臺大管理學院二館北側,YouBike2.0_臺大天文數學館南側,1.127,4.8,500119046.0,500119053.0
YouBike2.0_臺大管理學院二館北側,YouBike2.0_臺大心理系館南側,1.056,4.6,500119046.0,500119054.0
YouBike2.0_臺大管理學院二館北側,YouBike2.0_臺大樂學館東側,0.897,4.0,500119046.0,500119055.0
YouBike2.0_臺大管理學院二館北側,YouBike2.0_臺大農化新館西側,0.677,3.4,500119046.0,500119056.0
YouBike2.0_臺大管理學院二館北側,YouBike2.0_臺大五號館西側,0.623,3.3,500119046.0,500119057.0
YouBike2.0_臺大管理學院二館北側,YouBike2.0_臺大舊體育館西側,1.086,4.6,500119046.0,500119058.0
YouBike2.0_臺大管理學院二館北側,YouBike2.0_臺大共同教室東南側,0.405,2.7,500119046.0,500119060.0
YouBike2.0_臺大管理學院二館北側,YouBike2.0_臺大鹿鳴堂東側,0.307,2.4,500119046.0,500119061.0
YouBike2.0_臺大管理學院二館北側,YouBike2.0_臺大公館停車場西北側,0.183,2.8,500119046.0,500119062.0
YouBike2.0_臺大管理學院二館北側,YouBike2.0_臺大第二行政大樓南側,0.549,3.1,500119046.0,500119063.0
YouBike2.0_臺大管理學院二館北側,YouBike2.0_臺大明達館機車停車場,1.059,4.5,500119046.0,500119064.0
YouBike2.0_臺大管理學院二館北側,YouBike2.0_臺大二號館,0.716,3.5,500119046.0,500119065.0
YouBike2.0_臺大管理學院二館北側,YouBike2.0_臺大凝態館南側,1.233,5.0,500119046.0,500119066.0
YouBike2.0_臺大管理學院二館北側,YouBike2.0_臺大社科院西側,1.299,5.2,500119046.0,500119067.0
YouBike2.0_臺大管理學院二館北側,YouBike2.0_臺大社會系館南側,1.452,6.0,500119046.0,500119068.0
YouBike2.0_臺大管理學院二館北側,YouBike2.0_臺大思亮館東南側,1.102,4.7,500119046.0,500119069.0
YouBike2.0_臺大管理學院二館北側,YouBike2.0_臺大椰林小舖,0.554,3.1,500119046.0,500119070.0
YouBike2.0_臺大管理學院二館北側,YouBike2.0_臺大計資中心南側,1.117,4.8,500119046.0,500119071.0
YouBike2.0_臺大管理學院二館北側,YouBike2.0_臺大原分所北側,0.94,4.2,500119046.0,500119072.0
YouBike2.0_臺大管理學院二館北側,YouBike2.0_臺大生命科學館西北側,0.361,2.5,500119046.0,500119074.0
YouBike2.0_臺大管理學院二館北側,YouBike2.0_臺大第一活動中心西南側,0.807,3.9,500119046.0,500119075.0
YouBike2.0_臺大管理學院二館北側,YouBike2.0_臺大博理館西側,1.197,4.9,500119046.0,500119076.0
YouBike2.0_臺大管理學院二館北側,YouBike2.0_臺大博雅館西側,1.004,4.4,500119046.0,500119077.0
YouBike2.0_臺大管理學院二館北側,YouBike2.0_臺大森林館北側,0.645,3.4,500119046.0,500119078.0
YouBike2.0_臺大管理學院二館北側,YouBike2.0_臺大一號館,0.836,3.9,500119046.0,500119079.0
YouBike2.0_臺大管理學院二館北側,YouBike2.0_臺大小小福西南側,0.455,2.9,500119046.0,500119080.0
YouBike2.0_臺大管理學院二館北側,YouBike2.0_臺大教研館北側,0.384,2.6,500119046.0,500119081.0
YouBike2.0_臺大管理學院二館北側,YouBike2.0_臺大四號館東北側,0.595,3.2,500119046.0,500119082.0
YouBike2.0_臺大管理學院二館北側,YouBike2.0_臺大新生教室南側,0.987,4.3,500119046.0,500119083.0
YouBike2.0_臺大管理學院二館北側,YouBike2.0_臺大鄭江樓北側,1.096,4.6,500119046.0,500119084.0
YouBike2.0_臺大管理學院二館北側,YouBike2.0_臺大電機二館東南側,1.063,4.5,500119046.0,500119085.0
YouBike2.0_臺大管理學院二館北側,YouBike2.0_臺大圖資系館北側,0.781,3.8,500119046.0,500119086.0
YouBike2.0_臺大管理學院二館北側,YouBike2.0_臺大總圖書館西南側,0.8,3.8,500119046.0,500119087.0
YouBike2.0_臺大管理學院二館北側,YouBike2.0_臺大黑森林西側,1.261,6.3,500119046.0,500119088.0
YouBike2.0_臺大管理學院二館北側,YouBike2.0_臺大獸醫館南側,1.161,4.8,500119046.0,500119089.0
YouBike2.0_臺大管理學院二館北側,YouBike2.0_臺大新體育館東南側,1.216,5.0,500119046.0,500119090.0
YouBike2.0_臺大管理學院二館北側,YouBike2.0_臺大明達館北側(員工宿舍),1.13,4.7,500119046.0,500119091.0
YouBike2.0_臺大土木系館,YouBike2.0_辛亥復興路口西北側,0.93,3.9,500119047.0,500101005.0
YouBike2.0_臺大土木系館,YouBike2.0_新生南路三段52號前,0.933,3.9,500119047.0,500101008.0
YouBike2.0_臺大土木系館,YouBike2.0_新生南路三段66號前,0.78,3.5,500119047.0,500101009.0
YouBike2.0_臺大土木系館,YouBike2.0_新生南路三段82號前,0.686,3.2,500119047.0,500101010.0
YouBike2.0_臺大土木系館,YouBike2.0_銘傳國小側門,0.732,5.0,500119047.0,500101021.0
YouBike2.0_臺大土木系館,YouBike2.0_捷運公館站(2號出口),0.705,2.8,500119047.0,500101022.0
YouBike2.0_臺大土木系館,YouBike2.0_第二學生活動中心,0.89,4.2,500119047.0,500101023.0
YouBike2.0_臺大土木系館,YouBike2.0_臺灣科技大學正門,0.79,3.6,500119047.0,500101024.0
YouBike2.0_臺大土木系館,YouBike2.0_臺灣科技大學側門,0.766,4.5,500119047.0,500101025.0
YouBike2.0_臺大土木系館,YouBike2.0_臺大男七舍前,1.07,4.4,500119047.0,500101031.0
YouBike2.0_臺大土木系館,YouBike2.0_臺大男一舍前,0.872,3.8,500119047.0,500101032.0
YouBike2.0_臺大土木系館,YouBike2.0_臺大男六舍前,0.842,3.7,500119047.0,500101033.0
YouBike2.0_臺大土木系館,YouBike2.0_臺大動物醫院前,0.961,3.5,500119047.0,500101034.0
YouBike2.0_臺大土木系館,YouBike2.0_臺大萬才館前,1.087,4.4,500119047.0,500101036.0
YouBike2.0_臺大土木系館,YouBike2.0_臺大國青大樓宿舍前,0.995,4.1,500119047.0,500101037.0
YouBike2.0_臺大土木系館,YouBike2.0_臺大社科院圖書館前,0.84,3.1,500119047.0,500101038.0
YouBike2.0_臺大土木系館,YouBike2.0_臺大法人語言訓練中心前,0.664,2.2,500119047.0,500101039.0
YouBike2.0_臺大土木系館,YouBike2.0_臺大綜合體育館停車場前,0.87,3.3,500119047.0,500101040.0
YouBike2.0_臺大土木系館,YouBike2.0_辛亥新生路口東南側,0.937,3.0,500119047.0,500101041.0
YouBike2.0_臺大土木系館,YouBike2.0_基隆長興路口東側,0.779,3.8,500119047.0,500101042.0
YouBike2.0_臺大土木系館,YouBike2.0_捷運公館站(3號出口),0.797,3.1,500119047.0,500101181.0
YouBike2.0_臺大土木系館,YouBike2.0_新生南路三段94巷口,1.042,3.8,500119047.0,500101184.0
YouBike2.0_臺大土木系館,YouBike2.0_基隆長興路口,0.757,2.9,500119047.0,500101193.0
YouBike2.0_臺大土木系館,YouBike2.0_臺大資訊大樓,0.708,2.7,500119047.0,500101209.0
YouBike2.0_臺大土木系館,YouBike2.0_捷運公館站(1號出口),0.719,4.1,500119047.0,500106003.0
YouBike2.0_臺大土木系館,YouBike2.0_捷運公館站(4號出口),0.8,4.3,500119047.0,500106004.0
YouBike2.0_臺大土木系館,YouBike2.0_臺大男八舍東側,0.868,3.8,500119047.0,500119043.0
YouBike2.0_臺大土木系館,YouBike2.0_臺大禮賢樓東南側,0.549,2.0,500119047.0,500119044.0
YouBike2.0_臺大土木系館,YouBike2.0_臺大農業陳列館北側,0.578,2.0,500119047.0,500119045.0
YouBike2.0_臺大土木系館,YouBike2.0_臺大管理學院二館北側,0.676,3.8,500119047.0,500119046.0
YouBike2.0_臺大土木系館,YouBike2.0_臺大大一女舍北側,0.648,2.2,500119047.0,500119048.0
YouBike2.0_臺大土木系館,YouBike2.0_臺大女九舍西南側,0.318,1.2,500119047.0,500119049.0
YouBike2.0_臺大土木系館,YouBike2.0_臺大小福樓東側,0.226,1.0,500119047.0,500119050.0
YouBike2.0_臺大土木系館,YouBike2.0_臺大立體機車停車場,0.552,1.9,500119047.0,500119051.0
YouBike2.0_臺大土木系館,YouBike2.0_臺大工綜館南側,0.319,1.2,500119047.0,500119052.0
YouBike2.0_臺大土木系館,YouBike2.0_臺大天文數學館南側,0.572,2.0,500119047.0,500119053.0
YouBike2.0_臺大土木系館,YouBike2.0_臺大心理系館南側,0.396,1.5,500119047.0,500119054.0
YouBike2.0_臺大土木系館,YouBike2.0_臺大樂學館東側,0.369,1.4,500119047.0,500119055.0
YouBike2.0_臺大土木系館,YouBike2.0_臺大農化新館西側,0.52,1.8,500119047.0,500119056.0
YouBike2.0_臺大土木系館,YouBike2.0_臺大五號館西側,0.24,1.0,500119047.0,500119057.0
YouBike2.0_臺大土木系館,YouBike2.0_臺大舊體育館西側,0.536,1.9,500119047.0,500119058.0
YouBike2.0_臺大土木系館,YouBike2.0_臺大共同教室東南側,0.27,1.1,500119047.0,500119060.0
YouBike2.0_臺大土木系館,YouBike2.0_臺大鹿鳴堂東側,0.368,1.4,500119047.0,500119061.0
YouBike2.0_臺大土木系館,YouBike2.0_臺大公館停車場西北側,0.722,2.9,500119047.0,500119062.0
YouBike2.0_臺大土木系館,YouBike2.0_臺大第二行政大樓南側,0.392,1.5,500119047.0,500119063.0
YouBike2.0_臺大土木系館,YouBike2.0_臺大明達館機車停車場,0.683,2.3,500119047.0,500119064.0
YouBike2.0_臺大土木系館,YouBike2.0_臺大二號館,0.347,1.3,500119047.0,500119065.0
YouBike2.0_臺大土木系館,YouBike2.0_臺大凝態館南側,0.683,2.3,500119047.0,500119066.0
YouBike2.0_臺大土木系館,YouBike2.0_臺大社科院西側,0.639,2.0,500119047.0,500119067.0
YouBike2.0_臺大土木系館,YouBike2.0_臺大社會系館南側,0.792,2.9,500119047.0,500119068.0
YouBike2.0_臺大土木系館,YouBike2.0_臺大思亮館東南側,0.442,1.6,500119047.0,500119069.0
YouBike2.0_臺大土木系館,YouBike2.0_臺大椰林小舖,0.49,1.8,500119047.0,500119070.0
YouBike2.0_臺大土木系館,YouBike2.0_臺大計資中心南側,0.457,1.6,500119047.0,500119071.0
YouBike2.0_臺大土木系館,YouBike2.0_臺大原分所北側,0.262,1.1,500119047.0,500119072.0
YouBike2.0_臺大土木系館,YouBike2.0_臺大生命科學館西北側,0.289,1.2,500119047.0,500119074.0
YouBike2.0_臺大土木系館,YouBike2.0_臺大第一活動中心西南側,0.152,0.8,500119047.0,500119075.0
YouBike2.0_臺大土木系館,YouBike2.0_臺大博理館西側,0.654,2.2,500119047.0,500119076.0
YouBike2.0_臺大土木系館,YouBike2.0_臺大博雅館西側,0.454,1.6,500119047.0,500119077.0
YouBike2.0_臺大土木系館,YouBike2.0_臺大森林館北側,0.103,0.6,500119047.0,500119078.0
YouBike2.0_臺大土木系館,YouBike2.0_臺大一號館,0.466,1.6,500119047.0,500119079.0
YouBike2.0_臺大土木系館,YouBike2.0_臺大小小福西南側,0.391,1.5,500119047.0,500119080.0
YouBike2.0_臺大土木系館,YouBike2.0_臺大教研館北側,0.578,2.0,500119047.0,500119081.0
YouBike2.0_臺大土木系館,YouBike2.0_臺大四號館東北側,0.136,0.8,500119047.0,500119082.0
YouBike2.0_臺大土木系館,YouBike2.0_臺大新生教室南側,0.437,1.6,500119047.0,500119083.0
YouBike2.0_臺大土木系館,YouBike2.0_臺大鄭江樓北側,0.65,2.1,500119047.0,500119084.0
YouBike2.0_臺大土木系館,YouBike2.0_臺大電機二館東南側,0.52,1.8,500119047.0,500119085.0
YouBike2.0_臺大土木系館,YouBike2.0_臺大圖資系館北側,0.121,0.7,500119047.0,500119086.0
YouBike2.0_臺大土木系館,YouBike2.0_臺大總圖書館西南側,0.243,1.0,500119047.0,500119087.0
YouBike2.0_臺大土木系館,YouBike2.0_臺大黑森林西側,0.832,3.9,500119047.0,500119088.0
YouBike2.0_臺大土木系館,YouBike2.0_臺大獸醫館南側,0.506,1.7,500119047.0,500119089.0
YouBike2.0_臺大土木系館,YouBike2.0_臺大新體育館東南側,0.666,2.2,500119047.0,500119090.0
YouBike2.0_臺大土木系館,YouBike2.0_臺大明達館北側(員工宿舍),0.754,2.5,500119047.0,500119091.0
YouBike2.0_臺大大一女舍北側,YouBike2.0_辛亥復興路口西北側,2.039,6.5,500119048.0,500101005.0
YouBike2.0_臺大大一女舍北側,YouBike2.0_新生南路三段52號前,1.239,4.1,500119048.0,500101008.0
YouBike2.0_臺大大一女舍北側,YouBike2.0_新生南路三段66號前,1.086,3.6,500119048.0,500101009.0
YouBike2.0_臺大大一女舍北側,YouBike2.0_新生南路三段82號前,0.992,3.4,500119048.0,500101010.0
YouBike2.0_臺大大一女舍北側,YouBike2.0_銘傳國小側門,0.508,4.0,500119048.0,500101021.0
YouBike2.0_臺大大一女舍北側,YouBike2.0_捷運公館站(2號出口),0.481,1.8,500119048.0,500101022.0
YouBike2.0_臺大大一女舍北側,YouBike2.0_第二學生活動中心,0.665,3.2,500119048.0,500101023.0
YouBike2.0_臺大大一女舍北側,YouBike2.0_臺灣科技大學正門,1.193,4.4,500119048.0,500101024.0
YouBike2.0_臺大大一女舍北側,YouBike2.0_臺灣科技大學側門,0.822,4.3,500119048.0,500101025.0
YouBike2.0_臺大大一女舍北側,YouBike2.0_臺大男七舍前,1.473,5.2,500119048.0,500101031.0
YouBike2.0_臺大大一女舍北側,YouBike2.0_臺大男一舍前,1.275,4.6,500119048.0,500101032.0
YouBike2.0_臺大大一女舍北側,YouBike2.0_臺大男六舍前,1.244,4.5,500119048.0,500101033.0
YouBike2.0_臺大大一女舍北側,YouBike2.0_臺大動物醫院前,1.364,4.4,500119048.0,500101034.0
YouBike2.0_臺大大一女舍北側,YouBike2.0_臺大萬才館前,1.755,6.2,500119048.0,500101036.0
YouBike2.0_臺大大一女舍北側,YouBike2.0_臺大國青大樓宿舍前,1.663,5.9,500119048.0,500101037.0
YouBike2.0_臺大大一女舍北側,YouBike2.0_臺大社科院圖書館前,1.508,4.9,500119048.0,500101038.0
YouBike2.0_臺大大一女舍北側,YouBike2.0_臺大法人語言訓練中心前,1.292,3.8,500119048.0,500101039.0
YouBike2.0_臺大大一女舍北側,YouBike2.0_臺大綜合體育館停車場前,1.301,4.2,500119048.0,500101040.0
YouBike2.0_臺大大一女舍北側,YouBike2.0_辛亥新生路口東南側,1.367,3.9,500119048.0,500101041.0
YouBike2.0_臺大大一女舍北側,YouBike2.0_基隆長興路口東側,1.182,4.6,500119048.0,500101042.0
YouBike2.0_臺大大一女舍北側,YouBike2.0_捷運公館站(3號出口),0.572,2.1,500119048.0,500101181.0
YouBike2.0_臺大大一女舍北側,YouBike2.0_新生南路三段94巷口,0.823,2.9,500119048.0,500101184.0
YouBike2.0_臺大大一女舍北側,YouBike2.0_基隆長興路口,1.16,3.8,500119048.0,500101193.0
YouBike2.0_臺大大一女舍北側,YouBike2.0_臺大資訊大樓,1.376,4.5,500119048.0,500101209.0
YouBike2.0_臺大大一女舍北側,YouBike2.0_捷運公館站(1號出口),0.494,3.1,500119048.0,500106003.0
YouBike2.0_臺大大一女舍北側,YouBike2.0_捷運公館站(4號出口),0.576,3.3,500119048.0,500106004.0
YouBike2.0_臺大大一女舍北側,YouBike2.0_臺大男八舍東側,1.271,4.6,500119048.0,500119043.0
YouBike2.0_臺大大一女舍北側,YouBike2.0_臺大禮賢樓東南側,0.586,1.8,500119048.0,500119044.0
YouBike2.0_臺大大一女舍北側,YouBike2.0_臺大農業陳列館北側,0.658,1.9,500119048.0,500119045.0
YouBike2.0_臺大大一女舍北側,YouBike2.0_臺大管理學院二館北側,0.713,3.6,500119048.0,500119046.0
YouBike2.0_臺大大一女舍北側,YouBike2.0_臺大土木系館,0.728,2.4,500119048.0,500119047.0
YouBike2.0_臺大大一女舍北側,YouBike2.0_臺大女九舍西南側,0.954,2.7,500119048.0,500119049.0
YouBike2.0_臺大大一女舍北側,YouBike2.0_臺大小福樓東側,0.657,1.8,500119048.0,500119050.0
YouBike2.0_臺大大一女舍北側,YouBike2.0_臺大立體機車停車場,0.955,2.7,500119048.0,500119051.0
YouBike2.0_臺大大一女舍北側,YouBike2.0_臺大工綜館南側,0.947,2.7,500119048.0,500119052.0
YouBike2.0_臺大大一女舍北側,YouBike2.0_臺大天文數學館南側,1.008,2.9,500119048.0,500119053.0
YouBike2.0_臺大大一女舍北側,YouBike2.0_臺大心理系館南側,1.031,3.0,500119048.0,500119054.0
YouBike2.0_臺大大一女舍北側,YouBike2.0_臺大樂學館東側,0.542,1.5,500119048.0,500119055.0
YouBike2.0_臺大大一女舍北側,YouBike2.0_臺大農化新館西側,0.3,0.8,500119048.0,500119056.0
YouBike2.0_臺大大一女舍北側,YouBike2.0_臺大五號館西側,0.487,1.4,500119048.0,500119057.0
YouBike2.0_臺大大一女舍北側,YouBike2.0_臺大舊體育館西側,0.75,2.1,500119048.0,500119058.0
YouBike2.0_臺大大一女舍北側,YouBike2.0_臺大共同教室東南側,0.378,1.1,500119048.0,500119060.0
YouBike2.0_臺大大一女舍北側,YouBike2.0_臺大鹿鳴堂東側,0.405,1.2,500119048.0,500119061.0
YouBike2.0_臺大大一女舍北側,YouBike2.0_臺大公館停車場西北側,0.778,2.7,500119048.0,500119062.0
YouBike2.0_臺大大一女舍北側,YouBike2.0_臺大第二行政大樓南側,0.258,0.8,500119048.0,500119063.0
YouBike2.0_臺大大一女舍北側,YouBike2.0_臺大明達館機車停車場,1.086,3.1,500119048.0,500119064.0
YouBike2.0_臺大大一女舍北側,YouBike2.0_臺大二號館,0.437,1.2,500119048.0,500119065.0
YouBike2.0_臺大大一女舍北側,YouBike2.0_臺大凝態館南側,1.114,3.2,500119048.0,500119066.0
YouBike2.0_臺大大一女舍北側,YouBike2.0_臺大社科院西側,1.275,3.5,500119048.0,500119067.0
YouBike2.0_臺大大一女舍北側,YouBike2.0_臺大社會系館南側,1.428,4.4,500119048.0,500119068.0
YouBike2.0_臺大大一女舍北側,YouBike2.0_臺大思亮館東南側,1.078,3.1,500119048.0,500119069.0
YouBike2.0_臺大大一女舍北側,YouBike2.0_臺大椰林小舖,0.156,0.5,500119048.0,500119070.0
YouBike2.0_臺大大一女舍北側,YouBike2.0_臺大計資中心南側,1.093,3.1,500119048.0,500119071.0
YouBike2.0_臺大大一女舍北側,YouBike2.0_臺大原分所北側,0.821,2.4,500119048.0,500119072.0
YouBike2.0_臺大大一女舍北側,YouBike2.0_臺大生命科學館西北側,0.436,1.3,500119048.0,500119074.0
YouBike2.0_臺大大一女舍北側,YouBike2.0_臺大第一活動中心西南側,0.788,2.2,500119048.0,500119075.0
YouBike2.0_臺大大一女舍北側,YouBike2.0_臺大博理館西側,1.282,3.7,500119048.0,500119076.0
YouBike2.0_臺大大一女舍北側,YouBike2.0_臺大博雅館西側,0.649,1.8,500119048.0,500119077.0
YouBike2.0_臺大大一女舍北側,YouBike2.0_臺大森林館北側,0.618,1.8,500119048.0,500119078.0
YouBike2.0_臺大大一女舍北側,YouBike2.0_臺大一號館,0.453,1.2,500119048.0,500119079.0
YouBike2.0_臺大大一女舍北側,YouBike2.0_臺大小小福西南側,0.289,0.9,500119048.0,500119080.0
YouBike2.0_臺大大一女舍北側,YouBike2.0_臺大教研館北側,0.634,1.9,500119048.0,500119081.0
YouBike2.0_臺大大一女舍北側,YouBike2.0_臺大四號館東北側,0.568,1.6,500119048.0,500119082.0
YouBike2.0_臺大大一女舍北側,YouBike2.0_臺大新生教室南側,0.867,2.5,500119048.0,500119083.0
YouBike2.0_臺大大一女舍北側,YouBike2.0_臺大鄭江樓北側,1.278,3.6,500119048.0,500119084.0
YouBike2.0_臺大大一女舍北側,YouBike2.0_臺大電機二館東南側,1.148,3.3,500119048.0,500119085.0
YouBike2.0_臺大大一女舍北側,YouBike2.0_臺大圖資系館北側,0.757,2.1,500119048.0,500119086.0
YouBike2.0_臺大大一女舍北側,YouBike2.0_臺大總圖書館西南側,0.772,2.2,500119048.0,500119087.0
YouBike2.0_臺大大一女舍北側,YouBike2.0_臺大黑森林西側,1.46,5.4,500119048.0,500119088.0
YouBike2.0_臺大大一女舍北側,YouBike2.0_臺大獸醫館南側,1.134,3.2,500119048.0,500119089.0
YouBike2.0_臺大大一女舍北側,YouBike2.0_臺大新體育館東南側,1.096,3.1,500119048.0,500119090.0
YouBike2.0_臺大大一女舍北側,YouBike2.0_臺大明達館北側(員工宿舍),1.157,3.3,500119048.0,500119091.0
YouBike2.0_臺大女九舍西南側,YouBike2.0_辛亥復興路口西北側,0.6,2.6,500119049.0,500101005.0
YouBike2.0_臺大女九舍西南側,YouBike2.0_新生南路三段52號前,0.843,3.6,500119049.0,500101008.0
YouBike2.0_臺大女九舍西南側,YouBike2.0_新生南路三段66號前,0.882,3.5,500119049.0,500101009.0
YouBike2.0_臺大女九舍西南側,YouBike2.0_新生南路三段82號前,0.789,3.2,500119049.0,500101010.0
YouBike2.0_臺大女九舍西南側,YouBike2.0_銘傳國小側門,1.036,5.6,500119049.0,500101021.0
YouBike2.0_臺大女九舍西南側,YouBike2.0_捷運公館站(2號出口),1.009,3.4,500119049.0,500101022.0
YouBike2.0_臺大女九舍西南側,YouBike2.0_第二學生活動中心,1.194,4.8,500119049.0,500101023.0
YouBike2.0_臺大女九舍西南側,YouBike2.0_臺灣科技大學正門,0.973,3.9,500119049.0,500101024.0
YouBike2.0_臺大女九舍西南側,YouBike2.0_臺灣科技大學側門,1.234,4.7,500119049.0,500101025.0
YouBike2.0_臺大女九舍西南側,YouBike2.0_臺大男七舍前,1.083,4.1,500119049.0,500101031.0
YouBike2.0_臺大女九舍西南側,YouBike2.0_臺大男一舍前,0.885,3.5,500119049.0,500101032.0
YouBike2.0_臺大女九舍西南側,YouBike2.0_臺大男六舍前,0.854,3.4,500119049.0,500101033.0
YouBike2.0_臺大女九舍西南側,YouBike2.0_臺大動物醫院前,0.974,3.3,500119049.0,500101034.0
YouBike2.0_臺大女九舍西南側,YouBike2.0_臺大萬才館前,0.772,3.3,500119049.0,500101036.0
YouBike2.0_臺大女九舍西南側,YouBike2.0_臺大國青大樓宿舍前,0.68,3.0,500119049.0,500101037.0
YouBike2.0_臺大女九舍西南側,YouBike2.0_臺大社科院圖書館前,0.526,1.9,500119049.0,500101038.0
YouBike2.0_臺大女九舍西南側,YouBike2.0_臺大法人語言訓練中心前,0.333,1.0,500119049.0,500101039.0
YouBike2.0_臺大女九舍西南側,YouBike2.0_臺大綜合體育館停車場前,0.628,2.2,500119049.0,500101040.0
YouBike2.0_臺大女九舍西南側,YouBike2.0_辛亥新生路口東南側,0.694,2.0,500119049.0,500101041.0
YouBike2.0_臺大女九舍西南側,YouBike2.0_基隆長興路口東側,0.791,3.5,500119049.0,500101042.0
YouBike2.0_臺大女九舍西南側,YouBike2.0_捷運公館站(3號出口),1.1,3.6,500119049.0,500101181.0
YouBike2.0_臺大女九舍西南側,YouBike2.0_新生南路三段94巷口,1.346,4.4,500119049.0,500101184.0
YouBike2.0_臺大女九舍西南側,YouBike2.0_基隆長興路口,0.77,2.7,500119049.0,500101193.0
YouBike2.0_臺大女九舍西南側,YouBike2.0_臺大資訊大樓,0.394,1.6,500119049.0,500101209.0
YouBike2.0_臺大女九舍西南側,YouBike2.0_捷運公館站(1號出口),1.023,4.7,500119049.0,500106003.0
YouBike2.0_臺大女九舍西南側,YouBike2.0_捷運公館站(4號出口),1.104,4.9,500119049.0,500106004.0
YouBike2.0_臺大女九舍西南側,YouBike2.0_臺大男八舍東側,0.881,3.5,500119049.0,500119043.0
YouBike2.0_臺大女九舍西南側,YouBike2.0_臺大禮賢樓東南側,0.853,2.5,500119049.0,500119044.0
YouBike2.0_臺大女九舍西南側,YouBike2.0_臺大農業陳列館北側,0.68,2.0,500119049.0,500119045.0
YouBike2.0_臺大女九舍西南側,YouBike2.0_臺大管理學院二館北側,0.98,4.4,500119049.0,500119046.0
YouBike2.0_臺大女九舍西南側,YouBike2.0_臺大土木系館,0.318,1.3,500119049.0,500119047.0
YouBike2.0_臺大女九舍西南側,YouBike2.0_臺大大一女舍北側,0.952,2.8,500119049.0,500119048.0
YouBike2.0_臺大女九舍西南側,YouBike2.0_臺大小福樓東側,0.291,0.9,500119049.0,500119050.0
YouBike2.0_臺大女九舍西南側,YouBike2.0_臺大立體機車停車場,0.735,2.1,500119049.0,500119051.0
YouBike2.0_臺大女九舍西南側,YouBike2.0_臺大工綜館南側,0.299,0.9,500119049.0,500119052.0
YouBike2.0_臺大女九舍西南側,YouBike2.0_臺大天文數學館南側,0.242,0.7,500119049.0,500119053.0
YouBike2.0_臺大女九舍西南側,YouBike2.0_臺大心理系館南側,0.188,0.6,500119049.0,500119054.0
YouBike2.0_臺大女九舍西南側,YouBike2.0_臺大樂學館東側,0.527,1.5,500119049.0,500119055.0
YouBike2.0_臺大女九舍西南側,YouBike2.0_臺大農化新館西側,0.824,2.4,500119049.0,500119056.0
YouBike2.0_臺大女九舍西南側,YouBike2.0_臺大五號館西側,0.544,1.6,500119049.0,500119057.0
YouBike2.0_臺大女九舍西南側,YouBike2.0_臺大舊體育館西側,0.361,1.1,500119049.0,500119058.0
YouBike2.0_臺大女九舍西南側,YouBike2.0_臺大共同教室東南側,0.575,1.7,500119049.0,500119060.0
YouBike2.0_臺大女九舍西南側,YouBike2.0_臺大鹿鳴堂東側,0.673,2.0,500119049.0,500119061.0
YouBike2.0_臺大女九舍西南側,YouBike2.0_臺大公館停車場西北側,1.026,3.5,500119049.0,500119062.0
YouBike2.0_臺大女九舍西南側,YouBike2.0_臺大第二行政大樓南側,0.696,2.0,500119049.0,500119063.0
YouBike2.0_臺大女九舍西南側,YouBike2.0_臺大明達館機車停車場,0.695,2.0,500119049.0,500119064.0
YouBike2.0_臺大女九舍西南側,YouBike2.0_臺大二號館,0.651,1.9,500119049.0,500119065.0
YouBike2.0_臺大女九舍西南側,YouBike2.0_臺大凝態館南側,0.441,1.3,500119049.0,500119066.0
YouBike2.0_臺大女九舍西南側,YouBike2.0_臺大社科院西側,0.324,0.9,500119049.0,500119067.0
YouBike2.0_臺大女九舍西南側,YouBike2.0_臺大社會系館南側,0.478,1.8,500119049.0,500119068.0
YouBike2.0_臺大女九舍西南側,YouBike2.0_臺大思亮館東南側,0.111,0.3,500119049.0,500119069.0
YouBike2.0_臺大女九舍西南側,YouBike2.0_臺大椰林小舖,0.794,2.3,500119049.0,500119070.0
YouBike2.0_臺大女九舍西南側,YouBike2.0_臺大計資中心南側,0.139,0.4,500119049.0,500119071.0
YouBike2.0_臺大女九舍西南側,YouBike2.0_臺大原分所北側,0.14,0.4,500119049.0,500119072.0
YouBike2.0_臺大女九舍西南側,YouBike2.0_臺大生命科學館西北側,0.593,1.8,500119049.0,500119074.0
YouBike2.0_臺大女九舍西南側,YouBike2.0_臺大第一活動中心西南側,0.335,1.0,500119049.0,500119075.0
YouBike2.0_臺大女九舍西南側,YouBike2.0_臺大博理館西側,0.533,1.6,500119049.0,500119076.0
YouBike2.0_臺大女九舍西南側,YouBike2.0_臺大博雅館西側,0.431,1.3,500119049.0,500119077.0
YouBike2.0_臺大女九舍西南側,YouBike2.0_臺大森林館北側,0.407,1.2,500119049.0,500119078.0
YouBike2.0_臺大女九舍西南側,YouBike2.0_臺大一號館,0.771,2.2,500119049.0,500119079.0
YouBike2.0_臺大女九舍西南側,YouBike2.0_臺大小小福西南側,0.695,2.1,500119049.0,500119080.0
YouBike2.0_臺大女九舍西南側,YouBike2.0_臺大教研館北側,0.882,2.6,500119049.0,500119081.0
YouBike2.0_臺大女九舍西南側,YouBike2.0_臺大四號館東北側,0.44,1.3,500119049.0,500119082.0
YouBike2.0_臺大女九舍西南側,YouBike2.0_臺大新生教室南側,0.165,0.5,500119049.0,500119083.0
YouBike2.0_臺大女九舍西南側,YouBike2.0_臺大鄭江樓北側,0.551,1.6,500119049.0,500119084.0
YouBike2.0_臺大女九舍西南側,YouBike2.0_臺大電機二館東南側,0.5,1.4,500119049.0,500119085.0
YouBike2.0_臺大女九舍西南側,YouBike2.0_臺大圖資系館北側,0.197,0.6,500119049.0,500119086.0
YouBike2.0_臺大女九舍西南側,YouBike2.0_臺大總圖書館西南側,0.426,1.3,500119049.0,500119087.0
YouBike2.0_臺大女九舍西南側,YouBike2.0_臺大黑森林西側,0.674,3.0,500119049.0,500119088.0
YouBike2.0_臺大女九舍西南側,YouBike2.0_臺大獸醫館南側,0.689,2.0,500119049.0,500119089.0
YouBike2.0_臺大女九舍西南側,YouBike2.0_臺大新體育館東南側,0.428,1.2,500119049.0,500119090.0
YouBike2.0_臺大女九舍西南側,YouBike2.0_臺大明達館北側(員工宿舍),0.938,2.8,500119049.0,500119091.0
YouBike2.0_臺大小福樓東側,YouBike2.0_辛亥復興路口西北側,1.382,4.6,500119050.0,500101005.0
YouBike2.0_臺大小福樓東側,YouBike2.0_新生南路三段52號前,0.729,3.0,500119050.0,500101008.0
YouBike2.0_臺大小福樓東側,YouBike2.0_新生南路三段66號前,0.576,2.6,500119050.0,500101009.0
YouBike2.0_臺大小福樓東側,YouBike2.0_新生南路三段82號前,0.482,2.3,500119050.0,500101010.0
YouBike2.0_臺大小福樓東側,YouBike2.0_銘傳國小側門,0.834,5.0,500119050.0,500101021.0
YouBike2.0_臺大小福樓東側,YouBike2.0_捷運公館站(2號出口),0.806,2.8,500119050.0,500101022.0
YouBike2.0_臺大小福樓東側,YouBike2.0_第二學生活動中心,0.991,4.2,500119050.0,500101023.0
YouBike2.0_臺大小福樓東側,YouBike2.0_臺灣科技大學正門,1.002,3.9,500119050.0,500101024.0
YouBike2.0_臺大小福樓東側,YouBike2.0_臺灣科技大學側門,0.867,4.4,500119050.0,500101025.0
YouBike2.0_臺大小福樓東側,YouBike2.0_臺大男七舍前,1.282,4.7,500119050.0,500101031.0
YouBike2.0_臺大小福樓東側,YouBike2.0_臺大男一舍前,1.084,4.1,500119050.0,500101032.0
YouBike2.0_臺大小福樓東側,YouBike2.0_臺大男六舍前,1.053,4.0,500119050.0,500101033.0
YouBike2.0_臺大小福樓東側,YouBike2.0_臺大動物醫院前,1.173,3.9,500119050.0,500101034.0
YouBike2.0_臺大小福樓東側,YouBike2.0_臺大萬才館前,1.098,4.3,500119050.0,500101036.0
YouBike2.0_臺大小福樓東側,YouBike2.0_臺大國青大樓宿舍前,1.007,4.1,500119050.0,500101037.0
YouBike2.0_臺大小福樓東側,YouBike2.0_臺大社科院圖書館前,0.852,3.0,500119050.0,500101038.0
YouBike2.0_臺大小福樓東側,YouBike2.0_臺大法人語言訓練中心前,0.636,1.9,500119050.0,500101039.0
YouBike2.0_臺大小福樓東側,YouBike2.0_臺大綜合體育館停車場前,0.644,2.3,500119050.0,500101040.0
YouBike2.0_臺大小福樓東側,YouBike2.0_辛亥新生路口東南側,0.711,2.1,500119050.0,500101041.0
YouBike2.0_臺大小福樓東側,YouBike2.0_基隆長興路口東側,0.991,4.1,500119050.0,500101042.0
YouBike2.0_臺大小福樓東側,YouBike2.0_捷運公館站(3號出口),0.934,3.9,500119050.0,500101181.0
YouBike2.0_臺大小福樓東側,YouBike2.0_新生南路三段94巷口,1.049,3.5,500119050.0,500101184.0
YouBike2.0_臺大小福樓東側,YouBike2.0_基隆長興路口,0.969,3.2,500119050.0,500101193.0
YouBike2.0_臺大小福樓東側,YouBike2.0_臺大資訊大樓,0.72,2.6,500119050.0,500101209.0
YouBike2.0_臺大小福樓東側,YouBike2.0_捷運公館站(1號出口),0.82,4.0,500119050.0,500106003.0
YouBike2.0_臺大小福樓東側,YouBike2.0_捷運公館站(4號出口),0.901,4.3,500119050.0,500106004.0
YouBike2.0_臺大小福樓東側,YouBike2.0_臺大男八舍東側,1.08,4.1,500119050.0,500119043.0
YouBike2.0_臺大小福樓東側,YouBike2.0_臺大禮賢樓東南側,0.651,1.9,500119050.0,500119044.0
YouBike2.0_臺大小福樓東側,YouBike2.0_臺大農業陳列館北側,0.373,1.1,500119050.0,500119045.0
YouBike2.0_臺大小福樓東側,YouBike2.0_臺大管理學院二館北側,0.777,3.8,500119050.0,500119046.0
YouBike2.0_臺大小福樓東側,YouBike2.0_臺大土木系館,0.304,1.2,500119050.0,500119047.0
YouBike2.0_臺大小福樓東側,YouBike2.0_臺大大一女舍北側,0.657,1.9,500119050.0,500119048.0
YouBike2.0_臺大小福樓東側,YouBike2.0_臺大女九舍西南側,0.291,0.9,500119050.0,500119049.0
YouBike2.0_臺大小福樓東側,YouBike2.0_臺大立體機車停車場,0.764,2.2,500119050.0,500119051.0
YouBike2.0_臺大小福樓東側,YouBike2.0_臺大工綜館南側,0.531,1.5,500119050.0,500119052.0
YouBike2.0_臺大小福樓東側,YouBike2.0_臺大天文數學館南側,0.351,1.1,500119050.0,500119053.0
YouBike2.0_臺大小福樓東側,YouBike2.0_臺大心理系館南側,0.491,1.5,500119050.0,500119054.0
YouBike2.0_臺大小福樓東側,YouBike2.0_臺大樂學館東側,0.275,0.8,500119050.0,500119055.0
YouBike2.0_臺大小福樓東側,YouBike2.0_臺大農化新館西側,0.526,1.5,500119050.0,500119056.0
YouBike2.0_臺大小福樓東側,YouBike2.0_臺大五號館西側,0.247,0.7,500119050.0,500119057.0
YouBike2.0_臺大小福樓東側,YouBike2.0_臺大舊體育館西側,0.31,0.9,500119050.0,500119058.0
YouBike2.0_臺大小福樓東側,YouBike2.0_臺大共同教室東南側,0.372,1.1,500119050.0,500119060.0
YouBike2.0_臺大小福樓東側,YouBike2.0_臺大鹿鳴堂東側,0.47,1.4,500119050.0,500119061.0
YouBike2.0_臺大小福樓東側,YouBike2.0_臺大公館停車場西北側,0.823,2.9,500119050.0,500119062.0
YouBike2.0_臺大小福樓東側,YouBike2.0_臺大第二行政大樓南側,0.399,1.1,500119050.0,500119063.0
YouBike2.0_臺大小福樓東側,YouBike2.0_臺大明達館機車停車場,0.895,2.6,500119050.0,500119064.0
YouBike2.0_臺大小福樓東側,YouBike2.0_臺大二號館,0.353,1.0,500119050.0,500119065.0
YouBike2.0_臺大小福樓東側,YouBike2.0_臺大凝態館南側,0.457,1.4,500119050.0,500119066.0
YouBike2.0_臺大小福樓東側,YouBike2.0_臺大社科院西側,0.754,2.3,500119050.0,500119067.0
YouBike2.0_臺大小福樓東側,YouBike2.0_臺大社會系館南側,0.895,3.1,500119050.0,500119068.0
YouBike2.0_臺大小福樓東側,YouBike2.0_臺大思亮館東南側,0.413,1.3,500119050.0,500119069.0
YouBike2.0_臺大小福樓東側,YouBike2.0_臺大椰林小舖,0.501,1.4,500119050.0,500119070.0
YouBike2.0_臺大小福樓東側,YouBike2.0_臺大計資中心南側,0.43,1.3,500119050.0,500119071.0
YouBike2.0_臺大小福樓東側,YouBike2.0_臺大原分所北側,0.164,0.5,500119050.0,500119072.0
YouBike2.0_臺大小福樓東側,YouBike2.0_臺大生命科學館西北側,0.39,1.2,500119050.0,500119074.0
YouBike2.0_臺大小福樓東側,YouBike2.0_臺大第一活動中心西南側,0.364,1.1,500119050.0,500119075.0
YouBike2.0_臺大小福樓東側,YouBike2.0_臺大博理館西側,0.95,2.9,500119050.0,500119076.0
YouBike2.0_臺大小福樓東側,YouBike2.0_臺大博雅館西側,0.228,0.7,500119050.0,500119077.0
YouBike2.0_臺大小福樓東側,YouBike2.0_臺大森林館北側,0.285,0.8,500119050.0,500119078.0
YouBike2.0_臺大小福樓東側,YouBike2.0_臺大一號館,0.473,1.4,500119050.0,500119079.0
YouBike2.0_臺大小福樓東側,YouBike2.0_臺大小小福西南側,0.492,1.5,500119050.0,500119080.0
YouBike2.0_臺大小福樓東側,YouBike2.0_臺大教研館北側,0.679,2.0,500119050.0,500119081.0
YouBike2.0_臺大小福樓東側,YouBike2.0_臺大四號館東北側,0.178,0.5,500119050.0,500119082.0
YouBike2.0_臺大小福樓東側,YouBike2.0_臺大新生教室南側,0.211,0.6,500119050.0,500119083.0
YouBike2.0_臺大小福樓東側,YouBike2.0_臺大鄭江樓北側,0.862,2.5,500119050.0,500119084.0
YouBike2.0_臺大小福樓東側,YouBike2.0_臺大電機二館東南側,0.732,2.1,500119050.0,500119085.0
YouBike2.0_臺大小福樓東側,YouBike2.0_臺大圖資系館北側,0.333,0.9,500119050.0,500119086.0
YouBike2.0_臺大小福樓東側,YouBike2.0_臺大總圖書館西南側,0.455,1.3,500119050.0,500119087.0
YouBike2.0_臺大小福樓東側,YouBike2.0_臺大黑森林西側,1.091,4.3,500119050.0,500119088.0
YouBike2.0_臺大小福樓東側,YouBike2.0_臺大獸醫館南側,0.718,2.0,500119050.0,500119089.0
YouBike2.0_臺大小福樓東側,YouBike2.0_臺大新體育館東南側,0.44,1.3,500119050.0,500119090.0
YouBike2.0_臺大小福樓東側,YouBike2.0_臺大明達館北側(員工宿舍),0.966,2.8,500119050.0,500119091.0
YouBike2.0_臺大立體機車停車場,YouBike2.0_辛亥復興路口西北側,1.347,4.8,500119051.0,500101005.0
YouBike2.0_臺大立體機車停車場,YouBike2.0_新生南路三段52號前,1.47,5.2,500119051.0,500101008.0
YouBike2.0_臺大立體機車停車場,YouBike2.0_新生南路三段66號前,1.318,4.7,500119051.0,500101009.0
YouBike2.0_臺大立體機車停車場,YouBike2.0_新生南路三段82號前,1.224,4.5,500119051.0,500101010.0
YouBike2.0_臺大立體機車停車場,YouBike2.0_銘傳國小側門,1.082,4.6,500119051.0,500101021.0
YouBike2.0_臺大立體機車停車場,YouBike2.0_捷運公館站(2號出口),0.961,3.2,500119051.0,500101022.0
YouBike2.0_臺大立體機車停車場,YouBike2.0_第二學生活動中心,0.886,3.5,500119051.0,500101023.0
YouBike2.0_臺大立體機車停車場,YouBike2.0_臺灣科技大學正門,0.238,1.7,500119051.0,500101024.0
YouBike2.0_臺大立體機車停車場,YouBike2.0_臺灣科技大學側門,0.499,2.5,500119051.0,500101025.0
YouBike2.0_臺大立體機車停車場,YouBike2.0_臺大男七舍前,0.621,2.8,500119051.0,500101031.0
YouBike2.0_臺大立體機車停車場,YouBike2.0_臺大男一舍前,0.423,2.1,500119051.0,500101032.0
YouBike2.0_臺大立體機車停車場,YouBike2.0_臺大男六舍前,0.392,2.0,500119051.0,500101033.0
YouBike2.0_臺大立體機車停車場,YouBike2.0_臺大動物醫院前,0.082,1.1,500119051.0,500101034.0
YouBike2.0_臺大立體機車停車場,YouBike2.0_臺大萬才館前,0.839,4.6,500119051.0,500101036.0
YouBike2.0_臺大立體機車停車場,YouBike2.0_臺大國青大樓宿舍前,0.903,4.1,500119051.0,500101037.0
YouBike2.0_臺大立體機車停車場,YouBike2.0_臺大社科院圖書館前,0.858,2.9,500119051.0,500101038.0
YouBike2.0_臺大立體機車停車場,YouBike2.0_臺大法人語言訓練中心前,0.873,2.5,500119051.0,500101039.0
YouBike2.0_臺大立體機車停車場,YouBike2.0_臺大綜合體育館停車場前,1.375,4.4,500119051.0,500101040.0
YouBike2.0_臺大立體機車停車場,YouBike2.0_辛亥新生路口東南側,1.442,4.2,500119051.0,500101041.0
YouBike2.0_臺大立體機車停車場,YouBike2.0_基隆長興路口東側,0.329,1.9,500119051.0,500101042.0
YouBike2.0_臺大立體機車停車場,YouBike2.0_捷運公館站(3號出口),1.053,3.5,500119051.0,500101181.0
YouBike2.0_臺大立體機車停車場,YouBike2.0_新生南路三段94巷口,1.425,4.7,500119051.0,500101184.0
YouBike2.0_臺大立體機車停車場,YouBike2.0_基隆長興路口,0.286,1.7,500119051.0,500101193.0
YouBike2.0_臺大立體機車停車場,YouBike2.0_臺大資訊大樓,0.872,3.0,500119051.0,500101209.0
YouBike2.0_臺大立體機車停車場,YouBike2.0_捷運公館站(1號出口),1.227,4.3,500119051.0,500106003.0
YouBike2.0_臺大立體機車停車場,YouBike2.0_捷運公館站(4號出口),1.309,4.6,500119051.0,500106004.0
YouBike2.0_臺大立體機車停車場,YouBike2.0_臺大男八舍東側,0.426,2.1,500119051.0,500119043.0
YouBike2.0_臺大立體機車停車場,YouBike2.0_臺大禮賢樓東南側,0.801,2.4,500119051.0,500119044.0
YouBike2.0_臺大立體機車停車場,YouBike2.0_臺大農業陳列館北側,1.115,3.2,500119051.0,500119045.0
YouBike2.0_臺大立體機車停車場,YouBike2.0_臺大管理學院二館北側,0.928,4.3,500119051.0,500119046.0
YouBike2.0_臺大立體機車停車場,YouBike2.0_臺大土木系館,0.552,1.9,500119051.0,500119047.0
YouBike2.0_臺大立體機車停車場,YouBike2.0_臺大大一女舍北側,0.955,2.8,500119051.0,500119048.0
YouBike2.0_臺大立體機車停車場,YouBike2.0_臺大女九舍西南側,0.735,2.1,500119051.0,500119049.0
YouBike2.0_臺大立體機車停車場,YouBike2.0_臺大小福樓東側,0.764,2.2,500119051.0,500119050.0
YouBike2.0_臺大立體機車停車場,YouBike2.0_臺大工綜館南側,0.391,1.1,500119051.0,500119052.0
YouBike2.0_臺大立體機車停車場,YouBike2.0_臺大天文數學館南側,0.989,2.9,500119051.0,500119053.0
YouBike2.0_臺大立體機車停車場,YouBike2.0_臺大心理系館南側,0.812,2.4,500119051.0,500119054.0
YouBike2.0_臺大立體機車停車場,YouBike2.0_臺大樂學館東側,0.861,2.5,500119051.0,500119055.0
YouBike2.0_臺大立體機車停車場,YouBike2.0_臺大農化新館西側,0.897,2.6,500119051.0,500119056.0
YouBike2.0_臺大立體機車停車場,YouBike2.0_臺大五號館西側,0.734,2.1,500119051.0,500119057.0
YouBike2.0_臺大立體機車停車場,YouBike2.0_臺大舊體育館西側,1.074,3.1,500119051.0,500119058.0
YouBike2.0_臺大立體機車停車場,YouBike2.0_臺大共同教室東南側,0.556,1.7,500119051.0,500119060.0
YouBike2.0_臺大立體機車停車場,YouBike2.0_臺大鹿鳴堂東側,0.655,2.0,500119051.0,500119061.0
YouBike2.0_臺大立體機車停車場,YouBike2.0_臺大公館停車場西北側,0.66,2.9,500119051.0,500119062.0
YouBike2.0_臺大立體機車停車場,YouBike2.0_臺大第二行政大樓南側,0.807,2.4,500119051.0,500119063.0
YouBike2.0_臺大立體機車停車場,YouBike2.0_臺大明達館機車停車場,0.404,1.2,500119051.0,500119064.0
YouBike2.0_臺大立體機車停車場,YouBike2.0_臺大二號館,0.884,2.6,500119051.0,500119065.0
YouBike2.0_臺大立體機車停車場,YouBike2.0_臺大凝態館南側,1.188,3.5,500119051.0,500119066.0
YouBike2.0_臺大立體機車停車場,YouBike2.0_臺大社科院西側,0.768,2.2,500119051.0,500119067.0
YouBike2.0_臺大立體機車停車場,YouBike2.0_臺大社會系館南側,0.636,2.2,500119051.0,500119068.0
YouBike2.0_臺大立體機車停車場,YouBike2.0_臺大思亮館東南側,0.859,2.5,500119051.0,500119069.0
YouBike2.0_臺大立體機車停車場,YouBike2.0_臺大椰林小舖,0.78,2.3,500119051.0,500119070.0
YouBike2.0_臺大立體機車停車場,YouBike2.0_臺大計資中心南側,0.874,2.6,500119051.0,500119071.0
YouBike2.0_臺大立體機車停車場,YouBike2.0_臺大原分所北側,0.679,2.0,500119051.0,500119072.0
YouBike2.0_臺大立體機車停車場,YouBike2.0_臺大生命科學館西北側,0.546,1.6,500119051.0,500119074.0
YouBike2.0_臺大立體機車停車場,YouBike2.0_臺大第一活動中心西南側,0.413,1.2,500119051.0,500119075.0
YouBike2.0_臺大立體機車停車場,YouBike2.0_臺大博理館西側,0.561,1.6,500119051.0,500119076.0
YouBike2.0_臺大立體機車停車場,YouBike2.0_臺大博雅館西側,0.991,2.9,500119051.0,500119077.0
YouBike2.0_臺大立體機車停車場,YouBike2.0_臺大森林館北側,0.64,1.9,500119051.0,500119078.0
YouBike2.0_臺大立體機車停車場,YouBike2.0_臺大一號館,1.004,2.9,500119051.0,500119079.0
YouBike2.0_臺大立體機車停車場,YouBike2.0_臺大小小福西南側,0.666,2.0,500119051.0,500119080.0
YouBike2.0_臺大立體機車停車場,YouBike2.0_臺大教研館北側,0.49,1.9,500119051.0,500119081.0
YouBike2.0_臺大立體機車停車場,YouBike2.0_臺大四號館東北側,0.674,2.0,500119051.0,500119082.0
YouBike2.0_臺大立體機車停車場,YouBike2.0_臺大新生教室南側,0.912,2.7,500119051.0,500119083.0
YouBike2.0_臺大立體機車停車場,YouBike2.0_臺大鄭江樓北側,0.478,1.4,500119051.0,500119084.0
YouBike2.0_臺大立體機車停車場,YouBike2.0_臺大電機二館東南側,0.427,1.2,500119051.0,500119085.0
YouBike2.0_臺大立體機車停車場,YouBike2.0_臺大圖資系館北側,0.538,1.6,500119051.0,500119086.0
YouBike2.0_臺大立體機車停車場,YouBike2.0_臺大總圖書館西南側,0.338,1.0,500119051.0,500119087.0
YouBike2.0_臺大立體機車停車場,YouBike2.0_臺大黑森林西側,0.659,3.1,500119051.0,500119088.0
YouBike2.0_臺大立體機車停車場,YouBike2.0_臺大獸醫館南側,0.333,0.9,500119051.0,500119089.0
YouBike2.0_臺大立體機車停車場,YouBike2.0_臺大新體育館東南側,1.175,3.4,500119051.0,500119090.0
YouBike2.0_臺大立體機車停車場,YouBike2.0_臺大明達館北側(員工宿舍),0.475,1.4,500119051.0,500119091.0
YouBike2.0_臺大工綜館南側,YouBike2.0_辛亥復興路口西北側,0.909,3.5,500119052.0,500101005.0
YouBike2.0_臺大工綜館南側,YouBike2.0_新生南路三段52號前,1.027,3.9,500119052.0,500101008.0
YouBike2.0_臺大工綜館南側,YouBike2.0_新生南路三段66號前,0.874,3.5,500119052.0,500101009.0
YouBike2.0_臺大工綜館南側,YouBike2.0_新生南路三段82號前,0.78,3.2,500119052.0,500101010.0
YouBike2.0_臺大工綜館南側,YouBike2.0_銘傳國小側門,1.037,5.6,500119052.0,500101021.0
YouBike2.0_臺大工綜館南側,YouBike2.0_捷運公館站(2號出口),1.01,3.4,500119052.0,500101022.0
YouBike2.0_臺大工綜館南側,YouBike2.0_第二學生活動中心,1.194,4.8,500119052.0,500101023.0
YouBike2.0_臺大工綜館南側,YouBike2.0_臺灣科技大學正門,0.628,2.8,500119052.0,500101024.0
YouBike2.0_臺大工綜館南側,YouBike2.0_臺灣科技大學側門,0.889,3.6,500119052.0,500101025.0
YouBike2.0_臺大工綜館南側,YouBike2.0_臺大男七舍前,0.783,3.2,500119052.0,500101031.0
YouBike2.0_臺大工綜館南側,YouBike2.0_臺大男一舍前,0.585,2.6,500119052.0,500101032.0
YouBike2.0_臺大工綜館南側,YouBike2.0_臺大男六舍前,0.555,2.5,500119052.0,500101033.0
YouBike2.0_臺大工綜館南側,YouBike2.0_臺大動物醫院前,0.675,2.4,500119052.0,500101034.0
YouBike2.0_臺大工綜館南側,YouBike2.0_臺大萬才館前,0.879,3.5,500119052.0,500101036.0
YouBike2.0_臺大工綜館南側,YouBike2.0_臺大國青大樓宿舍前,0.787,3.3,500119052.0,500101037.0
YouBike2.0_臺大工綜館南側,YouBike2.0_臺大社科院圖書館前,0.632,2.2,500119052.0,500101038.0
YouBike2.0_臺大工綜館南側,YouBike2.0_臺大法人語言訓練中心前,0.647,1.9,500119052.0,500101039.0
YouBike2.0_臺大工綜館南側,YouBike2.0_臺大綜合體育館停車場前,0.939,3.1,500119052.0,500101040.0
YouBike2.0_臺大工綜館南側,YouBike2.0_辛亥新生路口東南側,1.006,2.9,500119052.0,500101041.0
YouBike2.0_臺大工綜館南側,YouBike2.0_基隆長興路口東側,0.492,2.6,500119052.0,500101042.0
YouBike2.0_臺大工綜館南側,YouBike2.0_捷運公館站(3號出口),1.101,3.6,500119052.0,500101181.0
YouBike2.0_臺大工綜館南側,YouBike2.0_新生南路三段94巷口,1.347,4.4,500119052.0,500101184.0
YouBike2.0_臺大工綜館南側,YouBike2.0_基隆長興路口,0.471,1.8,500119052.0,500101193.0
YouBike2.0_臺大工綜館南側,YouBike2.0_臺大資訊大樓,0.646,2.3,500119052.0,500101209.0
YouBike2.0_臺大工綜館南側,YouBike2.0_捷運公館站(1號出口),1.024,4.7,500119052.0,500106003.0
YouBike2.0_臺大工綜館南側,YouBike2.0_捷運公館站(4號出口),1.105,4.9,500119052.0,500106004.0
YouBike2.0_臺大工綜館南側,YouBike2.0_臺大男八舍東側,0.581,2.6,500119052.0,500119043.0
YouBike2.0_臺大工綜館南側,YouBike2.0_臺大禮賢樓東南側,0.854,2.5,500119052.0,500119044.0
YouBike2.0_臺大工綜館南側,YouBike2.0_臺大農業陳列館北側,0.672,2.0,500119052.0,500119045.0
YouBike2.0_臺大工綜館南側,YouBike2.0_臺大管理學院二館北側,0.98,4.4,500119052.0,500119046.0
YouBike2.0_臺大工綜館南側,YouBike2.0_臺大土木系館,0.319,1.3,500119052.0,500119047.0
YouBike2.0_臺大工綜館南側,YouBike2.0_臺大大一女舍北側,0.953,2.8,500119052.0,500119048.0
YouBike2.0_臺大工綜館南側,YouBike2.0_臺大女九舍西南側,0.299,0.9,500119052.0,500119049.0
YouBike2.0_臺大工綜館南側,YouBike2.0_臺大小福樓東側,0.531,1.6,500119052.0,500119050.0
YouBike2.0_臺大工綜館南側,YouBike2.0_臺大立體機車停車場,0.39,1.1,500119052.0,500119051.0
YouBike2.0_臺大工綜館南側,YouBike2.0_臺大天文數學館南側,0.553,1.6,500119052.0,500119053.0
YouBike2.0_臺大工綜館南側,YouBike2.0_臺大心理系館南側,0.376,1.1,500119052.0,500119054.0
YouBike2.0_臺大工綜館南側,YouBike2.0_臺大樂學館東側,0.535,1.6,500119052.0,500119055.0
YouBike2.0_臺大工綜館南側,YouBike2.0_臺大農化新館西側,0.824,2.4,500119052.0,500119056.0
YouBike2.0_臺大工綜館南側,YouBike2.0_臺大五號館西側,0.545,1.6,500119052.0,500119057.0
YouBike2.0_臺大工綜館南側,YouBike2.0_臺大舊體育館西側,0.672,2.0,500119052.0,500119058.0
YouBike2.0_臺大工綜館南側,YouBike2.0_臺大共同教室東南側,0.575,1.7,500119052.0,500119060.0
YouBike2.0_臺大工綜館南側,YouBike2.0_臺大鹿鳴堂東側,0.673,2.0,500119052.0,500119061.0
YouBike2.0_臺大工綜館南側,YouBike2.0_臺大公館停車場西北側,1.026,3.5,500119052.0,500119062.0
YouBike2.0_臺大工綜館南側,YouBike2.0_臺大第二行政大樓南側,0.697,2.0,500119052.0,500119063.0
YouBike2.0_臺大工綜館南側,YouBike2.0_臺大明達館機車停車場,0.396,1.1,500119052.0,500119064.0
YouBike2.0_臺大工綜館南側,YouBike2.0_臺大二號館,0.651,1.9,500119052.0,500119065.0
YouBike2.0_臺大工綜館南側,YouBike2.0_臺大凝態館南側,0.752,2.2,500119052.0,500119066.0
YouBike2.0_臺大工綜館南側,YouBike2.0_臺大社科院西側,0.542,1.5,500119052.0,500119067.0
YouBike2.0_臺大工綜館南側,YouBike2.0_臺大社會系館南側,0.41,1.5,500119052.0,500119068.0
YouBike2.0_臺大工綜館南側,YouBike2.0_臺大思亮館東南側,0.42,1.2,500119052.0,500119069.0
YouBike2.0_臺大工綜館南側,YouBike2.0_臺大椰林小舖,0.795,2.3,500119052.0,500119070.0
YouBike2.0_臺大工綜館南側,YouBike2.0_臺大計資中心南側,0.438,1.3,500119052.0,500119071.0
YouBike2.0_臺大工綜館南側,YouBike2.0_臺大原分所北側,0.243,0.7,500119052.0,500119072.0
YouBike2.0_臺大工綜館南側,YouBike2.0_臺大生命科學館西北側,0.594,1.8,500119052.0,500119074.0
YouBike2.0_臺大工綜館南側,YouBike2.0_臺大第一活動中心西南側,0.167,0.5,500119052.0,500119075.0
YouBike2.0_臺大工綜館南側,YouBike2.0_臺大博理館西側,0.335,1.0,500119052.0,500119076.0
YouBike2.0_臺大工綜館南側,YouBike2.0_臺大博雅館西側,0.572,1.7,500119052.0,500119077.0
YouBike2.0_臺大工綜館南側,YouBike2.0_臺大森林館北側,0.407,1.2,500119052.0,500119078.0
YouBike2.0_臺大工綜館南側,YouBike2.0_臺大一號館,0.771,2.2,500119052.0,500119079.0
YouBike2.0_臺大工綜館南側,YouBike2.0_臺大小小福西南側,0.695,2.1,500119052.0,500119080.0
YouBike2.0_臺大工綜館南側,YouBike2.0_臺大教研館北側,0.883,2.6,500119052.0,500119081.0
YouBike2.0_臺大工綜館南側,YouBike2.0_臺大四號館東北側,0.441,1.3,500119052.0,500119082.0
YouBike2.0_臺大工綜館南側,YouBike2.0_臺大新生教室南側,0.334,1.0,500119052.0,500119083.0
YouBike2.0_臺大工綜館南側,YouBike2.0_臺大鄭江樓北側,0.252,0.7,500119052.0,500119084.0
YouBike2.0_臺大工綜館南側,YouBike2.0_臺大電機二館東南側,0.201,0.6,500119052.0,500119085.0
YouBike2.0_臺大工綜館南側,YouBike2.0_臺大圖資系館北側,0.198,0.6,500119052.0,500119086.0
YouBike2.0_臺大工綜館南側,YouBike2.0_臺大總圖書館西南側,0.28,0.8,500119052.0,500119087.0
YouBike2.0_臺大工綜館南側,YouBike2.0_臺大黑森林西側,0.433,2.5,500119052.0,500119088.0
YouBike2.0_臺大工綜館南側,YouBike2.0_臺大獸醫館南側,0.236,0.6,500119052.0,500119089.0
YouBike2.0_臺大工綜館南側,YouBike2.0_臺大新體育館東南側,0.739,2.1,500119052.0,500119090.0
YouBike2.0_臺大工綜館南側,YouBike2.0_臺大明達館北側(員工宿舍),0.468,1.4,500119052.0,500119091.0
YouBike2.0_臺大天文數學館南側,YouBike2.0_辛亥復興路口西北側,0.586,2.6,500119053.0,500101005.0
YouBike2.0_臺大天文數學館南側,YouBike2.0_新生南路三段52號前,0.608,3.0,500119053.0,500101008.0
YouBike2.0_臺大天文數學館南側,YouBike2.0_新生南路三段66號前,0.927,3.6,500119053.0,500101009.0
YouBike2.0_臺大天文數學館南側,YouBike2.0_新生南路三段82號前,0.833,3.4,500119053.0,500101010.0
YouBike2.0_臺大天文數學館南側,YouBike2.0_銘傳國小側門,1.185,6.1,500119053.0,500101021.0
YouBike2.0_臺大天文數學館南側,YouBike2.0_捷運公館站(2號出口),1.157,3.9,500119053.0,500101022.0
YouBike2.0_臺大天文數學館南側,YouBike2.0_第二學生活動中心,1.342,5.3,500119053.0,500101023.0
YouBike2.0_臺大天文數學館南側,YouBike2.0_臺灣科技大學正門,1.227,4.6,500119053.0,500101024.0
YouBike2.0_臺大天文數學館南側,YouBike2.0_臺灣科技大學側門,1.488,5.4,500119053.0,500101025.0
YouBike2.0_臺大天文數學館南側,YouBike2.0_臺大男七舍前,1.337,4.9,500119053.0,500101031.0
YouBike2.0_臺大天文數學館南側,YouBike2.0_臺大男一舍前,1.139,4.3,500119053.0,500101032.0
YouBike2.0_臺大天文數學館南側,YouBike2.0_臺大男六舍前,1.108,4.2,500119053.0,500101033.0
YouBike2.0_臺大天文數學館南側,YouBike2.0_臺大動物醫院前,1.228,4.0,500119053.0,500101034.0
YouBike2.0_臺大天文數學館南側,YouBike2.0_臺大萬才館前,0.782,3.4,500119053.0,500101036.0
YouBike2.0_臺大天文數學館南側,YouBike2.0_臺大國青大樓宿舍前,0.69,3.1,500119053.0,500101037.0
YouBike2.0_臺大天文數學館南側,YouBike2.0_臺大社科院圖書館前,0.535,2.0,500119053.0,500101038.0
YouBike2.0_臺大天文數學館南側,YouBike2.0_臺大法人語言訓練中心前,0.319,1.0,500119053.0,500101039.0
YouBike2.0_臺大天文數學館南側,YouBike2.0_臺大綜合體育館停車場前,0.394,1.6,500119053.0,500101040.0
YouBike2.0_臺大天文數學館南側,YouBike2.0_辛亥新生路口東南側,0.46,1.4,500119053.0,500101041.0
YouBike2.0_臺大天文數學館南側,YouBike2.0_基隆長興路口東側,1.264,5.0,500119053.0,500101042.0
YouBike2.0_臺大天文數學館南側,YouBike2.0_捷運公館站(3號出口),1.285,5.0,500119053.0,500101181.0
YouBike2.0_臺大天文數學館南側,YouBike2.0_新生南路三段94巷口,1.4,4.6,500119053.0,500101184.0
YouBike2.0_臺大天文數學館南側,YouBike2.0_基隆長興路口,1.024,3.4,500119053.0,500101193.0
YouBike2.0_臺大天文數學館南側,YouBike2.0_臺大資訊大樓,0.403,1.6,500119053.0,500101209.0
YouBike2.0_臺大天文數學館南側,YouBike2.0_捷運公館站(1號出口),1.171,5.1,500119053.0,500106003.0
YouBike2.0_臺大天文數學館南側,YouBike2.0_捷運公館站(4號出口),1.252,5.4,500119053.0,500106004.0
YouBike2.0_臺大天文數學館南側,YouBike2.0_臺大男八舍東側,1.135,4.3,500119053.0,500119043.0
YouBike2.0_臺大天文數學館南側,YouBike2.0_臺大禮賢樓東南側,1.001,3.0,500119053.0,500119044.0
YouBike2.0_臺大天文數學館南側,YouBike2.0_臺大農業陳列館北側,0.725,2.1,500119053.0,500119045.0
YouBike2.0_臺大天文數學館南側,YouBike2.0_臺大管理學院二館北側,1.128,4.9,500119053.0,500119046.0
YouBike2.0_臺大天文數學館南側,YouBike2.0_臺大土木系館,0.572,2.0,500119053.0,500119047.0
YouBike2.0_臺大天文數學館南側,YouBike2.0_臺大大一女舍北側,1.008,3.0,500119053.0,500119048.0
YouBike2.0_臺大天文數學館南側,YouBike2.0_臺大女九舍西南側,0.242,0.7,500119053.0,500119049.0
YouBike2.0_臺大天文數學館南側,YouBike2.0_臺大小福樓東側,0.351,1.1,500119053.0,500119050.0
YouBike2.0_臺大天文數學館南側,YouBike2.0_臺大立體機車停車場,0.989,2.9,500119053.0,500119051.0
YouBike2.0_臺大天文數學館南側,YouBike2.0_臺大工綜館南側,0.553,1.6,500119053.0,500119052.0
YouBike2.0_臺大天文數學館南側,YouBike2.0_臺大心理系館南側,0.442,1.3,500119053.0,500119054.0
YouBike2.0_臺大天文數學館南側,YouBike2.0_臺大樂學館東側,0.542,1.6,500119053.0,500119055.0
YouBike2.0_臺大天文數學館南側,YouBike2.0_臺大農化新館西側,0.877,2.6,500119053.0,500119056.0
YouBike2.0_臺大天文數學館南側,YouBike2.0_臺大五號館西側,0.598,1.8,500119053.0,500119057.0
YouBike2.0_臺大天文數學館南側,YouBike2.0_臺大舊體育館西側,0.31,0.9,500119053.0,500119058.0
YouBike2.0_臺大天文數學館南側,YouBike2.0_臺大共同教室東南側,0.723,2.2,500119053.0,500119060.0
YouBike2.0_臺大天文數學館南側,YouBike2.0_臺大鹿鳴堂東側,0.821,2.5,500119053.0,500119061.0
YouBike2.0_臺大天文數學館南側,YouBike2.0_臺大公館停車場西北側,1.174,4.0,500119053.0,500119062.0
YouBike2.0_臺大天文數學館南側,YouBike2.0_臺大第二行政大樓南側,0.75,2.2,500119053.0,500119063.0
YouBike2.0_臺大天文數學館南側,YouBike2.0_臺大明達館機車停車場,0.949,2.8,500119053.0,500119064.0
YouBike2.0_臺大天文數學館南側,YouBike2.0_臺大二號館,0.704,2.1,500119053.0,500119065.0
YouBike2.0_臺大天文數學館南側,YouBike2.0_臺大凝態館南側,0.206,0.6,500119053.0,500119066.0
YouBike2.0_臺大天文數學館南側,YouBike2.0_臺大社科院西側,0.437,1.3,500119053.0,500119067.0
YouBike2.0_臺大天文數學館南側,YouBike2.0_臺大社會系館南側,0.578,2.1,500119053.0,500119068.0
YouBike2.0_臺大天文數學館南側,YouBike2.0_臺大思亮館東南側,0.22,0.7,500119053.0,500119069.0
YouBike2.0_臺大天文數學館南側,YouBike2.0_臺大椰林小舖,0.852,2.5,500119053.0,500119070.0
YouBike2.0_臺大天文數學館南側,YouBike2.0_臺大計資中心南側,0.289,0.9,500119053.0,500119071.0
YouBike2.0_臺大天文數學館南側,YouBike2.0_臺大原分所北側,0.406,1.3,500119053.0,500119072.0
YouBike2.0_臺大天文數學館南側,YouBike2.0_臺大生命科學館西北側,0.741,2.3,500119053.0,500119074.0
YouBike2.0_臺大天文數學館南側,YouBike2.0_臺大第一活動中心西南側,0.589,1.8,500119053.0,500119075.0
YouBike2.0_臺大天文數學館南側,YouBike2.0_臺大博理館西側,0.633,1.9,500119053.0,500119076.0
YouBike2.0_臺大天文數學館南側,YouBike2.0_臺大博雅館西側,0.434,1.3,500119053.0,500119077.0
YouBike2.0_臺大天文數學館南側,YouBike2.0_臺大森林館北側,0.661,2.0,500119053.0,500119078.0
YouBike2.0_臺大天文數學館南側,YouBike2.0_臺大一號館,0.821,2.5,500119053.0,500119079.0
YouBike2.0_臺大天文數學館南側,YouBike2.0_臺大小小福西南側,0.843,2.6,500119053.0,500119080.0
YouBike2.0_臺大天文數學館南側,YouBike2.0_臺大教研館北側,1.03,3.1,500119053.0,500119081.0
YouBike2.0_臺大天文數學館南側,YouBike2.0_臺大四號館東北側,0.529,1.6,500119053.0,500119082.0
YouBike2.0_臺大天文數學館南側,YouBike2.0_臺大新生教室南側,0.241,0.7,500119053.0,500119083.0
YouBike2.0_臺大天文數學館南側,YouBike2.0_臺大鄭江樓北側,0.805,2.3,500119053.0,500119084.0
YouBike2.0_臺大天文數學館南側,YouBike2.0_臺大電機二館東南側,0.762,2.3,500119053.0,500119085.0
YouBike2.0_臺大天文數學館南側,YouBike2.0_臺大圖資系館北側,0.451,1.3,500119053.0,500119086.0
YouBike2.0_臺大天文數學館南側,YouBike2.0_臺大總圖書館西南側,0.68,2.0,500119053.0,500119087.0
YouBike2.0_臺大天文數學館南側,YouBike2.0_臺大黑森林西側,0.775,3.4,500119053.0,500119088.0
YouBike2.0_臺大天文數學館南側,YouBike2.0_臺大獸醫館南側,0.943,2.7,500119053.0,500119089.0
YouBike2.0_臺大天文數學館南側,YouBike2.0_臺大新體育館東南側,0.193,0.6,500119053.0,500119090.0
YouBike2.0_臺大天文數學館南側,YouBike2.0_臺大明達館北側(員工宿舍),1.192,3.5,500119053.0,500119091.0
YouBike2.0_臺大心理系館南側,YouBike2.0_辛亥復興路口西北側,0.863,3.2,500119054.0,500101005.0
YouBike2.0_臺大心理系館南側,YouBike2.0_新生南路三段52號前,1.042,4.2,500119054.0,500101008.0
YouBike2.0_臺大心理系館南側,YouBike2.0_新生南路三段66號前,1.082,4.0,500119054.0,500101009.0
YouBike2.0_臺大心理系館南側,YouBike2.0_新生南路三段82號前,0.988,3.7,500119054.0,500101010.0
YouBike2.0_臺大心理系館南側,YouBike2.0_銘傳國小側門,1.114,5.7,500119054.0,500101021.0
YouBike2.0_臺大心理系館南側,YouBike2.0_捷運公館站(2號出口),1.086,3.5,500119054.0,500101022.0
YouBike2.0_臺大心理系館南側,YouBike2.0_第二學生活動中心,1.271,4.9,500119054.0,500101023.0
YouBike2.0_臺大心理系館南側,YouBike2.0_臺灣科技大學正門,1.05,4.0,500119054.0,500101024.0
YouBike2.0_臺大心理系館南側,YouBike2.0_臺灣科技大學側門,1.311,4.8,500119054.0,500101025.0
YouBike2.0_臺大心理系館南側,YouBike2.0_臺大男七舍前,1.16,4.3,500119054.0,500101031.0
YouBike2.0_臺大心理系館南側,YouBike2.0_臺大男一舍前,0.962,3.7,500119054.0,500101032.0
YouBike2.0_臺大心理系館南側,YouBike2.0_臺大男六舍前,0.931,3.6,500119054.0,500101033.0
YouBike2.0_臺大心理系館南側,YouBike2.0_臺大動物醫院前,1.051,3.4,500119054.0,500101034.0
YouBike2.0_臺大心理系館南側,YouBike2.0_臺大萬才館前,0.691,2.9,500119054.0,500101036.0
YouBike2.0_臺大心理系館南側,YouBike2.0_臺大國青大樓宿舍前,0.599,2.7,500119054.0,500101037.0
YouBike2.0_臺大心理系館南側,YouBike2.0_臺大社科院圖書館前,0.445,1.6,500119054.0,500101038.0
YouBike2.0_臺大心理系館南側,YouBike2.0_臺大法人語言訓練中心前,0.314,0.8,500119054.0,500101039.0
YouBike2.0_臺大心理系館南側,YouBike2.0_臺大綜合體育館停車場前,0.828,2.7,500119054.0,500101040.0
YouBike2.0_臺大心理系館南側,YouBike2.0_辛亥新生路口東南側,0.894,2.5,500119054.0,500101041.0
YouBike2.0_臺大心理系館南側,YouBike2.0_基隆長興路口東側,0.869,3.7,500119054.0,500101042.0
YouBike2.0_臺大心理系館南側,YouBike2.0_捷運公館站(3號出口),1.178,3.8,500119054.0,500101181.0
YouBike2.0_臺大心理系館南側,YouBike2.0_新生南路三段94巷口,1.424,4.5,500119054.0,500101184.0
YouBike2.0_臺大心理系館南側,YouBike2.0_基隆長興路口,0.847,2.8,500119054.0,500101193.0
YouBike2.0_臺大心理系館南側,YouBike2.0_臺大資訊大樓,0.313,1.2,500119054.0,500101209.0
YouBike2.0_臺大心理系館南側,YouBike2.0_捷運公館站(1號出口),1.1,4.8,500119054.0,500106003.0
YouBike2.0_臺大心理系館南側,YouBike2.0_捷運公館站(4號出口),1.181,5.0,500119054.0,500106004.0
YouBike2.0_臺大心理系館南側,YouBike2.0_臺大男八舍東側,0.958,3.6,500119054.0,500119043.0
YouBike2.0_臺大心理系館南側,YouBike2.0_臺大禮賢樓東南側,0.931,2.7,500119054.0,500119044.0
YouBike2.0_臺大心理系館南側,YouBike2.0_臺大農業陳列館北側,0.88,2.5,500119054.0,500119045.0
YouBike2.0_臺大心理系館南側,YouBike2.0_臺大管理學院二館北側,1.057,4.5,500119054.0,500119046.0
YouBike2.0_臺大心理系館南側,YouBike2.0_臺大土木系館,0.396,1.4,500119054.0,500119047.0
YouBike2.0_臺大心理系館南側,YouBike2.0_臺大大一女舍北側,1.03,2.9,500119054.0,500119048.0
YouBike2.0_臺大心理系館南側,YouBike2.0_臺大女九舍西南側,0.188,0.5,500119054.0,500119049.0
YouBike2.0_臺大心理系館南側,YouBike2.0_臺大小福樓東側,0.491,1.4,500119054.0,500119050.0
YouBike2.0_臺大心理系館南側,YouBike2.0_臺大立體機車停車場,0.812,2.3,500119054.0,500119051.0
YouBike2.0_臺大心理系館南側,YouBike2.0_臺大工綜館南側,0.376,1.0,500119054.0,500119052.0
YouBike2.0_臺大心理系館南側,YouBike2.0_臺大天文數學館南側,0.442,1.2,500119054.0,500119053.0
YouBike2.0_臺大心理系館南側,YouBike2.0_臺大樂學館東側,0.727,2.0,500119054.0,500119055.0
YouBike2.0_臺大心理系館南側,YouBike2.0_臺大農化新館西側,0.901,2.5,500119054.0,500119056.0
YouBike2.0_臺大心理系館南側,YouBike2.0_臺大五號館西側,0.621,1.7,500119054.0,500119057.0
YouBike2.0_臺大心理系館南側,YouBike2.0_臺大舊體育館西側,0.561,1.6,500119054.0,500119058.0
YouBike2.0_臺大心理系館南側,YouBike2.0_臺大共同教室東南側,0.652,1.9,500119054.0,500119060.0
YouBike2.0_臺大心理系館南側,YouBike2.0_臺大鹿鳴堂東側,0.75,2.1,500119054.0,500119061.0
YouBike2.0_臺大心理系館南側,YouBike2.0_臺大公館停車場西北側,1.103,3.6,500119054.0,500119062.0
YouBike2.0_臺大心理系館南側,YouBike2.0_臺大第二行政大樓南側,0.774,2.2,500119054.0,500119063.0
YouBike2.0_臺大心理系館南側,YouBike2.0_臺大明達館機車停車場,0.773,2.2,500119054.0,500119064.0
YouBike2.0_臺大心理系館南側,YouBike2.0_臺大二號館,0.728,2.0,500119054.0,500119065.0
YouBike2.0_臺大心理系館南側,YouBike2.0_臺大凝態館南側,0.64,1.8,500119054.0,500119066.0
YouBike2.0_臺大心理系館南側,YouBike2.0_臺大社科院西側,0.243,0.6,500119054.0,500119067.0
YouBike2.0_臺大心理系館南側,YouBike2.0_臺大社會系館南側,0.397,1.4,500119054.0,500119068.0
YouBike2.0_臺大心理系館南側,YouBike2.0_臺大思亮館東南側,0.311,0.8,500119054.0,500119069.0
YouBike2.0_臺大心理系館南側,YouBike2.0_臺大椰林小舖,0.871,2.5,500119054.0,500119070.0
YouBike2.0_臺大心理系館南側,YouBike2.0_臺大計資中心南側,0.162,0.4,500119054.0,500119071.0
YouBike2.0_臺大心理系館南側,YouBike2.0_臺大原分所北側,0.217,0.6,500119054.0,500119072.0
YouBike2.0_臺大心理系館南側,YouBike2.0_臺大生命科學館西北側,0.67,1.9,500119054.0,500119074.0
YouBike2.0_臺大心理系館南側,YouBike2.0_臺大第一活動中心西南側,0.413,1.1,500119054.0,500119075.0
YouBike2.0_臺大心理系館南側,YouBike2.0_臺大博理館西側,0.452,1.2,500119054.0,500119076.0
YouBike2.0_臺大心理系館南側,YouBike2.0_臺大博雅館西側,0.631,1.8,500119054.0,500119077.0
YouBike2.0_臺大心理系館南側,YouBike2.0_臺大森林館北側,0.484,1.4,500119054.0,500119078.0
YouBike2.0_臺大心理系館南側,YouBike2.0_臺大一號館,0.848,2.4,500119054.0,500119079.0
YouBike2.0_臺大心理系館南側,YouBike2.0_臺大小小福西南側,0.772,2.2,500119054.0,500119080.0
YouBike2.0_臺大心理系館南側,YouBike2.0_臺大教研館北側,0.959,2.8,500119054.0,500119081.0
YouBike2.0_臺大心理系館南側,YouBike2.0_臺大四號館東北側,0.517,1.4,500119054.0,500119082.0
YouBike2.0_臺大心理系館南側,YouBike2.0_臺大新生教室南側,0.364,1.0,500119054.0,500119083.0
YouBike2.0_臺大心理系館南側,YouBike2.0_臺大鄭江樓北側,0.628,1.7,500119054.0,500119084.0
YouBike2.0_臺大心理系館南側,YouBike2.0_臺大電機二館東南側,0.578,1.6,500119054.0,500119085.0
YouBike2.0_臺大心理系館南側,YouBike2.0_臺大圖資系館北側,0.274,0.7,500119054.0,500119086.0
YouBike2.0_臺大心理系館南側,YouBike2.0_臺大總圖書館西南側,0.503,1.4,500119054.0,500119087.0
YouBike2.0_臺大心理系館南側,YouBike2.0_臺大黑森林西側,0.593,2.7,500119054.0,500119088.0
YouBike2.0_臺大心理系館南側,YouBike2.0_臺大獸醫館南側,0.767,2.1,500119054.0,500119089.0
YouBike2.0_臺大心理系館南側,YouBike2.0_臺大新體育館東南側,0.628,1.7,500119054.0,500119090.0
YouBike2.0_臺大心理系館南側,YouBike2.0_臺大明達館北側(員工宿舍),1.015,2.9,500119054.0,500119091.0
YouBike2.0_臺大樂學館東側,YouBike2.0_辛亥復興路口西北側,1.264,4.2,500119055.0,500101005.0
YouBike2.0_臺大樂學館東側,YouBike2.0_新生南路三段52號前,0.591,2.6,500119055.0,500101008.0
YouBike2.0_臺大樂學館東側,YouBike2.0_新生南路三段66號前,0.438,2.2,500119055.0,500101009.0
YouBike2.0_臺大樂學館東側,YouBike2.0_新生南路三段82號前,0.344,1.9,500119055.0,500101010.0
YouBike2.0_臺大樂學館東側,YouBike2.0_銘傳國小側門,0.718,4.6,500119055.0,500101021.0
YouBike2.0_臺大樂學館東側,YouBike2.0_捷運公館站(2號出口),0.691,2.4,500119055.0,500101022.0
YouBike2.0_臺大樂學館東側,YouBike2.0_第二學生活動中心,0.876,3.8,500119055.0,500101023.0
YouBike2.0_臺大樂學館東側,YouBike2.0_臺灣科技大學正門,1.12,4.3,500119055.0,500101024.0
YouBike2.0_臺大樂學館東側,YouBike2.0_臺灣科技大學側門,0.937,4.6,500119055.0,500101025.0
YouBike2.0_臺大樂學館東側,YouBike2.0_臺大男七舍前,1.4,5.0,500119055.0,500101031.0
YouBike2.0_臺大樂學館東側,YouBike2.0_臺大男一舍前,1.202,4.4,500119055.0,500101032.0
YouBike2.0_臺大樂學館東側,YouBike2.0_臺大男六舍前,1.172,4.3,500119055.0,500101033.0
YouBike2.0_臺大樂學館東側,YouBike2.0_臺大動物醫院前,1.292,4.2,500119055.0,500101034.0
YouBike2.0_臺大樂學館東側,YouBike2.0_臺大萬才館前,1.319,5.0,500119055.0,500101036.0
YouBike2.0_臺大樂學館東側,YouBike2.0_臺大國青大樓宿舍前,1.228,4.7,500119055.0,500101037.0
YouBike2.0_臺大樂學館東側,YouBike2.0_臺大社科院圖書館前,1.073,3.6,500119055.0,500101038.0
YouBike2.0_臺大樂學館東側,YouBike2.0_臺大法人語言訓練中心前,0.857,2.6,500119055.0,500101039.0
YouBike2.0_臺大樂學館東側,YouBike2.0_臺大綜合體育館停車場前,0.526,1.9,500119055.0,500101040.0
YouBike2.0_臺大樂學館東側,YouBike2.0_辛亥新生路口東南側,0.585,1.7,500119055.0,500101041.0
YouBike2.0_臺大樂學館東側,YouBike2.0_基隆長興路口東側,1.109,4.5,500119055.0,500101042.0
YouBike2.0_臺大樂學館東側,YouBike2.0_捷運公館站(3號出口),0.826,3.6,500119055.0,500101181.0
YouBike2.0_臺大樂學館東側,YouBike2.0_新生南路三段94巷口,0.941,3.2,500119055.0,500101184.0
YouBike2.0_臺大樂學館東側,YouBike2.0_基隆長興路口,1.088,3.6,500119055.0,500101193.0
YouBike2.0_臺大樂學館東側,YouBike2.0_臺大資訊大樓,0.941,3.2,500119055.0,500101209.0
YouBike2.0_臺大樂學館東側,YouBike2.0_捷運公館站(1號出口),0.705,3.7,500119055.0,500106003.0
YouBike2.0_臺大樂學館東側,YouBike2.0_捷運公館站(4號出口),0.786,3.9,500119055.0,500106004.0
YouBike2.0_臺大樂學館東側,YouBike2.0_臺大男八舍東側,1.198,4.4,500119055.0,500119043.0
YouBike2.0_臺大樂學館東側,YouBike2.0_臺大禮賢樓東南側,0.701,2.0,500119055.0,500119044.0
YouBike2.0_臺大樂學館東側,YouBike2.0_臺大農業陳列館北側,0.236,0.7,500119055.0,500119045.0
YouBike2.0_臺大樂學館東側,YouBike2.0_臺大管理學院二館北側,0.827,3.9,500119055.0,500119046.0
YouBike2.0_臺大樂學館東側,YouBike2.0_臺大土木系館,0.422,1.6,500119055.0,500119047.0
YouBike2.0_臺大樂學館東側,YouBike2.0_臺大大一女舍北側,0.549,1.6,500119055.0,500119048.0
YouBike2.0_臺大樂學館東側,YouBike2.0_臺大女九舍西南側,0.516,1.5,500119055.0,500119049.0
YouBike2.0_臺大樂學館東側,YouBike2.0_臺大小福樓東側,0.275,0.8,500119055.0,500119050.0
YouBike2.0_臺大樂學館東側,YouBike2.0_臺大立體機車停車場,0.882,2.5,500119055.0,500119051.0
YouBike2.0_臺大樂學館東側,YouBike2.0_臺大工綜館南側,0.649,1.9,500119055.0,500119052.0
YouBike2.0_臺大樂學館東側,YouBike2.0_臺大天文數學館南側,0.542,1.6,500119055.0,500119053.0
YouBike2.0_臺大樂學館東側,YouBike2.0_臺大心理系館南側,0.726,2.1,500119055.0,500119054.0
YouBike2.0_臺大樂學館東側,YouBike2.0_臺大農化新館西側,0.418,1.2,500119055.0,500119056.0
YouBike2.0_臺大樂學館東側,YouBike2.0_臺大五號館西側,0.27,0.8,500119055.0,500119057.0
YouBike2.0_臺大樂學館東側,YouBike2.0_臺大舊體育館西側,0.208,0.6,500119055.0,500119058.0
YouBike2.0_臺大樂學館東側,YouBike2.0_臺大共同教室東南側,0.493,1.4,500119055.0,500119060.0
YouBike2.0_臺大樂學館東側,YouBike2.0_臺大鹿鳴堂東側,0.52,1.5,500119055.0,500119061.0
YouBike2.0_臺大樂學館東側,YouBike2.0_臺大公館停車場西北側,0.893,3.0,500119055.0,500119062.0
YouBike2.0_臺大樂學館東側,YouBike2.0_臺大第二行政大樓南側,0.291,0.8,500119055.0,500119063.0
YouBike2.0_臺大樂學館東側,YouBike2.0_臺大明達館機車停車場,1.013,2.9,500119055.0,500119064.0
YouBike2.0_臺大樂學館東側,YouBike2.0_臺大二號館,0.245,0.7,500119055.0,500119065.0
YouBike2.0_臺大樂學館東側,YouBike2.0_臺大凝態館南側,0.453,1.3,500119055.0,500119066.0
YouBike2.0_臺大樂學館東側,YouBike2.0_臺大社科院西側,0.969,2.9,500119055.0,500119067.0
YouBike2.0_臺大樂學館東側,YouBike2.0_臺大社會系館南側,1.116,3.7,500119055.0,500119068.0
YouBike2.0_臺大樂學館東側,YouBike2.0_臺大思亮館東南側,0.634,1.9,500119055.0,500119069.0
YouBike2.0_臺大樂學館東側,YouBike2.0_臺大椰林小舖,0.393,1.1,500119055.0,500119070.0
YouBike2.0_臺大樂學館東側,YouBike2.0_臺大計資中心南側,0.655,1.9,500119055.0,500119071.0
YouBike2.0_臺大樂學館東側,YouBike2.0_臺大原分所北側,0.377,1.1,500119055.0,500119072.0
YouBike2.0_臺大樂學館東側,YouBike2.0_臺大生命科學館西北側,0.509,1.5,500119055.0,500119074.0
YouBike2.0_臺大樂學館東側,YouBike2.0_臺大第一活動中心西南側,0.483,1.4,500119055.0,500119075.0
YouBike2.0_臺大樂學館東側,YouBike2.0_臺大博理館西側,1.171,3.5,500119055.0,500119076.0
YouBike2.0_臺大樂學館東側,YouBike2.0_臺大博雅館西側,0.108,0.3,500119055.0,500119077.0
YouBike2.0_臺大樂學館東側,YouBike2.0_臺大森林館北側,0.404,1.2,500119055.0,500119078.0
YouBike2.0_臺大樂學館東側,YouBike2.0_臺大一號館,0.237,0.7,500119055.0,500119079.0
YouBike2.0_臺大樂學館東側,YouBike2.0_臺大小小福西南側,0.404,1.2,500119055.0,500119080.0
YouBike2.0_臺大樂學館東側,YouBike2.0_臺大教研館北側,0.749,2.2,500119055.0,500119081.0
YouBike2.0_臺大樂學館東側,YouBike2.0_臺大四號館東北側,0.297,0.9,500119055.0,500119082.0
YouBike2.0_臺大樂學館東側,YouBike2.0_臺大新生教室南側,0.435,1.3,500119055.0,500119083.0
YouBike2.0_臺大樂學館東側,YouBike2.0_臺大鄭江樓北側,0.981,2.8,500119055.0,500119084.0
YouBike2.0_臺大樂學館東側,YouBike2.0_臺大電機二館東南側,0.851,2.4,500119055.0,500119085.0
YouBike2.0_臺大樂學館東側,YouBike2.0_臺大圖資系館北側,0.452,1.3,500119055.0,500119086.0
YouBike2.0_臺大樂學館東側,YouBike2.0_臺大總圖書館西南側,0.573,1.7,500119055.0,500119087.0
YouBike2.0_臺大樂學館東側,YouBike2.0_臺大黑森林西側,1.312,5.0,500119055.0,500119088.0
YouBike2.0_臺大樂學館東側,YouBike2.0_臺大獸醫館南側,0.837,2.4,500119055.0,500119089.0
YouBike2.0_臺大樂學館東側,YouBike2.0_臺大新體育館東南側,0.359,1.0,500119055.0,500119090.0
YouBike2.0_臺大樂學館東側,YouBike2.0_臺大明達館北側(員工宿舍),1.085,3.1,500119055.0,500119091.0
YouBike2.0_臺大農化新館西側,YouBike2.0_辛亥復興路口西北側,1.505,4.9,500119056.0,500101005.0
YouBike2.0_臺大農化新館西側,YouBike2.0_新生南路三段52號前,0.988,3.4,500119056.0,500101008.0
YouBike2.0_臺大農化新館西側,YouBike2.0_新生南路三段66號前,0.835,3.0,500119056.0,500101009.0
YouBike2.0_臺大農化新館西側,YouBike2.0_新生南路三段82號前,0.742,2.7,500119056.0,500101010.0
YouBike2.0_臺大農化新館西側,YouBike2.0_銘傳國小側門,0.515,4.0,500119056.0,500101021.0
YouBike2.0_臺大農化新館西側,YouBike2.0_捷運公館站(2號出口),0.488,1.9,500119056.0,500101022.0
YouBike2.0_臺大農化新館西側,YouBike2.0_第二學生活動中心,0.673,3.2,500119056.0,500101023.0
YouBike2.0_臺大農化新館西側,YouBike2.0_臺灣科技大學正門,1.14,4.3,500119056.0,500101024.0
YouBike2.0_臺大農化新館西側,YouBike2.0_臺灣科技大學側門,0.786,4.2,500119056.0,500101025.0
YouBike2.0_臺大農化新館西側,YouBike2.0_臺大男七舍前,1.42,5.1,500119056.0,500101031.0
YouBike2.0_臺大農化新館西側,YouBike2.0_臺大男一舍前,1.222,4.5,500119056.0,500101032.0
YouBike2.0_臺大農化新館西側,YouBike2.0_臺大男六舍前,1.192,4.4,500119056.0,500101033.0
YouBike2.0_臺大農化新館西側,YouBike2.0_臺大動物醫院前,1.311,4.2,500119056.0,500101034.0
YouBike2.0_臺大農化新館西側,YouBike2.0_臺大萬才館前,1.624,5.8,500119056.0,500101036.0
YouBike2.0_臺大農化新館西側,YouBike2.0_臺大國青大樓宿舍前,1.484,5.4,500119056.0,500101037.0
YouBike2.0_臺大農化新館西側,YouBike2.0_臺大社科院圖書館前,1.329,4.3,500119056.0,500101038.0
YouBike2.0_臺大農化新館西側,YouBike2.0_臺大法人語言訓練中心前,1.162,3.4,500119056.0,500101039.0
YouBike2.0_臺大農化新館西側,YouBike2.0_臺大綜合體育館停車場前,0.767,2.6,500119056.0,500101040.0
YouBike2.0_臺大農化新館西側,YouBike2.0_辛亥新生路口東南側,0.826,2.3,500119056.0,500101041.0
YouBike2.0_臺大農化新館西側,YouBike2.0_基隆長興路口東側,1.129,4.5,500119056.0,500101042.0
YouBike2.0_臺大農化新館西側,YouBike2.0_捷運公館站(3號出口),0.457,2.6,500119056.0,500101181.0
YouBike2.0_臺大農化新館西側,YouBike2.0_新生南路三段94巷口,0.572,2.2,500119056.0,500101184.0
YouBike2.0_臺大農化新館西側,YouBike2.0_基隆長興路口,1.107,3.6,500119056.0,500101193.0
YouBike2.0_臺大農化新館西側,YouBike2.0_臺大資訊大樓,1.246,4.1,500119056.0,500101209.0
YouBike2.0_臺大農化新館西側,YouBike2.0_捷運公館站(1號出口),0.502,3.1,500119056.0,500106003.0
YouBike2.0_臺大農化新館西側,YouBike2.0_捷運公館站(4號出口),0.583,3.4,500119056.0,500106004.0
YouBike2.0_臺大農化新館西側,YouBike2.0_臺大男八舍東側,1.218,4.5,500119056.0,500119043.0
YouBike2.0_臺大農化新館西側,YouBike2.0_臺大禮賢樓東南側,0.55,1.6,500119056.0,500119044.0
YouBike2.0_臺大農化新館西側,YouBike2.0_臺大農業陳列館北側,0.358,1.0,500119056.0,500119045.0
YouBike2.0_臺大農化新館西側,YouBike2.0_臺大管理學院二館北側,0.677,3.5,500119056.0,500119046.0
YouBike2.0_臺大農化新館西側,YouBike2.0_臺大土木系館,0.548,1.9,500119056.0,500119047.0
YouBike2.0_臺大農化新館西側,YouBike2.0_臺大大一女舍北側,0.3,0.9,500119056.0,500119048.0
YouBike2.0_臺大農化新館西側,YouBike2.0_臺大女九舍西南側,0.774,2.2,500119056.0,500119049.0
YouBike2.0_臺大農化新館西側,YouBike2.0_臺大小福樓東側,0.526,1.5,500119056.0,500119050.0
YouBike2.0_臺大農化新館西側,YouBike2.0_臺大立體機車停車場,0.902,2.6,500119056.0,500119051.0
YouBike2.0_臺大農化新館西側,YouBike2.0_臺大工綜館南側,0.775,2.2,500119056.0,500119052.0
YouBike2.0_臺大農化新館西側,YouBike2.0_臺大天文數學館南側,0.828,2.4,500119056.0,500119053.0
YouBike2.0_臺大農化新館西側,YouBike2.0_臺大心理系館南側,0.852,2.4,500119056.0,500119054.0
YouBike2.0_臺大農化新館西側,YouBike2.0_臺大樂學館東側,0.241,0.6,500119056.0,500119055.0
YouBike2.0_臺大農化新館西側,YouBike2.0_臺大五號館西側,0.307,0.9,500119056.0,500119057.0
YouBike2.0_臺大農化新館西側,YouBike2.0_臺大舊體育館西側,0.449,1.2,500119056.0,500119058.0
YouBike2.0_臺大農化新館西側,YouBike2.0_臺大共同教室東南側,0.342,1.0,500119056.0,500119060.0
YouBike2.0_臺大農化新館西側,YouBike2.0_臺大鹿鳴堂東側,0.369,1.1,500119056.0,500119061.0
YouBike2.0_臺大農化新館西側,YouBike2.0_臺大公館停車場西北側,0.742,2.6,500119056.0,500119062.0
YouBike2.0_臺大農化新館西側,YouBike2.0_臺大第二行政大樓南側,0.127,0.4,500119056.0,500119063.0
YouBike2.0_臺大農化新館西側,YouBike2.0_臺大明達館機車停車場,1.033,3.0,500119056.0,500119064.0
YouBike2.0_臺大農化新館西側,YouBike2.0_臺大二號館,0.124,0.3,500119056.0,500119065.0
YouBike2.0_臺大農化新館西側,YouBike2.0_臺大凝態館南側,0.694,1.9,500119056.0,500119066.0
YouBike2.0_臺大農化新館西側,YouBike2.0_臺大社科院西側,1.144,3.2,500119056.0,500119067.0
YouBike2.0_臺大農化新館西側,YouBike2.0_臺大社會系館南側,1.248,3.9,500119056.0,500119068.0
YouBike2.0_臺大農化新館西側,YouBike2.0_臺大思亮館東南側,0.898,2.5,500119056.0,500119069.0
YouBike2.0_臺大農化新館西側,YouBike2.0_臺大椰林小舖,0.145,0.5,500119056.0,500119070.0
YouBike2.0_臺大農化新館西側,YouBike2.0_臺大計資中心南側,0.913,2.6,500119056.0,500119071.0
YouBike2.0_臺大農化新館西側,YouBike2.0_臺大原分所北側,0.641,1.9,500119056.0,500119072.0
YouBike2.0_臺大農化新館西側,YouBike2.0_臺大生命科學館西北側,0.4,1.2,500119056.0,500119074.0
YouBike2.0_臺大農化新館西側,YouBike2.0_臺大第一活動中心西南側,0.608,1.7,500119056.0,500119075.0
YouBike2.0_臺大農化新館西側,YouBike2.0_臺大博理館西側,1.11,3.1,500119056.0,500119076.0
YouBike2.0_臺大農化新館西側,YouBike2.0_臺大博雅館西側,0.349,0.9,500119056.0,500119077.0
YouBike2.0_臺大農化新館西側,YouBike2.0_臺大森林館北側,0.441,1.3,500119056.0,500119078.0
YouBike2.0_臺大農化新館西側,YouBike2.0_臺大一號館,0.153,0.4,500119056.0,500119079.0
YouBike2.0_臺大農化新館西側,YouBike2.0_臺大小小福西南側,0.253,0.8,500119056.0,500119080.0
YouBike2.0_臺大農化新館西側,YouBike2.0_臺大教研館北側,0.598,1.8,500119056.0,500119081.0
YouBike2.0_臺大農化新館西側,YouBike2.0_臺大四號館東北側,0.333,0.9,500119056.0,500119082.0
YouBike2.0_臺大農化新館西側,YouBike2.0_臺大新生教室南側,0.687,2.0,500119056.0,500119083.0
YouBike2.0_臺大農化新館西側,YouBike2.0_臺大鄭江樓北側,1.106,3.1,500119056.0,500119084.0
YouBike2.0_臺大農化新館西側,YouBike2.0_臺大電機二館東南側,0.976,2.8,500119056.0,500119085.0
YouBike2.0_臺大農化新館西側,YouBike2.0_臺大圖資系館北側,0.577,1.6,500119056.0,500119086.0
YouBike2.0_臺大農化新館西側,YouBike2.0_臺大總圖書館西南側,0.595,1.7,500119056.0,500119087.0
YouBike2.0_臺大農化新館西側,YouBike2.0_臺大黑森林西側,1.288,4.9,500119056.0,500119088.0
YouBike2.0_臺大農化新館西側,YouBike2.0_臺大獸醫館南側,0.962,2.7,500119056.0,500119089.0
YouBike2.0_臺大農化新館西側,YouBike2.0_臺大新體育館東南側,0.6,1.7,500119056.0,500119090.0
YouBike2.0_臺大農化新館西側,YouBike2.0_臺大明達館北側(員工宿舍),1.105,3.2,500119056.0,500119091.0
YouBike2.0_臺大五號館西側,YouBike2.0_辛亥復興路口西北側,1.628,5.3,500119057.0,500101005.0
YouBike2.0_臺大五號館西側,YouBike2.0_新生南路三段52號前,1.295,4.2,500119057.0,500101008.0
YouBike2.0_臺大五號館西側,YouBike2.0_新生南路三段66號前,1.142,3.8,500119057.0,500101009.0
YouBike2.0_臺大五號館西側,YouBike2.0_新生南路三段82號前,1.048,3.5,500119057.0,500101010.0
YouBike2.0_臺大五號館西側,YouBike2.0_銘傳國小側門,0.68,4.5,500119057.0,500101021.0
YouBike2.0_臺大五號館西側,YouBike2.0_捷運公館站(2號出口),0.652,2.3,500119057.0,500101022.0
YouBike2.0_臺大五號館西側,YouBike2.0_第二學生活動中心,0.837,3.7,500119057.0,500101023.0
YouBike2.0_臺大五號館西側,YouBike2.0_臺灣科技大學正門,0.972,3.8,500119057.0,500101024.0
YouBike2.0_臺大五號館西側,YouBike2.0_臺灣科技大學側門,0.714,4.0,500119057.0,500101025.0
YouBike2.0_臺大五號館西側,YouBike2.0_臺大男七舍前,1.194,4.4,500119057.0,500101031.0
YouBike2.0_臺大五號館西側,YouBike2.0_臺大男一舍前,0.996,3.8,500119057.0,500101032.0
YouBike2.0_臺大五號館西側,YouBike2.0_臺大男六舍前,0.965,3.7,500119057.0,500101033.0
YouBike2.0_臺大五號館西側,YouBike2.0_臺大動物醫院前,1.085,3.6,500119057.0,500101034.0
YouBike2.0_臺大五號館西側,YouBike2.0_臺大萬才館前,1.345,5.0,500119057.0,500101036.0
YouBike2.0_臺大五號館西側,YouBike2.0_臺大國青大樓宿舍前,1.253,4.8,500119057.0,500101037.0
YouBike2.0_臺大五號館西側,YouBike2.0_臺大社科院圖書館前,1.098,3.7,500119057.0,500101038.0
YouBike2.0_臺大五號館西側,YouBike2.0_臺大法人語言訓練中心前,0.882,2.6,500119057.0,500101039.0
YouBike2.0_臺大五號館西側,YouBike2.0_臺大綜合體育館停車場前,0.891,3.0,500119057.0,500101040.0
YouBike2.0_臺大五號館西側,YouBike2.0_辛亥新生路口東南側,0.957,2.8,500119057.0,500101041.0
YouBike2.0_臺大五號館西側,YouBike2.0_基隆長興路口東側,0.902,3.8,500119057.0,500101042.0
YouBike2.0_臺大五號館西側,YouBike2.0_捷運公館站(3號出口),0.764,3.4,500119057.0,500101181.0
YouBike2.0_臺大五號館西側,YouBike2.0_新生南路三段94巷口,0.879,3.0,500119057.0,500101184.0
YouBike2.0_臺大五號館西側,YouBike2.0_基隆長興路口,0.881,3.0,500119057.0,500101193.0
YouBike2.0_臺大五號館西側,YouBike2.0_臺大資訊大樓,0.966,3.3,500119057.0,500101209.0
YouBike2.0_臺大五號館西側,YouBike2.0_捷運公館站(1號出口),0.666,3.6,500119057.0,500106003.0
YouBike2.0_臺大五號館西側,YouBike2.0_捷運公館站(4號出口),0.748,3.8,500119057.0,500106004.0
YouBike2.0_臺大五號館西側,YouBike2.0_臺大男八舍東側,0.992,3.8,500119057.0,500119043.0
YouBike2.0_臺大五號館西側,YouBike2.0_臺大禮賢樓東南側,0.497,1.5,500119057.0,500119044.0
YouBike2.0_臺大五號館西側,YouBike2.0_臺大農業陳列館北側,0.598,1.7,500119057.0,500119045.0
YouBike2.0_臺大五號館西側,YouBike2.0_臺大管理學院二館北側,0.623,3.4,500119057.0,500119046.0
YouBike2.0_臺大五號館西側,YouBike2.0_臺大土木系館,0.318,1.2,500119057.0,500119047.0
YouBike2.0_臺大五號館西側,YouBike2.0_臺大大一女舍北側,0.487,1.4,500119057.0,500119048.0
YouBike2.0_臺大五號館西側,YouBike2.0_臺大女九舍西南側,0.544,1.5,500119057.0,500119049.0
YouBike2.0_臺大五號館西側,YouBike2.0_臺大小福樓東側,0.247,0.7,500119057.0,500119050.0
YouBike2.0_臺大五號館西側,YouBike2.0_臺大立體機車停車場,0.675,1.9,500119057.0,500119051.0
YouBike2.0_臺大五號館西側,YouBike2.0_臺大工綜館南側,0.545,1.5,500119057.0,500119052.0
YouBike2.0_臺大五號館西側,YouBike2.0_臺大天文數學館南側,0.598,1.7,500119057.0,500119053.0
YouBike2.0_臺大五號館西側,YouBike2.0_臺大心理系館南側,0.621,1.8,500119057.0,500119054.0
YouBike2.0_臺大五號館西側,YouBike2.0_臺大樂學館東側,0.274,0.7,500119057.0,500119055.0
YouBike2.0_臺大五號館西側,YouBike2.0_臺大農化新館西側,0.356,1.0,500119057.0,500119056.0
YouBike2.0_臺大五號館西側,YouBike2.0_臺大舊體育館西側,0.557,1.6,500119057.0,500119058.0
YouBike2.0_臺大五號館西側,YouBike2.0_臺大共同教室東南側,0.218,0.7,500119057.0,500119060.0
YouBike2.0_臺大五號館西側,YouBike2.0_臺大鹿鳴堂東側,0.316,0.9,500119057.0,500119061.0
YouBike2.0_臺大五號館西側,YouBike2.0_臺大公館停車場西北側,0.669,2.4,500119057.0,500119062.0
YouBike2.0_臺大五號館西側,YouBike2.0_臺大第二行政大樓南側,0.229,0.6,500119057.0,500119063.0
YouBike2.0_臺大五號館西側,YouBike2.0_臺大明達館機車停車場,0.806,2.3,500119057.0,500119064.0
YouBike2.0_臺大五號館西側,YouBike2.0_臺大二號館,0.183,0.5,500119057.0,500119065.0
YouBike2.0_臺大五號館西側,YouBike2.0_臺大凝態館南側,0.703,2.0,500119057.0,500119066.0
YouBike2.0_臺大五號館西側,YouBike2.0_臺大社科院西側,0.864,2.4,500119057.0,500119067.0
YouBike2.0_臺大五號館西側,YouBike2.0_臺大社會系館南側,1.018,3.2,500119057.0,500119068.0
YouBike2.0_臺大五號館西側,YouBike2.0_臺大思亮館東南側,0.668,1.9,500119057.0,500119069.0
YouBike2.0_臺大五號館西側,YouBike2.0_臺大椰林小舖,0.331,0.9,500119057.0,500119070.0
YouBike2.0_臺大五號館西側,YouBike2.0_臺大計資中心南側,0.683,1.9,500119057.0,500119071.0
YouBike2.0_臺大五號館西側,YouBike2.0_臺大原分所北側,0.411,1.2,500119057.0,500119072.0
YouBike2.0_臺大五號館西側,YouBike2.0_臺大生命科學館西北側,0.237,0.7,500119057.0,500119074.0
YouBike2.0_臺大五號館西側,YouBike2.0_臺大第一活動中心西南側,0.378,1.1,500119057.0,500119075.0
YouBike2.0_臺大五號館西側,YouBike2.0_臺大博理館西側,0.88,2.5,500119057.0,500119076.0
YouBike2.0_臺大五號館西側,YouBike2.0_臺大博雅館西側,0.474,1.3,500119057.0,500119077.0
YouBike2.0_臺大五號館西側,YouBike2.0_臺大森林館北側,0.21,0.6,500119057.0,500119078.0
YouBike2.0_臺大五號館西側,YouBike2.0_臺大一號館,0.303,0.8,500119057.0,500119079.0
YouBike2.0_臺大五號館西側,YouBike2.0_臺大小小福西南側,0.338,1.0,500119057.0,500119080.0
YouBike2.0_臺大五號館西側,YouBike2.0_臺大教研館北側,0.526,1.6,500119057.0,500119081.0
YouBike2.0_臺大五號館西側,YouBike2.0_臺大四號館東北側,0.102,0.3,500119057.0,500119082.0
YouBike2.0_臺大五號館西側,YouBike2.0_臺大新生教室南側,0.457,1.3,500119057.0,500119083.0
YouBike2.0_臺大五號館西側,YouBike2.0_臺大鄭江樓北側,0.876,2.5,500119057.0,500119084.0
YouBike2.0_臺大五號館西側,YouBike2.0_臺大電機二館東南側,0.746,2.1,500119057.0,500119085.0
YouBike2.0_臺大五號館西側,YouBike2.0_臺大圖資系館北側,0.347,1.0,500119057.0,500119086.0
YouBike2.0_臺大五號館西側,YouBike2.0_臺大總圖書館西南側,0.365,1.1,500119057.0,500119087.0
YouBike2.0_臺大五號館西側,YouBike2.0_臺大黑森林西側,1.058,4.2,500119057.0,500119088.0
YouBike2.0_臺大五號館西側,YouBike2.0_臺大獸醫館南側,0.732,2.0,500119057.0,500119089.0
YouBike2.0_臺大五號館西側,YouBike2.0_臺大新體育館東南側,0.686,1.9,500119057.0,500119090.0
YouBike2.0_臺大五號館西側,YouBike2.0_臺大明達館北側(員工宿舍),0.936,2.7,500119057.0,500119091.0
YouBike2.0_臺大舊體育館西側,YouBike2.0_辛亥復興路口西北側,1.056,3.6,500119058.0,500101005.0
YouBike2.0_臺大舊體育館西側,YouBike2.0_新生南路三段52號前,0.549,2.8,500119058.0,500101008.0
YouBike2.0_臺大舊體育館西側,YouBike2.0_新生南路三段66號前,0.547,2.5,500119058.0,500101009.0
YouBike2.0_臺大舊體育館西側,YouBike2.0_新生南路三段82號前,0.454,2.2,500119058.0,500101010.0
YouBike2.0_臺大舊體育館西側,YouBike2.0_銘傳國小側門,0.926,5.2,500119058.0,500101021.0
YouBike2.0_臺大舊體育館西側,YouBike2.0_捷運公館站(2號出口),0.899,3.0,500119058.0,500101022.0
YouBike2.0_臺大舊體育館西側,YouBike2.0_第二學生活動中心,1.084,4.4,500119058.0,500101023.0
YouBike2.0_臺大舊體育館西側,YouBike2.0_臺灣科技大學正門,1.312,4.8,500119058.0,500101024.0
YouBike2.0_臺大舊體育館西側,YouBike2.0_臺灣科技大學側門,1.177,5.3,500119058.0,500101025.0
YouBike2.0_臺大舊體育館西側,YouBike2.0_臺大男七舍前,1.592,5.6,500119058.0,500101031.0
YouBike2.0_臺大舊體育館西側,YouBike2.0_臺大男一舍前,1.394,5.0,500119058.0,500101032.0
YouBike2.0_臺大舊體育館西側,YouBike2.0_臺大男六舍前,1.363,4.9,500119058.0,500101033.0
YouBike2.0_臺大舊體育館西側,YouBike2.0_臺大動物醫院前,1.483,4.8,500119058.0,500101034.0
YouBike2.0_臺大舊體育館西側,YouBike2.0_臺大萬才館前,1.092,4.3,500119058.0,500101036.0
YouBike2.0_臺大舊體育館西側,YouBike2.0_臺大國青大樓宿舍前,1.0,4.0,500119058.0,500101037.0
YouBike2.0_臺大舊體育館西側,YouBike2.0_臺大社科院圖書館前,0.845,3.0,500119058.0,500101038.0
YouBike2.0_臺大舊體育館西側,YouBike2.0_臺大法人語言訓練中心前,0.629,1.9,500119058.0,500101039.0
YouBike2.0_臺大舊體育館西側,YouBike2.0_臺大綜合體育館停車場前,0.318,1.4,500119058.0,500101040.0
YouBike2.0_臺大舊體育館西側,YouBike2.0_辛亥新生路口東南側,0.377,1.1,500119058.0,500101041.0
YouBike2.0_臺大舊體育館西側,YouBike2.0_基隆長興路口東側,1.301,5.0,500119058.0,500101042.0
YouBike2.0_臺大舊體育館西側,YouBike2.0_捷運公館站(3號出口),1.034,4.2,500119058.0,500101181.0
YouBike2.0_臺大舊體育館西側,YouBike2.0_新生南路三段94巷口,1.149,3.8,500119058.0,500101184.0
YouBike2.0_臺大舊體育館西側,YouBike2.0_基隆長興路口,1.279,4.2,500119058.0,500101193.0
YouBike2.0_臺大舊體育館西側,YouBike2.0_臺大資訊大樓,0.713,2.5,500119058.0,500101209.0
YouBike2.0_臺大舊體育館西側,YouBike2.0_捷運公館站(1號出口),0.913,4.3,500119058.0,500106003.0
YouBike2.0_臺大舊體育館西側,YouBike2.0_捷運公館站(4號出口),0.994,4.5,500119058.0,500106004.0
YouBike2.0_臺大舊體育館西側,YouBike2.0_臺大男八舍東側,1.39,5.0,500119058.0,500119043.0
YouBike2.0_臺大舊體育館西側,YouBike2.0_臺大禮賢樓東南側,0.909,2.7,500119058.0,500119044.0
YouBike2.0_臺大舊體育館西側,YouBike2.0_臺大農業陳列館北側,0.345,1.0,500119058.0,500119045.0
YouBike2.0_臺大舊體育館西側,YouBike2.0_臺大管理學院二館北側,1.035,4.5,500119058.0,500119046.0
YouBike2.0_臺大舊體育館西側,YouBike2.0_臺大土木系館,0.614,2.1,500119058.0,500119047.0
YouBike2.0_臺大舊體育館西側,YouBike2.0_臺大大一女舍北側,0.757,2.2,500119058.0,500119048.0
YouBike2.0_臺大舊體育館西側,YouBike2.0_臺大女九舍西南側,0.361,1.1,500119058.0,500119049.0
YouBike2.0_臺大舊體育館西側,YouBike2.0_臺大小福樓東側,0.31,0.9,500119058.0,500119050.0
YouBike2.0_臺大舊體育館西側,YouBike2.0_臺大立體機車停車場,1.074,3.1,500119058.0,500119051.0
YouBike2.0_臺大舊體育館西側,YouBike2.0_臺大工綜館南側,0.672,2.0,500119058.0,500119052.0
YouBike2.0_臺大舊體育館西側,YouBike2.0_臺大天文數學館南側,0.31,0.9,500119058.0,500119053.0
YouBike2.0_臺大舊體育館西側,YouBike2.0_臺大心理系館南側,0.561,1.7,500119058.0,500119054.0
YouBike2.0_臺大舊體育館西側,YouBike2.0_臺大樂學館東側,0.208,0.6,500119058.0,500119055.0
YouBike2.0_臺大舊體育館西側,YouBike2.0_臺大農化新館西側,0.626,1.8,500119058.0,500119056.0
YouBike2.0_臺大舊體育館西側,YouBike2.0_臺大五號館西側,0.478,1.4,500119058.0,500119057.0
YouBike2.0_臺大舊體育館西側,YouBike2.0_臺大共同教室東南側,0.682,2.0,500119058.0,500119060.0
YouBike2.0_臺大舊體育館西側,YouBike2.0_臺大鹿鳴堂東側,0.728,2.1,500119058.0,500119061.0
YouBike2.0_臺大舊體育館西側,YouBike2.0_臺大公館停車場西北側,1.133,3.8,500119058.0,500119062.0
YouBike2.0_臺大舊體育館西側,YouBike2.0_臺大第二行政大樓南側,0.499,1.4,500119058.0,500119063.0
YouBike2.0_臺大舊體育館西側,YouBike2.0_臺大明達館機車停車場,1.205,3.5,500119058.0,500119064.0
YouBike2.0_臺大舊體育館西側,YouBike2.0_臺大二號館,0.453,1.3,500119058.0,500119065.0
YouBike2.0_臺大舊體育館西側,YouBike2.0_臺大凝態館南側,0.245,0.7,500119058.0,500119066.0
YouBike2.0_臺大舊體育館西側,YouBike2.0_臺大社科院西側,0.747,2.2,500119058.0,500119067.0
YouBike2.0_臺大舊體育館西側,YouBike2.0_臺大社會系館南側,0.888,3.0,500119058.0,500119068.0
YouBike2.0_臺大舊體育館西側,YouBike2.0_臺大思亮館東南側,0.497,1.5,500119058.0,500119069.0
YouBike2.0_臺大舊體育館西側,YouBike2.0_臺大椰林小舖,0.601,1.8,500119058.0,500119070.0
YouBike2.0_臺大舊體育館西側,YouBike2.0_臺大計資中心南側,0.599,1.8,500119058.0,500119071.0
YouBike2.0_臺大舊體育館西側,YouBike2.0_臺大原分所北側,0.384,1.2,500119058.0,500119072.0
YouBike2.0_臺大舊體育館西側,YouBike2.0_臺大生命科學館西北側,0.7,2.1,500119058.0,500119074.0
YouBike2.0_臺大舊體育館西側,YouBike2.0_臺大第一活動中心西南側,0.674,2.0,500119058.0,500119075.0
YouBike2.0_臺大舊體育館西側,YouBike2.0_臺大博理館西側,0.943,2.8,500119058.0,500119076.0
YouBike2.0_臺大舊體育館西側,YouBike2.0_臺大博雅館西側,0.1,0.3,500119058.0,500119077.0
YouBike2.0_臺大舊體育館西側,YouBike2.0_臺大森林館北側,0.595,1.8,500119058.0,500119078.0
YouBike2.0_臺大舊體育館西側,YouBike2.0_臺大一號館,0.441,1.3,500119058.0,500119079.0
YouBike2.0_臺大舊體育館西側,YouBike2.0_臺大小小福西南側,0.612,1.8,500119058.0,500119080.0
YouBike2.0_臺大舊體育館西側,YouBike2.0_臺大教研館北側,0.989,3.0,500119058.0,500119081.0
YouBike2.0_臺大舊體育館西側,YouBike2.0_臺大四號館東北側,0.488,1.4,500119058.0,500119082.0
YouBike2.0_臺大舊體育館西側,YouBike2.0_臺大新生教室南側,0.326,1.0,500119058.0,500119083.0
YouBike2.0_臺大舊體育館西側,YouBike2.0_臺大鄭江樓北側,0.924,2.7,500119058.0,500119084.0
YouBike2.0_臺大舊體育館西側,YouBike2.0_臺大電機二館東南側,0.874,2.5,500119058.0,500119085.0
YouBike2.0_臺大舊體育館西側,YouBike2.0_臺大圖資系館北側,0.57,1.7,500119058.0,500119086.0
YouBike2.0_臺大舊體育館西側,YouBike2.0_臺大總圖書館西南側,0.765,2.2,500119058.0,500119087.0
YouBike2.0_臺大舊體育館西側,YouBike2.0_臺大黑森林西側,1.085,4.2,500119058.0,500119088.0
YouBike2.0_臺大舊體育館西側,YouBike2.0_臺大獸醫館南側,1.028,3.0,500119058.0,500119089.0
YouBike2.0_臺大舊體育館西側,YouBike2.0_臺大新體育館東南側,0.151,0.4,500119058.0,500119090.0
YouBike2.0_臺大舊體育館西側,YouBike2.0_臺大明達館北側(員工宿舍),1.276,3.7,500119058.0,500119091.0
YouBike2.0_臺大共同教室東南側,YouBike2.0_辛亥復興路口西北側,1.753,5.6,500119060.0,500101005.0
YouBike2.0_臺大共同教室東南側,YouBike2.0_新生南路三段52號前,1.28,4.2,500119060.0,500101008.0
YouBike2.0_臺大共同教室東南側,YouBike2.0_新生南路三段66號前,1.127,3.7,500119060.0,500101009.0
YouBike2.0_臺大共同教室東南側,YouBike2.0_新生南路三段82號前,1.034,3.5,500119060.0,500101010.0
YouBike2.0_臺大共同教室東南側,YouBike2.0_銘傳國小側門,0.462,3.9,500119060.0,500101021.0
YouBike2.0_臺大共同教室東南側,YouBike2.0_捷運公館站(2號出口),0.435,1.7,500119060.0,500101022.0
YouBike2.0_臺大共同教室東南側,YouBike2.0_第二學生活動中心,0.619,3.1,500119060.0,500101023.0
YouBike2.0_臺大共同教室東南側,YouBike2.0_臺灣科技大學正門,0.794,3.3,500119060.0,500101024.0
YouBike2.0_臺大共同教室東南側,YouBike2.0_臺灣科技大學側門,0.515,3.4,500119060.0,500101025.0
YouBike2.0_臺大共同教室東南側,YouBike2.0_臺大男七舍前,1.074,4.1,500119060.0,500101031.0
YouBike2.0_臺大共同教室東南側,YouBike2.0_臺大男一舍前,0.876,3.5,500119060.0,500101032.0
YouBike2.0_臺大共同教室東南側,YouBike2.0_臺大男六舍前,0.845,3.4,500119060.0,500101033.0
YouBike2.0_臺大共同教室東南側,YouBike2.0_臺大動物醫院前,0.965,3.2,500119060.0,500101034.0
YouBike2.0_臺大共同教室東南側,YouBike2.0_臺大萬才館前,1.469,5.3,500119060.0,500101036.0
YouBike2.0_臺大共同教室東南側,YouBike2.0_臺大國青大樓宿舍前,1.378,5.1,500119060.0,500101037.0
YouBike2.0_臺大共同教室東南側,YouBike2.0_臺大社科院圖書館前,1.223,4.0,500119060.0,500101038.0
YouBike2.0_臺大共同教室東南側,YouBike2.0_臺大法人語言訓練中心前,1.007,3.0,500119060.0,500101039.0
YouBike2.0_臺大共同教室東南側,YouBike2.0_臺大綜合體育館停車場前,1.016,3.3,500119060.0,500101040.0
YouBike2.0_臺大共同教室東南側,YouBike2.0_辛亥新生路口東南側,1.082,3.1,500119060.0,500101041.0
YouBike2.0_臺大共同教室東南側,YouBike2.0_基隆長興路口東側,0.783,3.5,500119060.0,500101042.0
YouBike2.0_臺大共同教室東南側,YouBike2.0_捷運公館站(3號出口),0.526,1.9,500119060.0,500101181.0
YouBike2.0_臺大共同教室東南側,YouBike2.0_新生南路三段94巷口,0.864,3.0,500119060.0,500101184.0
YouBike2.0_臺大共同教室東南側,YouBike2.0_基隆長興路口,0.761,2.6,500119060.0,500101193.0
YouBike2.0_臺大共同教室東南側,YouBike2.0_臺大資訊大樓,1.091,3.6,500119060.0,500101209.0
YouBike2.0_臺大共同教室東南側,YouBike2.0_捷運公館站(1號出口),0.448,2.9,500119060.0,500106003.0
YouBike2.0_臺大共同教室東南側,YouBike2.0_捷運公館站(4號出口),0.53,3.2,500119060.0,500106004.0
YouBike2.0_臺大共同教室東南側,YouBike2.0_臺大男八舍東側,0.872,3.5,500119060.0,500119043.0
YouBike2.0_臺大共同教室東南側,YouBike2.0_臺大禮賢樓東南側,0.279,0.8,500119060.0,500119044.0
YouBike2.0_臺大共同教室東南側,YouBike2.0_臺大農業陳列館北側,0.723,2.0,500119060.0,500119045.0
YouBike2.0_臺大共同教室東南側,YouBike2.0_臺大管理學院二館北側,0.405,2.7,500119060.0,500119046.0
YouBike2.0_臺大共同教室東南側,YouBike2.0_臺大土木系館,0.442,1.6,500119060.0,500119047.0
YouBike2.0_臺大共同教室東南側,YouBike2.0_臺大大一女舍北側,0.378,1.1,500119060.0,500119048.0
YouBike2.0_臺大共同教室東南側,YouBike2.0_臺大女九舍西南側,0.573,1.6,500119060.0,500119049.0
YouBike2.0_臺大共同教室東南側,YouBike2.0_臺大小福樓東側,0.371,1.0,500119060.0,500119050.0
YouBike2.0_臺大共同教室東南側,YouBike2.0_臺大立體機車停車場,0.556,1.6,500119060.0,500119051.0
YouBike2.0_臺大共同教室東南側,YouBike2.0_臺大工綜館南側,0.569,1.6,500119060.0,500119052.0
YouBike2.0_臺大共同教室東南側,YouBike2.0_臺大天文數學館南側,0.722,2.1,500119060.0,500119053.0
YouBike2.0_臺大共同教室東南側,YouBike2.0_臺大心理系館南側,0.651,1.9,500119060.0,500119054.0
YouBike2.0_臺大共同教室東南側,YouBike2.0_臺大樂學館東側,0.492,1.3,500119060.0,500119055.0
YouBike2.0_臺大共同教室東南側,YouBike2.0_臺大農化新館西側,0.342,0.9,500119060.0,500119056.0
YouBike2.0_臺大共同教室東南側,YouBike2.0_臺大五號館西側,0.218,0.6,500119060.0,500119057.0
YouBike2.0_臺大共同教室東南側,YouBike2.0_臺大舊體育館西側,0.681,1.9,500119060.0,500119058.0
YouBike2.0_臺大共同教室東南側,YouBike2.0_臺大鹿鳴堂東側,0.098,0.3,500119060.0,500119061.0
YouBike2.0_臺大共同教室東南側,YouBike2.0_臺大公館停車場西北側,0.471,1.8,500119060.0,500119062.0
YouBike2.0_臺大共同教室東南側,YouBike2.0_臺大第二行政大樓南側,0.214,0.6,500119060.0,500119063.0
YouBike2.0_臺大共同教室東南側,YouBike2.0_臺大明達館機車停車場,0.687,1.9,500119060.0,500119064.0
YouBike2.0_臺大共同教室東南側,YouBike2.0_臺大二號館,0.381,1.0,500119060.0,500119065.0
YouBike2.0_臺大共同教室東南側,YouBike2.0_臺大凝態館南側,0.828,2.4,500119060.0,500119066.0
YouBike2.0_臺大共同教室東南側,YouBike2.0_臺大社科院西側,0.894,2.5,500119060.0,500119067.0
YouBike2.0_臺大共同教室東南側,YouBike2.0_臺大社會系館南側,1.047,3.3,500119060.0,500119068.0
YouBike2.0_臺大共同教室東南側,YouBike2.0_臺大思亮館東南側,0.697,2.0,500119060.0,500119069.0
YouBike2.0_臺大共同教室東南側,YouBike2.0_臺大椰林小舖,0.219,0.6,500119060.0,500119070.0
YouBike2.0_臺大共同教室東南側,YouBike2.0_臺大計資中心南側,0.712,2.0,500119060.0,500119071.0
YouBike2.0_臺大共同教室東南側,YouBike2.0_臺大原分所北側,0.535,1.5,500119060.0,500119072.0
YouBike2.0_臺大共同教室東南側,YouBike2.0_臺大生命科學館西北側,0.058,0.2,500119060.0,500119074.0
YouBike2.0_臺大共同教室東南側,YouBike2.0_臺大第一活動中心西南側,0.402,1.2,500119060.0,500119075.0
YouBike2.0_臺大共同教室東南側,YouBike2.0_臺大博理館西側,0.904,2.5,500119060.0,500119076.0
YouBike2.0_臺大共同教室東南側,YouBike2.0_臺大博雅館西側,0.599,1.7,500119060.0,500119077.0
YouBike2.0_臺大共同教室東南側,YouBike2.0_臺大森林館北側,0.24,0.7,500119060.0,500119078.0
YouBike2.0_臺大共同教室東南側,YouBike2.0_臺大一號館,0.501,1.4,500119060.0,500119079.0
YouBike2.0_臺大共同教室東南側,YouBike2.0_臺大小小福西南側,0.12,0.4,500119060.0,500119080.0
YouBike2.0_臺大共同教室東南側,YouBike2.0_臺大教研館北側,0.327,0.9,500119060.0,500119081.0
YouBike2.0_臺大共同教室東南側,YouBike2.0_臺大四號館東北側,0.19,0.5,500119060.0,500119082.0
YouBike2.0_臺大共同教室東南側,YouBike2.0_臺大新生教室南側,0.582,1.6,500119060.0,500119083.0
YouBike2.0_臺大共同教室東南側,YouBike2.0_臺大鄭江樓北側,0.9,2.5,500119060.0,500119084.0
YouBike2.0_臺大共同教室東南側,YouBike2.0_臺大電機二館東南側,0.77,2.1,500119060.0,500119085.0
YouBike2.0_臺大共同教室東南側,YouBike2.0_臺大圖資系館北側,0.376,1.1,500119060.0,500119086.0
YouBike2.0_臺大共同教室東南側,YouBike2.0_臺大總圖書館西南側,0.395,1.1,500119060.0,500119087.0
YouBike2.0_臺大共同教室東南側,YouBike2.0_臺大黑森林西側,1.082,4.3,500119060.0,500119088.0
YouBike2.0_臺大共同教室東南側,YouBike2.0_臺大獸醫館南側,0.756,2.1,500119060.0,500119089.0
YouBike2.0_臺大共同教室東南側,YouBike2.0_臺大新體育館東南側,0.811,2.3,500119060.0,500119090.0
YouBike2.0_臺大共同教室東南側,YouBike2.0_臺大明達館北側(員工宿舍),0.758,2.2,500119060.0,500119091.0
YouBike2.0_臺大鹿鳴堂東側,YouBike2.0_辛亥復興路口西北側,1.851,5.9,500119061.0,500101005.0
YouBike2.0_臺大鹿鳴堂東側,YouBike2.0_新生南路三段52號前,1.308,4.3,500119061.0,500101008.0
YouBike2.0_臺大鹿鳴堂東側,YouBike2.0_新生南路三段66號前,1.155,3.8,500119061.0,500101009.0
YouBike2.0_臺大鹿鳴堂東側,YouBike2.0_新生南路三段82號前,1.061,3.5,500119061.0,500101010.0
YouBike2.0_臺大鹿鳴堂東側,YouBike2.0_銘傳國小側門,0.456,3.9,500119061.0,500101021.0
YouBike2.0_臺大鹿鳴堂東側,YouBike2.0_捷運公館站(2號出口),0.428,1.7,500119061.0,500101022.0
YouBike2.0_臺大鹿鳴堂東側,YouBike2.0_第二學生活動中心,0.613,3.0,500119061.0,500101023.0
YouBike2.0_臺大鹿鳴堂東側,YouBike2.0_臺灣科技大學正門,0.863,3.5,500119061.0,500101024.0
YouBike2.0_臺大鹿鳴堂東側,YouBike2.0_臺灣科技大學側門,0.417,3.0,500119061.0,500101025.0
YouBike2.0_臺大鹿鳴堂東側,YouBike2.0_臺大男七舍前,1.143,4.2,500119061.0,500101031.0
YouBike2.0_臺大鹿鳴堂東側,YouBike2.0_臺大男一舍前,0.945,3.6,500119061.0,500101032.0
YouBike2.0_臺大鹿鳴堂東側,YouBike2.0_臺大男六舍前,0.914,3.5,500119061.0,500101033.0
YouBike2.0_臺大鹿鳴堂東側,YouBike2.0_臺大動物醫院前,1.034,3.4,500119061.0,500101034.0
YouBike2.0_臺大鹿鳴堂東側,YouBike2.0_臺大萬才館前,1.567,5.7,500119061.0,500101036.0
YouBike2.0_臺大鹿鳴堂東側,YouBike2.0_臺大國青大樓宿舍前,1.476,5.4,500119061.0,500101037.0
YouBike2.0_臺大鹿鳴堂東側,YouBike2.0_臺大社科院圖書館前,1.321,4.3,500119061.0,500101038.0
YouBike2.0_臺大鹿鳴堂東側,YouBike2.0_臺大法人語言訓練中心前,1.105,3.2,500119061.0,500101039.0
YouBike2.0_臺大鹿鳴堂東側,YouBike2.0_臺大綜合體育館停車場前,1.114,3.6,500119061.0,500101040.0
YouBike2.0_臺大鹿鳴堂東側,YouBike2.0_辛亥新生路口東南側,1.18,3.4,500119061.0,500101041.0
YouBike2.0_臺大鹿鳴堂東側,YouBike2.0_基隆長興路口東側,0.852,3.6,500119061.0,500101042.0
YouBike2.0_臺大鹿鳴堂東側,YouBike2.0_捷運公館站(3號出口),0.52,1.9,500119061.0,500101181.0
YouBike2.0_臺大鹿鳴堂東側,YouBike2.0_新生南路三段94巷口,0.892,3.0,500119061.0,500101184.0
YouBike2.0_臺大鹿鳴堂東側,YouBike2.0_基隆長興路口,0.83,2.8,500119061.0,500101193.0
YouBike2.0_臺大鹿鳴堂東側,YouBike2.0_臺大資訊大樓,1.189,3.9,500119061.0,500101209.0
YouBike2.0_臺大鹿鳴堂東側,YouBike2.0_捷運公館站(1號出口),0.442,2.9,500119061.0,500106003.0
YouBike2.0_臺大鹿鳴堂東側,YouBike2.0_捷運公館站(4號出口),0.524,3.1,500119061.0,500106004.0
YouBike2.0_臺大鹿鳴堂東側,YouBike2.0_臺大男八舍東側,0.941,3.6,500119061.0,500119043.0
YouBike2.0_臺大鹿鳴堂東側,YouBike2.0_臺大禮賢樓東南側,0.181,0.5,500119061.0,500119044.0
YouBike2.0_臺大鹿鳴堂東側,YouBike2.0_臺大農業陳列館北側,0.733,2.1,500119061.0,500119045.0
YouBike2.0_臺大鹿鳴堂東側,YouBike2.0_臺大管理學院二館北側,0.307,2.4,500119061.0,500119046.0
YouBike2.0_臺大鹿鳴堂東側,YouBike2.0_臺大土木系館,0.54,1.9,500119061.0,500119047.0
YouBike2.0_臺大鹿鳴堂東側,YouBike2.0_臺大大一女舍北側,0.405,1.1,500119061.0,500119048.0
YouBike2.0_臺大鹿鳴堂東側,YouBike2.0_臺大女九舍西南側,0.671,1.9,500119061.0,500119049.0
YouBike2.0_臺大鹿鳴堂東側,YouBike2.0_臺大小福樓東側,0.469,1.3,500119061.0,500119050.0
YouBike2.0_臺大鹿鳴堂東側,YouBike2.0_臺大立體機車停車場,0.625,1.8,500119061.0,500119051.0
YouBike2.0_臺大鹿鳴堂東側,YouBike2.0_臺大工綜館南側,0.667,1.9,500119061.0,500119052.0
YouBike2.0_臺大鹿鳴堂東側,YouBike2.0_臺大天文數學館南側,0.82,2.4,500119061.0,500119053.0
YouBike2.0_臺大鹿鳴堂東側,YouBike2.0_臺大心理系館南側,0.749,2.2,500119061.0,500119054.0
YouBike2.0_臺大鹿鳴堂東側,YouBike2.0_臺大樂學館東側,0.59,1.6,500119061.0,500119055.0
YouBike2.0_臺大鹿鳴堂東側,YouBike2.0_臺大農化新館西側,0.369,1.0,500119061.0,500119056.0
YouBike2.0_臺大鹿鳴堂東側,YouBike2.0_臺大五號館西側,0.316,0.9,500119061.0,500119057.0
YouBike2.0_臺大鹿鳴堂東側,YouBike2.0_臺大舊體育館西側,0.779,2.2,500119061.0,500119058.0
YouBike2.0_臺大鹿鳴堂東側,YouBike2.0_臺大共同教室東南側,0.098,0.3,500119061.0,500119060.0
YouBike2.0_臺大鹿鳴堂東側,YouBike2.0_臺大公館停車場西北側,0.373,1.5,500119061.0,500119062.0
YouBike2.0_臺大鹿鳴堂東側,YouBike2.0_臺大第二行政大樓南側,0.242,0.7,500119061.0,500119063.0
YouBike2.0_臺大鹿鳴堂東側,YouBike2.0_臺大明達館機車停車場,0.756,2.1,500119061.0,500119064.0
YouBike2.0_臺大鹿鳴堂東側,YouBike2.0_臺大二號館,0.409,1.1,500119061.0,500119065.0
YouBike2.0_臺大鹿鳴堂東側,YouBike2.0_臺大凝態館南側,0.926,2.7,500119061.0,500119066.0
YouBike2.0_臺大鹿鳴堂東側,YouBike2.0_臺大社科院西側,0.992,2.8,500119061.0,500119067.0
YouBike2.0_臺大鹿鳴堂東側,YouBike2.0_臺大社會系館南側,1.145,3.6,500119061.0,500119068.0
YouBike2.0_臺大鹿鳴堂東側,YouBike2.0_臺大思亮館東南側,0.795,2.3,500119061.0,500119069.0
YouBike2.0_臺大鹿鳴堂東側,YouBike2.0_臺大椰林小舖,0.247,0.7,500119061.0,500119070.0
YouBike2.0_臺大鹿鳴堂東側,YouBike2.0_臺大計資中心南側,0.81,2.4,500119061.0,500119071.0
YouBike2.0_臺大鹿鳴堂東側,YouBike2.0_臺大原分所北側,0.633,1.8,500119061.0,500119072.0
YouBike2.0_臺大鹿鳴堂東側,YouBike2.0_臺大生命科學館西北側,0.089,0.3,500119061.0,500119074.0
YouBike2.0_臺大鹿鳴堂東側,YouBike2.0_臺大第一活動中心西南側,0.5,1.5,500119061.0,500119075.0
YouBike2.0_臺大鹿鳴堂東側,YouBike2.0_臺大博理館西側,1.002,2.8,500119061.0,500119076.0
YouBike2.0_臺大鹿鳴堂東側,YouBike2.0_臺大博雅館西側,0.697,2.0,500119061.0,500119077.0
YouBike2.0_臺大鹿鳴堂東側,YouBike2.0_臺大森林館北側,0.338,1.0,500119061.0,500119078.0
YouBike2.0_臺大鹿鳴堂東側,YouBike2.0_臺大一號館,0.529,1.4,500119061.0,500119079.0
YouBike2.0_臺大鹿鳴堂東側,YouBike2.0_臺大小小福西南側,0.148,0.5,500119061.0,500119080.0
YouBike2.0_臺大鹿鳴堂東側,YouBike2.0_臺大教研館北側,0.229,0.7,500119061.0,500119081.0
YouBike2.0_臺大鹿鳴堂東側,YouBike2.0_臺大四號館東北側,0.288,0.8,500119061.0,500119082.0
YouBike2.0_臺大鹿鳴堂東側,YouBike2.0_臺大新生教室南側,0.68,1.9,500119061.0,500119083.0
YouBike2.0_臺大鹿鳴堂東側,YouBike2.0_臺大鄭江樓北側,0.998,2.8,500119061.0,500119084.0
YouBike2.0_臺大鹿鳴堂東側,YouBike2.0_臺大電機二館東南側,0.868,2.5,500119061.0,500119085.0
YouBike2.0_臺大鹿鳴堂東側,YouBike2.0_臺大圖資系館北側,0.474,1.4,500119061.0,500119086.0
YouBike2.0_臺大鹿鳴堂東側,YouBike2.0_臺大總圖書館西南側,0.493,1.4,500119061.0,500119087.0
YouBike2.0_臺大鹿鳴堂東側,YouBike2.0_臺大黑森林西側,0.958,4.0,500119061.0,500119088.0
YouBike2.0_臺大鹿鳴堂東側,YouBike2.0_臺大獸醫館南側,0.854,2.4,500119061.0,500119089.0
YouBike2.0_臺大鹿鳴堂東側,YouBike2.0_臺大新體育館東南側,0.909,2.6,500119061.0,500119090.0
YouBike2.0_臺大鹿鳴堂東側,YouBike2.0_臺大明達館北側(員工宿舍),0.827,2.4,500119061.0,500119091.0
YouBike2.0_臺大公館停車場西北側,YouBike2.0_辛亥復興路口西北側,2.204,7.3,500119062.0,500101005.0
YouBike2.0_臺大公館停車場西北側,YouBike2.0_新生南路三段52號前,1.68,5.8,500119062.0,500101008.0
YouBike2.0_臺大公館停車場西北側,YouBike2.0_新生南路三段66號前,1.528,5.3,500119062.0,500101009.0
YouBike2.0_臺大公館停車場西北側,YouBike2.0_新生南路三段82號前,1.434,5.0,500119062.0,500101010.0
YouBike2.0_臺大公館停車場西北側,YouBike2.0_銘傳國小側門,0.833,4.2,500119062.0,500101021.0
YouBike2.0_臺大公館停車場西北側,YouBike2.0_捷運公館站(2號出口),0.801,3.2,500119062.0,500101022.0
YouBike2.0_臺大公館停車場西北側,YouBike2.0_第二學生活動中心,0.638,3.1,500119062.0,500101023.0
YouBike2.0_臺大公館停車場西北側,YouBike2.0_臺灣科技大學正門,0.485,3.9,500119062.0,500101024.0
YouBike2.0_臺大公館停車場西北側,YouBike2.0_臺灣科技大學側門,0.358,3.3,500119062.0,500101025.0
YouBike2.0_臺大公館停車場西北側,YouBike2.0_臺大男七舍前,1.466,5.6,500119062.0,500101031.0
YouBike2.0_臺大公館停車場西北側,YouBike2.0_臺大男一舍前,1.268,5.0,500119062.0,500101032.0
YouBike2.0_臺大公館停車場西北側,YouBike2.0_臺大男六舍前,1.237,4.8,500119062.0,500101033.0
YouBike2.0_臺大公館停車場西北側,YouBike2.0_臺大動物醫院前,0.691,4.5,500119062.0,500101034.0
YouBike2.0_臺大公館停車場西北側,YouBike2.0_臺大萬才館前,1.921,7.1,500119062.0,500101036.0
YouBike2.0_臺大公館停車場西北側,YouBike2.0_臺大國青大樓宿舍前,1.451,6.7,500119062.0,500101037.0
YouBike2.0_臺大公館停車場西北側,YouBike2.0_臺大社科院圖書館前,1.674,5.8,500119062.0,500101038.0
YouBike2.0_臺大公館停車場西北側,YouBike2.0_臺大法人語言訓練中心前,1.458,4.7,500119062.0,500101039.0
YouBike2.0_臺大公館停車場西北側,YouBike2.0_臺大綜合體育館停車場前,1.467,5.0,500119062.0,500101040.0
YouBike2.0_臺大公館停車場西北側,YouBike2.0_辛亥新生路口東南側,1.533,4.8,500119062.0,500101041.0
YouBike2.0_臺大公館停車場西北側,YouBike2.0_基隆長興路口東側,0.938,5.2,500119062.0,500101042.0
YouBike2.0_臺大公館停車場西北側,YouBike2.0_捷運公館站(3號出口),0.893,3.4,500119062.0,500101181.0
YouBike2.0_臺大公館停車場西北側,YouBike2.0_新生南路三段94巷口,1.265,4.5,500119062.0,500101184.0
YouBike2.0_臺大公館停車場西北側,YouBike2.0_基隆長興路口,1.153,4.1,500119062.0,500101193.0
YouBike2.0_臺大公館停車場西北側,YouBike2.0_臺大資訊大樓,1.542,5.3,500119062.0,500101209.0
YouBike2.0_臺大公館停車場西北側,YouBike2.0_捷運公館站(1號出口),0.979,4.0,500119062.0,500106003.0
YouBike2.0_臺大公館停車場西北側,YouBike2.0_捷運公館站(4號出口),1.06,4.2,500119062.0,500106004.0
YouBike2.0_臺大公館停車場西北側,YouBike2.0_臺大男八舍東側,1.264,5.0,500119062.0,500119043.0
YouBike2.0_臺大公館停車場西北側,YouBike2.0_臺大禮賢樓東南側,0.37,1.5,500119062.0,500119044.0
YouBike2.0_臺大公館停車場西北側,YouBike2.0_臺大農業陳列館北側,1.174,3.8,500119062.0,500119045.0
YouBike2.0_臺大公館停車場西北側,YouBike2.0_臺大管理學院二館北側,0.184,2.8,500119062.0,500119046.0
YouBike2.0_臺大公館停車場西北側,YouBike2.0_臺大土木系館,0.894,3.3,500119062.0,500119047.0
YouBike2.0_臺大公館停車場西北側,YouBike2.0_臺大大一女舍北側,0.778,2.6,500119062.0,500119048.0
YouBike2.0_臺大公館停車場西北側,YouBike2.0_臺大女九舍西南側,1.025,3.4,500119062.0,500119049.0
YouBike2.0_臺大公館停車場西北側,YouBike2.0_臺大小福樓東側,0.822,2.7,500119062.0,500119050.0
YouBike2.0_臺大公館停車場西北側,YouBike2.0_臺大立體機車停車場,0.947,3.1,500119062.0,500119051.0
YouBike2.0_臺大公館停車場西北側,YouBike2.0_臺大工綜館南側,1.02,3.3,500119062.0,500119052.0
YouBike2.0_臺大公館停車場西北側,YouBike2.0_臺大天文數學館南側,1.173,3.8,500119062.0,500119053.0
YouBike2.0_臺大公館停車場西北側,YouBike2.0_臺大心理系館南側,1.102,3.6,500119062.0,500119054.0
YouBike2.0_臺大公館停車場西北側,YouBike2.0_臺大樂學館東側,0.943,3.0,500119062.0,500119055.0
YouBike2.0_臺大公館停車場西北側,YouBike2.0_臺大農化新館西側,0.742,2.5,500119062.0,500119056.0
YouBike2.0_臺大公館停車場西北側,YouBike2.0_臺大五號館西側,0.669,2.3,500119062.0,500119057.0
YouBike2.0_臺大公館停車場西北側,YouBike2.0_臺大舊體育館西側,1.132,3.6,500119062.0,500119058.0
YouBike2.0_臺大公館停車場西北側,YouBike2.0_臺大共同教室東南側,0.471,1.8,500119062.0,500119060.0
YouBike2.0_臺大公館停車場西北側,YouBike2.0_臺大鹿鳴堂東側,0.373,1.5,500119062.0,500119061.0
YouBike2.0_臺大公館停車場西北側,YouBike2.0_臺大第二行政大樓南側,0.615,2.2,500119062.0,500119063.0
YouBike2.0_臺大公館停車場西北側,YouBike2.0_臺大明達館機車停車場,1.079,3.5,500119062.0,500119064.0
YouBike2.0_臺大公館停車場西北側,YouBike2.0_臺大二號館,0.782,2.6,500119062.0,500119065.0
YouBike2.0_臺大公館停車場西北側,YouBike2.0_臺大凝態館南側,1.279,4.1,500119062.0,500119066.0
YouBike2.0_臺大公館停車場西北側,YouBike2.0_臺大社科院西側,1.345,4.2,500119062.0,500119067.0
YouBike2.0_臺大公館停車場西北側,YouBike2.0_臺大社會系館南側,1.499,5.0,500119062.0,500119068.0
YouBike2.0_臺大公館停車場西北側,YouBike2.0_臺大思亮館東南側,1.148,3.7,500119062.0,500119069.0
YouBike2.0_臺大公館停車場西北側,YouBike2.0_臺大椰林小舖,0.62,2.2,500119062.0,500119070.0
YouBike2.0_臺大公館停車場西北側,YouBike2.0_臺大計資中心南側,1.163,3.8,500119062.0,500119071.0
YouBike2.0_臺大公館停車場西北側,YouBike2.0_臺大原分所北側,0.986,3.2,500119062.0,500119072.0
YouBike2.0_臺大公館停車場西北側,YouBike2.0_臺大生命科學館西北側,0.433,1.7,500119062.0,500119074.0
YouBike2.0_臺大公館停車場西北側,YouBike2.0_臺大第一活動中心西南側,0.853,2.9,500119062.0,500119075.0
YouBike2.0_臺大公館停車場西北側,YouBike2.0_臺大博理館西側,1.217,3.9,500119062.0,500119076.0
YouBike2.0_臺大公館停車場西北側,YouBike2.0_臺大博雅館西側,1.05,3.4,500119062.0,500119077.0
YouBike2.0_臺大公館停車場西北側,YouBike2.0_臺大森林館北側,0.691,2.4,500119062.0,500119078.0
YouBike2.0_臺大公館停車場西北側,YouBike2.0_臺大一號館,0.901,3.0,500119062.0,500119079.0
YouBike2.0_臺大公館停車場西北側,YouBike2.0_臺大小小福西南側,0.521,1.9,500119062.0,500119080.0
YouBike2.0_臺大公館停車場西北側,YouBike2.0_臺大教研館北側,0.142,0.8,500119062.0,500119081.0
YouBike2.0_臺大公館停車場西北側,YouBike2.0_臺大四號館東北側,0.642,2.2,500119062.0,500119082.0
YouBike2.0_臺大公館停車場西北側,YouBike2.0_臺大新生教室南側,1.033,3.4,500119062.0,500119083.0
YouBike2.0_臺大公館停車場西北側,YouBike2.0_臺大鄭江樓北側,1.116,3.6,500119062.0,500119084.0
YouBike2.0_臺大公館停車場西北側,YouBike2.0_臺大電機二館東南側,1.083,3.5,500119062.0,500119085.0
YouBike2.0_臺大公館停車場西北側,YouBike2.0_臺大圖資系館北側,0.828,2.8,500119062.0,500119086.0
YouBike2.0_臺大公館停車場西北側,YouBike2.0_臺大總圖書館西南側,0.713,2.4,500119062.0,500119087.0
YouBike2.0_臺大公館停車場西北側,YouBike2.0_臺大黑森林西側,1.281,5.3,500119062.0,500119088.0
YouBike2.0_臺大公館停車場西北側,YouBike2.0_臺大獸醫館南側,1.008,3.2,500119062.0,500119089.0
YouBike2.0_臺大公館停車場西北側,YouBike2.0_臺大新體育館東南側,1.262,4.0,500119062.0,500119090.0
YouBike2.0_臺大公館停車場西北側,YouBike2.0_臺大明達館北側(員工宿舍),1.15,3.7,500119062.0,500119091.0
YouBike2.0_臺大第二行政大樓南側,YouBike2.0_辛亥復興路口西北側,1.781,5.7,500119063.0,500101005.0
YouBike2.0_臺大第二行政大樓南側,YouBike2.0_新生南路三段52號前,1.066,3.6,500119063.0,500101008.0
YouBike2.0_臺大第二行政大樓南側,YouBike2.0_新生南路三段66號前,0.913,3.1,500119063.0,500101009.0
YouBike2.0_臺大第二行政大樓南側,YouBike2.0_新生南路三段82號前,0.819,2.9,500119063.0,500101010.0
YouBike2.0_臺大第二行政大樓南側,YouBike2.0_銘傳國小側門,0.44,3.8,500119063.0,500101021.0
YouBike2.0_臺大第二行政大樓南側,YouBike2.0_捷運公館站(2號出口),0.413,1.6,500119063.0,500101022.0
YouBike2.0_臺大第二行政大樓南側,YouBike2.0_第二學生活動中心,0.598,3.0,500119063.0,500101023.0
YouBike2.0_臺大第二行政大樓南側,YouBike2.0_臺灣科技大學正門,1.013,3.9,500119063.0,500101024.0
YouBike2.0_臺大第二行政大樓南側,YouBike2.0_臺灣科技大學側門,0.659,3.8,500119063.0,500101025.0
YouBike2.0_臺大第二行政大樓南側,YouBike2.0_臺大男七舍前,1.293,4.7,500119063.0,500101031.0
YouBike2.0_臺大第二行政大樓南側,YouBike2.0_臺大男一舍前,1.095,4.1,500119063.0,500101032.0
YouBike2.0_臺大第二行政大樓南側,YouBike2.0_臺大男六舍前,1.064,4.0,500119063.0,500101033.0
YouBike2.0_臺大第二行政大樓南側,YouBike2.0_臺大動物醫院前,1.184,3.8,500119063.0,500101034.0
YouBike2.0_臺大第二行政大樓南側,YouBike2.0_臺大萬才館前,1.497,5.4,500119063.0,500101036.0
YouBike2.0_臺大第二行政大樓南側,YouBike2.0_臺大國青大樓宿舍前,1.406,5.2,500119063.0,500101037.0
YouBike2.0_臺大第二行政大樓南側,YouBike2.0_臺大社科院圖書館前,1.251,4.1,500119063.0,500101038.0
YouBike2.0_臺大第二行政大樓南側,YouBike2.0_臺大法人語言訓練中心前,1.035,3.0,500119063.0,500101039.0
YouBike2.0_臺大第二行政大樓南側,YouBike2.0_臺大綜合體育館停車場前,1.043,3.4,500119063.0,500101040.0
YouBike2.0_臺大第二行政大樓南側,YouBike2.0_辛亥新生路口東南側,1.11,3.2,500119063.0,500101041.0
YouBike2.0_臺大第二行政大樓南側,YouBike2.0_基隆長興路口東側,1.002,4.1,500119063.0,500101042.0
YouBike2.0_臺大第二行政大樓南側,YouBike2.0_捷運公館站(3號出口),0.535,2.8,500119063.0,500101181.0
YouBike2.0_臺大第二行政大樓南側,YouBike2.0_新生南路三段94巷口,0.65,2.4,500119063.0,500101184.0
YouBike2.0_臺大第二行政大樓南側,YouBike2.0_基隆長興路口,0.98,3.2,500119063.0,500101193.0
YouBike2.0_臺大第二行政大樓南側,YouBike2.0_臺大資訊大樓,1.119,3.7,500119063.0,500101209.0
YouBike2.0_臺大第二行政大樓南側,YouBike2.0_捷運公館站(1號出口),0.427,2.9,500119063.0,500106003.0
YouBike2.0_臺大第二行政大樓南側,YouBike2.0_捷運公館站(4號出口),0.508,3.1,500119063.0,500106004.0
YouBike2.0_臺大第二行政大樓南側,YouBike2.0_臺大男八舍東側,1.091,4.1,500119063.0,500119043.0
YouBike2.0_臺大第二行政大樓南側,YouBike2.0_臺大禮賢樓東南側,0.423,1.2,500119063.0,500119044.0
YouBike2.0_臺大第二行政大樓南側,YouBike2.0_臺大農業陳列館北側,0.485,1.4,500119063.0,500119045.0
YouBike2.0_臺大第二行政大樓南側,YouBike2.0_臺大管理學院二館北側,0.549,3.1,500119063.0,500119046.0
YouBike2.0_臺大第二行政大樓南側,YouBike2.0_臺大土木系館,0.47,1.6,500119063.0,500119047.0
YouBike2.0_臺大第二行政大樓南側,YouBike2.0_臺大大一女舍北側,0.258,0.8,500119063.0,500119048.0
YouBike2.0_臺大第二行政大樓南側,YouBike2.0_臺大女九舍西南側,0.696,1.9,500119063.0,500119049.0
YouBike2.0_臺大第二行政大樓南側,YouBike2.0_臺大小福樓東側,0.399,1.1,500119063.0,500119050.0
YouBike2.0_臺大第二行政大樓南側,YouBike2.0_臺大立體機車停車場,0.775,2.2,500119063.0,500119051.0
YouBike2.0_臺大第二行政大樓南側,YouBike2.0_臺大工綜館南側,0.697,1.9,500119063.0,500119052.0
YouBike2.0_臺大第二行政大樓南側,YouBike2.0_臺大天文數學館南側,0.75,2.1,500119063.0,500119053.0
YouBike2.0_臺大第二行政大樓南側,YouBike2.0_臺大心理系館南側,0.774,2.2,500119063.0,500119054.0
YouBike2.0_臺大第二行政大樓南側,YouBike2.0_臺大樂學館東側,0.369,1.0,500119063.0,500119055.0
YouBike2.0_臺大第二行政大樓南側,YouBike2.0_臺大農化新館西側,0.127,0.3,500119063.0,500119056.0
YouBike2.0_臺大第二行政大樓南側,YouBike2.0_臺大五號館西側,0.229,0.6,500119063.0,500119057.0
YouBike2.0_臺大第二行政大樓南側,YouBike2.0_臺大舊體育館西側,0.709,2.0,500119063.0,500119058.0
YouBike2.0_臺大第二行政大樓南側,YouBike2.0_臺大共同教室東南側,0.214,0.7,500119063.0,500119060.0
YouBike2.0_臺大第二行政大樓南側,YouBike2.0_臺大鹿鳴堂東側,0.242,0.7,500119063.0,500119061.0
YouBike2.0_臺大第二行政大樓南側,YouBike2.0_臺大公館停車場西北側,0.615,2.2,500119063.0,500119062.0
YouBike2.0_臺大第二行政大樓南側,YouBike2.0_臺大明達館機車停車場,0.906,2.6,500119063.0,500119064.0
YouBike2.0_臺大第二行政大樓南側,YouBike2.0_臺大二號館,0.179,0.5,500119063.0,500119065.0
YouBike2.0_臺大第二行政大樓南側,YouBike2.0_臺大凝態館南側,0.856,2.4,500119063.0,500119066.0
YouBike2.0_臺大第二行政大樓南側,YouBike2.0_臺大社科院西側,1.017,2.8,500119063.0,500119067.0
YouBike2.0_臺大第二行政大樓南側,YouBike2.0_臺大社會系館南側,1.17,3.6,500119063.0,500119068.0
YouBike2.0_臺大第二行政大樓南側,YouBike2.0_臺大思亮館東南側,0.82,2.3,500119063.0,500119069.0
YouBike2.0_臺大第二行政大樓南側,YouBike2.0_臺大椰林小舖,0.102,0.3,500119063.0,500119070.0
YouBike2.0_臺大第二行政大樓南側,YouBike2.0_臺大計資中心南側,0.835,2.4,500119063.0,500119071.0
YouBike2.0_臺大第二行政大樓南側,YouBike2.0_臺大原分所北側,0.563,1.6,500119063.0,500119072.0
YouBike2.0_臺大第二行政大樓南側,YouBike2.0_臺大生命科學館西北側,0.273,0.8,500119063.0,500119074.0
YouBike2.0_臺大第二行政大樓南側,YouBike2.0_臺大第一活動中心西南側,0.53,1.5,500119063.0,500119075.0
YouBike2.0_臺大第二行政大樓南側,YouBike2.0_臺大博理館西側,1.032,2.9,500119063.0,500119076.0
YouBike2.0_臺大第二行政大樓南側,YouBike2.0_臺大博雅館西側,0.476,1.3,500119063.0,500119077.0
YouBike2.0_臺大第二行政大樓南側,YouBike2.0_臺大森林館北側,0.363,1.0,500119063.0,500119078.0
YouBike2.0_臺大第二行政大樓南側,YouBike2.0_臺大一號館,0.28,0.8,500119063.0,500119079.0
YouBike2.0_臺大第二行政大樓南側,YouBike2.0_臺大小小福西南側,0.125,0.4,500119063.0,500119080.0
YouBike2.0_臺大第二行政大樓南側,YouBike2.0_臺大教研館北側,0.471,1.4,500119063.0,500119081.0
YouBike2.0_臺大第二行政大樓南側,YouBike2.0_臺大四號館東北側,0.255,0.7,500119063.0,500119082.0
YouBike2.0_臺大第二行政大樓南側,YouBike2.0_臺大新生教室南側,0.609,1.7,500119063.0,500119083.0
YouBike2.0_臺大第二行政大樓南側,YouBike2.0_臺大鄭江樓北側,1.029,2.9,500119063.0,500119084.0
YouBike2.0_臺大第二行政大樓南側,YouBike2.0_臺大電機二館東南側,0.898,2.5,500119063.0,500119085.0
YouBike2.0_臺大第二行政大樓南側,YouBike2.0_臺大圖資系館北側,0.499,1.4,500119063.0,500119086.0
YouBike2.0_臺大第二行政大樓南側,YouBike2.0_臺大總圖書館西南側,0.517,1.5,500119063.0,500119087.0
YouBike2.0_臺大第二行政大樓南側,YouBike2.0_臺大黑森林西側,1.21,4.6,500119063.0,500119088.0
YouBike2.0_臺大第二行政大樓南側,YouBike2.0_臺大獸醫館南側,0.884,2.4,500119063.0,500119089.0
YouBike2.0_臺大第二行政大樓南側,YouBike2.0_臺大新體育館東南側,0.839,2.4,500119063.0,500119090.0
YouBike2.0_臺大第二行政大樓南側,YouBike2.0_臺大明達館北側(員工宿舍),0.977,2.8,500119063.0,500119091.0
YouBike2.0_臺大明達館機車停車場,YouBike2.0_辛亥復興路口西北側,1.202,4.4,500119064.0,500101005.0
YouBike2.0_臺大明達館機車停車場,YouBike2.0_新生南路三段52號前,1.423,5.1,500119064.0,500101008.0
YouBike2.0_臺大明達館機車停車場,YouBike2.0_新生南路三段66號前,1.27,4.7,500119064.0,500101009.0
YouBike2.0_臺大明達館機車停車場,YouBike2.0_新生南路三段82號前,1.177,4.4,500119064.0,500101010.0
YouBike2.0_臺大明達館機車停車場,YouBike2.0_銘傳國小側門,1.12,5.8,500119064.0,500101021.0
YouBike2.0_臺大明達館機車停車場,YouBike2.0_捷運公館站(2號出口),1.092,3.7,500119064.0,500101022.0
YouBike2.0_臺大明達館機車停車場,YouBike2.0_第二學生活動中心,1.133,4.2,500119064.0,500101023.0
YouBike2.0_臺大明達館機車停車場,YouBike2.0_臺灣科技大學正門,0.664,2.6,500119064.0,500101024.0
YouBike2.0_臺大明達館機車停車場,YouBike2.0_臺灣科技大學側門,0.748,3.5,500119064.0,500101025.0
YouBike2.0_臺大明達館機車停車場,YouBike2.0_臺大男七舍前,0.387,2.1,500119064.0,500101031.0
YouBike2.0_臺大明達館機車停車場,YouBike2.0_臺大男一舍前,0.189,1.5,500119064.0,500101032.0
YouBike2.0_臺大明達館機車停車場,YouBike2.0_臺大男六舍前,0.159,1.4,500119064.0,500101033.0
YouBike2.0_臺大明達館機車停車場,YouBike2.0_臺大動物醫院前,0.278,1.3,500119064.0,500101034.0
YouBike2.0_臺大明達館機車停車場,YouBike2.0_臺大萬才館前,0.885,3.6,500119064.0,500101036.0
YouBike2.0_臺大明達館機車停車場,YouBike2.0_臺大國青大樓宿舍前,0.67,3.8,500119064.0,500101037.0
YouBike2.0_臺大明達館機車停車場,YouBike2.0_臺大社科院圖書館前,0.639,2.3,500119064.0,500101038.0
YouBike2.0_臺大明達館機車停車場,YouBike2.0_臺大法人語言訓練中心前,0.666,1.9,500119064.0,500101039.0
YouBike2.0_臺大明達館機車停車場,YouBike2.0_臺大綜合體育館停車場前,1.336,4.3,500119064.0,500101040.0
YouBike2.0_臺大明達館機車停車場,YouBike2.0_辛亥新生路口東南側,1.402,4.1,500119064.0,500101041.0
YouBike2.0_臺大明達館機車停車場,YouBike2.0_基隆長興路口東側,0.096,1.5,500119064.0,500101042.0
YouBike2.0_臺大明達館機車停車場,YouBike2.0_捷運公館站(3號出口),1.184,3.9,500119064.0,500101181.0
YouBike2.0_臺大明達館機車停車場,YouBike2.0_新生南路三段94巷口,1.556,5.1,500119064.0,500101184.0
YouBike2.0_臺大明達館機車停車場,YouBike2.0_基隆長興路口,0.074,0.7,500119064.0,500101193.0
YouBike2.0_臺大明達館機車停車場,YouBike2.0_臺大資訊大樓,0.652,2.4,500119064.0,500101209.0
YouBike2.0_臺大明達館機車停車場,YouBike2.0_捷運公館站(1號出口),1.474,5.1,500119064.0,500106003.0
YouBike2.0_臺大明達館機車停車場,YouBike2.0_捷運公館站(4號出口),1.555,5.3,500119064.0,500106004.0
YouBike2.0_臺大明達館機車停車場,YouBike2.0_臺大男八舍東側,0.185,1.5,500119064.0,500119043.0
YouBike2.0_臺大明達館機車停車場,YouBike2.0_臺大禮賢樓東南側,0.932,2.8,500119064.0,500119044.0
YouBike2.0_臺大明達館機車停車場,YouBike2.0_臺大農業陳列館北側,1.068,3.2,500119064.0,500119045.0
YouBike2.0_臺大明達館機車停車場,YouBike2.0_臺大管理學院二館北側,1.059,4.7,500119064.0,500119046.0
YouBike2.0_臺大明達館機車停車場,YouBike2.0_臺大土木系館,0.683,2.3,500119064.0,500119047.0
YouBike2.0_臺大明達館機車停車場,YouBike2.0_臺大大一女舍北側,1.086,3.2,500119064.0,500119048.0
YouBike2.0_臺大明達館機車停車場,YouBike2.0_臺大女九舍西南側,0.695,2.1,500119064.0,500119049.0
YouBike2.0_臺大明達館機車停車場,YouBike2.0_臺大小福樓東側,0.895,2.6,500119064.0,500119050.0
YouBike2.0_臺大明達館機車停車場,YouBike2.0_臺大立體機車停車場,0.404,1.2,500119064.0,500119051.0
YouBike2.0_臺大明達館機車停車場,YouBike2.0_臺大工綜館南側,0.396,1.2,500119064.0,500119052.0
YouBike2.0_臺大明達館機車停車場,YouBike2.0_臺大天文數學館南側,0.949,2.8,500119064.0,500119053.0
YouBike2.0_臺大明達館機車停車場,YouBike2.0_臺大心理系館南側,0.773,2.3,500119064.0,500119054.0
YouBike2.0_臺大明達館機車停車場,YouBike2.0_臺大樂學館東側,0.992,2.9,500119064.0,500119055.0
YouBike2.0_臺大明達館機車停車場,YouBike2.0_臺大農化新館西側,1.028,3.0,500119064.0,500119056.0
YouBike2.0_臺大明達館機車停車場,YouBike2.0_臺大五號館西側,0.865,2.5,500119064.0,500119057.0
YouBike2.0_臺大明達館機車停車場,YouBike2.0_臺大舊體育館西側,1.205,3.5,500119064.0,500119058.0
YouBike2.0_臺大明達館機車停車場,YouBike2.0_臺大共同教室東南側,0.687,2.1,500119064.0,500119060.0
YouBike2.0_臺大明達館機車停車場,YouBike2.0_臺大鹿鳴堂東側,0.786,2.4,500119064.0,500119061.0
YouBike2.0_臺大明達館機車停車場,YouBike2.0_臺大公館停車場西北側,0.907,3.6,500119064.0,500119062.0
YouBike2.0_臺大明達館機車停車場,YouBike2.0_臺大第二行政大樓南側,0.938,2.8,500119064.0,500119063.0
YouBike2.0_臺大明達館機車停車場,YouBike2.0_臺大二號館,1.015,3.0,500119064.0,500119065.0
YouBike2.0_臺大明達館機車停車場,YouBike2.0_臺大凝態館南側,1.148,3.4,500119064.0,500119066.0
YouBike2.0_臺大明達館機車停車場,YouBike2.0_臺大社科院西側,0.548,1.6,500119064.0,500119067.0
YouBike2.0_臺大明達館機車停車場,YouBike2.0_臺大社會系館南側,0.417,1.6,500119064.0,500119068.0
YouBike2.0_臺大明達館機車停車場,YouBike2.0_臺大思亮館東南側,0.876,2.6,500119064.0,500119069.0
YouBike2.0_臺大明達館機車停車場,YouBike2.0_臺大椰林小舖,0.943,2.8,500119064.0,500119070.0
YouBike2.0_臺大明達館機車停車場,YouBike2.0_臺大計資中心南側,0.834,2.4,500119064.0,500119071.0
YouBike2.0_臺大明達館機車停車場,YouBike2.0_臺大原分所北側,0.639,1.9,500119064.0,500119072.0
YouBike2.0_臺大明達館機車停車場,YouBike2.0_臺大生命科學館西北側,0.677,2.1,500119064.0,500119074.0
YouBike2.0_臺大明達館機車停車場,YouBike2.0_臺大第一活動中心西南側,0.544,1.6,500119064.0,500119075.0
YouBike2.0_臺大明達館機車停車場,YouBike2.0_臺大博理館西側,0.341,1.0,500119064.0,500119076.0
YouBike2.0_臺大明達館機車停車場,YouBike2.0_臺大博雅館西側,1.122,3.3,500119064.0,500119077.0
YouBike2.0_臺大明達館機車停車場,YouBike2.0_臺大森林館北側,0.771,2.3,500119064.0,500119078.0
YouBike2.0_臺大明達館機車停車場,YouBike2.0_臺大一號館,1.135,3.3,500119064.0,500119079.0
YouBike2.0_臺大明達館機車停車場,YouBike2.0_臺大小小福西南側,0.797,2.4,500119064.0,500119080.0
YouBike2.0_臺大明達館機車停車場,YouBike2.0_臺大教研館北側,0.737,2.7,500119064.0,500119081.0
YouBike2.0_臺大明達館機車停車場,YouBike2.0_臺大四號館東北側,0.805,2.4,500119064.0,500119082.0
YouBike2.0_臺大明達館機車停車場,YouBike2.0_臺大新生教室南側,0.73,2.2,500119064.0,500119083.0
YouBike2.0_臺大明達館機車停車場,YouBike2.0_臺大鄭江樓北側,0.145,0.4,500119064.0,500119084.0
YouBike2.0_臺大明達館機車停車場,YouBike2.0_臺大電機二館東南側,0.208,0.6,500119064.0,500119085.0
YouBike2.0_臺大明達館機車停車場,YouBike2.0_臺大圖資系館北側,0.669,2.0,500119064.0,500119086.0
YouBike2.0_臺大明達館機車停車場,YouBike2.0_臺大總圖書館西南側,0.469,1.4,500119064.0,500119087.0
YouBike2.0_臺大明達館機車停車場,YouBike2.0_臺大黑森林西側,0.31,2.1,500119064.0,500119088.0
YouBike2.0_臺大明達館機車停車場,YouBike2.0_臺大獸醫館南側,0.193,0.6,500119064.0,500119089.0
YouBike2.0_臺大明達館機車停車場,YouBike2.0_臺大新體育館東南側,1.135,3.3,500119064.0,500119090.0
YouBike2.0_臺大明達館機車停車場,YouBike2.0_臺大明達館北側(員工宿舍),0.179,0.6,500119064.0,500119091.0
YouBike2.0_臺大二號館,YouBike2.0_辛亥復興路口西北側,1.472,4.8,500119065.0,500101005.0
YouBike2.0_臺大二號館,YouBike2.0_新生南路三段52號前,1.112,3.8,500119065.0,500101008.0
YouBike2.0_臺大二號館,YouBike2.0_新生南路三段66號前,0.959,3.3,500119065.0,500101009.0
YouBike2.0_臺大二號館,YouBike2.0_新生南路三段82號前,0.865,3.0,500119065.0,500101010.0
YouBike2.0_臺大二號館,YouBike2.0_銘傳國小側門,0.607,4.3,500119065.0,500101021.0
YouBike2.0_臺大二號館,YouBike2.0_捷運公館站(2號出口),0.58,2.1,500119065.0,500101022.0
YouBike2.0_臺大二號館,YouBike2.0_第二學生活動中心,0.764,3.5,500119065.0,500101023.0
YouBike2.0_臺大二號館,YouBike2.0_臺灣科技大學正門,1.02,4.0,500119065.0,500101024.0
YouBike2.0_臺大二號館,YouBike2.0_臺灣科技大學側門,0.826,4.3,500119065.0,500101025.0
YouBike2.0_臺大二號館,YouBike2.0_臺大男七舍前,1.3,4.8,500119065.0,500101031.0
YouBike2.0_臺大二號館,YouBike2.0_臺大男一舍前,1.102,4.2,500119065.0,500101032.0
YouBike2.0_臺大二號館,YouBike2.0_臺大男六舍前,1.072,4.0,500119065.0,500101033.0
YouBike2.0_臺大二號館,YouBike2.0_臺大動物醫院前,1.192,3.9,500119065.0,500101034.0
YouBike2.0_臺大二號館,YouBike2.0_臺大萬才館前,1.451,5.3,500119065.0,500101036.0
YouBike2.0_臺大二號館,YouBike2.0_臺大國青大樓宿舍前,1.36,5.1,500119065.0,500101037.0
YouBike2.0_臺大二號館,YouBike2.0_臺大社科院圖書館前,1.205,4.0,500119065.0,500101038.0
YouBike2.0_臺大二號館,YouBike2.0_臺大法人語言訓練中心前,0.989,3.0,500119065.0,500101039.0
YouBike2.0_臺大二號館,YouBike2.0_臺大綜合體育館停車場前,0.734,2.5,500119065.0,500101040.0
YouBike2.0_臺大二號館,YouBike2.0_辛亥新生路口東南側,0.793,2.2,500119065.0,500101041.0
YouBike2.0_臺大二號館,YouBike2.0_基隆長興路口東側,1.009,4.2,500119065.0,500101042.0
YouBike2.0_臺大二號館,YouBike2.0_捷運公館站(3號出口),0.581,3.0,500119065.0,500101181.0
YouBike2.0_臺大二號館,YouBike2.0_新生南路三段94巷口,0.696,2.5,500119065.0,500101184.0
YouBike2.0_臺大二號館,YouBike2.0_基隆長興路口,0.988,3.3,500119065.0,500101193.0
YouBike2.0_臺大二號館,YouBike2.0_臺大資訊大樓,1.073,3.6,500119065.0,500101209.0
YouBike2.0_臺大二號館,YouBike2.0_捷運公館站(1號出口),0.593,3.4,500119065.0,500106003.0
YouBike2.0_臺大二號館,YouBike2.0_捷運公館站(4號出口),0.675,3.6,500119065.0,500106004.0
YouBike2.0_臺大二號館,YouBike2.0_臺大男八舍東側,1.098,4.1,500119065.0,500119043.0
YouBike2.0_臺大二號館,YouBike2.0_臺大禮賢樓東南側,0.59,1.8,500119065.0,500119044.0
YouBike2.0_臺大二號館,YouBike2.0_臺大農業陳列館北側,0.325,0.9,500119065.0,500119045.0
YouBike2.0_臺大二號館,YouBike2.0_臺大管理學院二館北側,0.716,3.6,500119065.0,500119046.0
YouBike2.0_臺大二號館,YouBike2.0_臺大土木系館,0.424,1.6,500119065.0,500119047.0
YouBike2.0_臺大二號館,YouBike2.0_臺大大一女舍北側,0.437,1.3,500119065.0,500119048.0
YouBike2.0_臺大二號館,YouBike2.0_臺大女九舍西南側,0.651,1.9,500119065.0,500119049.0
YouBike2.0_臺大二號館,YouBike2.0_臺大小福樓東側,0.353,1.0,500119065.0,500119050.0
YouBike2.0_臺大二號館,YouBike2.0_臺大立體機車停車場,0.782,2.3,500119065.0,500119051.0
YouBike2.0_臺大二號館,YouBike2.0_臺大工綜館南側,0.651,1.9,500119065.0,500119052.0
YouBike2.0_臺大二號館,YouBike2.0_臺大天文數學館南側,0.704,2.1,500119065.0,500119053.0
YouBike2.0_臺大二號館,YouBike2.0_臺大心理系館南側,0.728,2.1,500119065.0,500119054.0
YouBike2.0_臺大二號館,YouBike2.0_臺大樂學館東側,0.208,0.6,500119065.0,500119055.0
YouBike2.0_臺大二號館,YouBike2.0_臺大農化新館西側,0.124,0.4,500119065.0,500119056.0
YouBike2.0_臺大二號館,YouBike2.0_臺大五號館西側,0.183,0.5,500119065.0,500119057.0
YouBike2.0_臺大二號館,YouBike2.0_臺大舊體育館西側,0.416,1.2,500119065.0,500119058.0
YouBike2.0_臺大二號館,YouBike2.0_臺大共同教室東南側,0.381,1.1,500119065.0,500119060.0
YouBike2.0_臺大二號館,YouBike2.0_臺大鹿鳴堂東側,0.409,1.2,500119065.0,500119061.0
YouBike2.0_臺大二號館,YouBike2.0_臺大公館停車場西北側,0.782,2.7,500119065.0,500119062.0
YouBike2.0_臺大二號館,YouBike2.0_臺大第二行政大樓南側,0.179,0.5,500119065.0,500119063.0
YouBike2.0_臺大二號館,YouBike2.0_臺大明達館機車停車場,0.913,2.6,500119065.0,500119064.0
YouBike2.0_臺大二號館,YouBike2.0_臺大凝態館南側,0.81,2.4,500119065.0,500119066.0
YouBike2.0_臺大二號館,YouBike2.0_臺大社科院西側,0.971,2.7,500119065.0,500119067.0
YouBike2.0_臺大二號館,YouBike2.0_臺大社會系館南側,1.125,3.5,500119065.0,500119068.0
YouBike2.0_臺大二號館,YouBike2.0_臺大思亮館東南側,0.774,2.2,500119065.0,500119069.0
YouBike2.0_臺大二號館,YouBike2.0_臺大椰林小舖,0.281,0.8,500119065.0,500119070.0
YouBike2.0_臺大二號館,YouBike2.0_臺大計資中心南側,0.79,2.3,500119065.0,500119071.0
YouBike2.0_臺大二號館,YouBike2.0_臺大原分所北側,0.517,1.5,500119065.0,500119072.0
YouBike2.0_臺大二號館,YouBike2.0_臺大生命科學館西北側,0.44,1.3,500119065.0,500119074.0
YouBike2.0_臺大二號館,YouBike2.0_臺大第一活動中心西南側,0.485,1.4,500119065.0,500119075.0
YouBike2.0_臺大二號館,YouBike2.0_臺大博理館西側,0.987,2.8,500119065.0,500119076.0
YouBike2.0_臺大二號館,YouBike2.0_臺大博雅館西側,0.316,0.9,500119065.0,500119077.0
YouBike2.0_臺大二號館,YouBike2.0_臺大森林館北側,0.317,0.9,500119065.0,500119078.0
YouBike2.0_臺大二號館,YouBike2.0_臺大一號館,0.12,0.3,500119065.0,500119079.0
YouBike2.0_臺大二號館,YouBike2.0_臺大小小福西南側,0.292,0.9,500119065.0,500119080.0
YouBike2.0_臺大二號館,YouBike2.0_臺大教研館北側,0.638,1.9,500119065.0,500119081.0
YouBike2.0_臺大二號館,YouBike2.0_臺大四號館東北側,0.209,0.6,500119065.0,500119082.0
YouBike2.0_臺大二號館,YouBike2.0_臺大新生教室南側,0.564,1.6,500119065.0,500119083.0
YouBike2.0_臺大二號館,YouBike2.0_臺大鄭江樓北側,0.983,2.8,500119065.0,500119084.0
YouBike2.0_臺大二號館,YouBike2.0_臺大電機二館東南側,0.853,2.4,500119065.0,500119085.0
YouBike2.0_臺大二號館,YouBike2.0_臺大圖資系館北側,0.454,1.3,500119065.0,500119086.0
YouBike2.0_臺大二號館,YouBike2.0_臺大總圖書館西南側,0.472,1.4,500119065.0,500119087.0
YouBike2.0_臺大二號館,YouBike2.0_臺大黑森林西側,1.164,4.5,500119065.0,500119088.0
YouBike2.0_臺大二號館,YouBike2.0_臺大獸醫館南側,0.839,2.4,500119065.0,500119089.0
YouBike2.0_臺大二號館,YouBike2.0_臺大新體育館東南側,0.567,1.6,500119065.0,500119090.0
YouBike2.0_臺大二號館,YouBike2.0_臺大明達館北側(員工宿舍),0.985,2.9,500119065.0,500119091.0
YouBike2.0_臺大凝態館南側,YouBike2.0_辛亥復興路口西北側,0.925,3.2,500119066.0,500101005.0
YouBike2.0_臺大凝態館南側,YouBike2.0_新生南路三段52號前,0.49,2.7,500119066.0,500101008.0
YouBike2.0_臺大凝態館南側,YouBike2.0_新生南路三段66號前,0.643,3.1,500119066.0,500101009.0
YouBike2.0_臺大凝態館南側,YouBike2.0_新生南路三段82號前,0.698,3.0,500119066.0,500101010.0
YouBike2.0_臺大凝態館南側,YouBike2.0_銘傳國小側門,1.171,6.0,500119066.0,500101021.0
YouBike2.0_臺大凝態館南側,YouBike2.0_捷運公館站(2號出口),1.144,3.8,500119066.0,500101022.0
YouBike2.0_臺大凝態館南側,YouBike2.0_第二學生活動中心,1.329,5.2,500119066.0,500101023.0
YouBike2.0_臺大凝態館南側,YouBike2.0_臺灣科技大學正門,1.432,5.3,500119066.0,500101024.0
YouBike2.0_臺大凝態館南側,YouBike2.0_臺灣科技大學側門,1.332,5.8,500119066.0,500101025.0
YouBike2.0_臺大凝態館南側,YouBike2.0_臺大男七舍前,1.542,5.5,500119066.0,500101031.0
YouBike2.0_臺大凝態館南側,YouBike2.0_臺大男一舍前,1.337,4.9,500119066.0,500101032.0
YouBike2.0_臺大凝態館南側,YouBike2.0_臺大男六舍前,1.307,4.8,500119066.0,500101033.0
YouBike2.0_臺大凝態館南側,YouBike2.0_臺大動物醫院前,1.433,4.7,500119066.0,500101034.0
YouBike2.0_臺大凝態館南側,YouBike2.0_臺大萬才館前,0.947,3.8,500119066.0,500101036.0
YouBike2.0_臺大凝態館南側,YouBike2.0_臺大國青大樓宿舍前,0.856,3.5,500119066.0,500101037.0
YouBike2.0_臺大凝態館南側,YouBike2.0_臺大社科院圖書館前,0.701,2.5,500119066.0,500101038.0
YouBike2.0_臺大凝態館南側,YouBike2.0_臺大法人語言訓練中心前,0.498,1.5,500119066.0,500101039.0
YouBike2.0_臺大凝態館南側,YouBike2.0_臺大綜合體育館停車場前,0.188,1.0,500119066.0,500101040.0
YouBike2.0_臺大凝態館南側,YouBike2.0_辛亥新生路口東南側,0.254,0.7,500119066.0,500101041.0
YouBike2.0_臺大凝態館南側,YouBike2.0_基隆長興路口東側,1.43,5.5,500119066.0,500101042.0
YouBike2.0_臺大凝態館南側,YouBike2.0_捷運公館站(3號出口),1.278,5.0,500119066.0,500101181.0
YouBike2.0_臺大凝態館南側,YouBike2.0_新生南路三段94巷口,0.906,3.9,500119066.0,500101184.0
YouBike2.0_臺大凝態館南側,YouBike2.0_基隆長興路口,1.222,4.0,500119066.0,500101193.0
YouBike2.0_臺大凝態館南側,YouBike2.0_臺大資訊大樓,0.569,2.1,500119066.0,500101209.0
YouBike2.0_臺大凝態館南側,YouBike2.0_捷運公館站(1號出口),1.157,5.0,500119066.0,500106003.0
YouBike2.0_臺大凝態館南側,YouBike2.0_捷運公館站(4號出口),1.252,5.0,500119066.0,500106004.0
YouBike2.0_臺大凝態館南側,YouBike2.0_臺大男八舍東側,1.333,4.9,500119066.0,500119043.0
YouBike2.0_臺大凝態館南側,YouBike2.0_臺大禮賢樓東南側,1.115,3.3,500119066.0,500119044.0
YouBike2.0_臺大凝態館南側,YouBike2.0_臺大農業陳列館北側,0.59,1.8,500119066.0,500119045.0
YouBike2.0_臺大凝態館南側,YouBike2.0_臺大管理學院二館北側,1.241,5.2,500119066.0,500119046.0
YouBike2.0_臺大凝態館南側,YouBike2.0_臺大土木系館,0.777,2.7,500119066.0,500119047.0
YouBike2.0_臺大凝態館南側,YouBike2.0_臺大大一女舍北側,1.001,2.9,500119066.0,500119048.0
YouBike2.0_臺大凝態館南側,YouBike2.0_臺大女九舍西南側,0.441,1.3,500119066.0,500119049.0
YouBike2.0_臺大凝態館南側,YouBike2.0_臺大小福樓東側,0.464,1.4,500119066.0,500119050.0
YouBike2.0_臺大凝態館南側,YouBike2.0_臺大立體機車停車場,1.188,3.5,500119066.0,500119051.0
YouBike2.0_臺大凝態館南側,YouBike2.0_臺大工綜館南側,0.752,2.2,500119066.0,500119052.0
YouBike2.0_臺大凝態館南側,YouBike2.0_臺大天文數學館南側,0.206,0.6,500119066.0,500119053.0
YouBike2.0_臺大凝態館南側,YouBike2.0_臺大心理系館南側,0.647,2.0,500119066.0,500119054.0
YouBike2.0_臺大凝態館南側,YouBike2.0_臺大樂學館東側,0.453,1.4,500119066.0,500119055.0
YouBike2.0_臺大凝態館南側,YouBike2.0_臺大農化新館西側,0.871,2.5,500119066.0,500119056.0
YouBike2.0_臺大凝態館南側,YouBike2.0_臺大五號館西側,0.711,2.1,500119066.0,500119057.0
YouBike2.0_臺大凝態館南側,YouBike2.0_臺大舊體育館西側,0.245,0.7,500119066.0,500119058.0
YouBike2.0_臺大凝態館南側,YouBike2.0_臺大共同教室東南側,0.836,2.5,500119066.0,500119060.0
YouBike2.0_臺大凝態館南側,YouBike2.0_臺大鹿鳴堂東側,0.934,2.8,500119066.0,500119061.0
YouBike2.0_臺大凝態館南側,YouBike2.0_臺大公館停車場西北側,1.287,4.3,500119066.0,500119062.0
YouBike2.0_臺大凝態館南側,YouBike2.0_臺大第二行政大樓南側,0.743,2.2,500119066.0,500119063.0
YouBike2.0_臺大凝態館南側,YouBike2.0_臺大明達館機車停車場,1.148,3.4,500119066.0,500119064.0
YouBike2.0_臺大凝態館南側,YouBike2.0_臺大二號館,0.698,2.0,500119066.0,500119065.0
YouBike2.0_臺大凝態館南側,YouBike2.0_臺大社科院西側,0.61,1.8,500119066.0,500119067.0
YouBike2.0_臺大凝態館南側,YouBike2.0_臺大社會系館南側,0.757,2.6,500119066.0,500119068.0
YouBike2.0_臺大凝態館南側,YouBike2.0_臺大思亮館東南側,0.439,1.4,500119066.0,500119069.0
YouBike2.0_臺大凝態館南側,YouBike2.0_臺大椰林小舖,0.845,2.5,500119066.0,500119070.0
YouBike2.0_臺大凝態館南側,YouBike2.0_臺大計資中心南側,0.468,1.4,500119066.0,500119071.0
YouBike2.0_臺大凝態館南側,YouBike2.0_臺大原分所北側,0.512,1.6,500119066.0,500119072.0
YouBike2.0_臺大凝態館南側,YouBike2.0_臺大生命科學館西北側,0.854,2.5,500119066.0,500119074.0
YouBike2.0_臺大凝態館南側,YouBike2.0_臺大第一活動中心西南側,0.788,2.4,500119066.0,500119075.0
YouBike2.0_臺大凝態館南側,YouBike2.0_臺大博理館西側,0.812,2.4,500119066.0,500119076.0
YouBike2.0_臺大凝態館南側,YouBike2.0_臺大博雅館西側,0.345,1.1,500119066.0,500119077.0
YouBike2.0_臺大凝態館南側,YouBike2.0_臺大森林館北側,0.75,2.2,500119066.0,500119078.0
YouBike2.0_臺大凝態館南側,YouBike2.0_臺大一號館,0.686,2.1,500119066.0,500119079.0
YouBike2.0_臺大凝態館南側,YouBike2.0_臺大小小福西南側,0.856,2.5,500119066.0,500119080.0
YouBike2.0_臺大凝態館南側,YouBike2.0_臺大教研館北側,1.144,3.4,500119066.0,500119081.0
YouBike2.0_臺大凝態館南側,YouBike2.0_臺大四號館東北側,0.643,1.9,500119066.0,500119082.0
YouBike2.0_臺大凝態館南側,YouBike2.0_臺大新生教室南側,0.399,1.2,500119066.0,500119083.0
YouBike2.0_臺大凝態館南側,YouBike2.0_臺大鄭江樓北側,1.003,3.0,500119066.0,500119084.0
YouBike2.0_臺大凝態館南側,YouBike2.0_臺大電機二館東南側,0.941,2.8,500119066.0,500119085.0
YouBike2.0_臺大凝態館南側,YouBike2.0_臺大圖資系館北側,0.65,1.9,500119066.0,500119086.0
YouBike2.0_臺大凝態館南側,YouBike2.0_臺大總圖書館西南側,0.879,2.6,500119066.0,500119087.0
YouBike2.0_臺大凝態館南側,YouBike2.0_臺大黑森林西側,0.954,3.9,500119066.0,500119088.0
YouBike2.0_臺大凝態館南側,YouBike2.0_臺大獸醫館南側,1.142,3.3,500119066.0,500119089.0
YouBike2.0_臺大凝態館南側,YouBike2.0_臺大新體育館東南側,0.11,0.3,500119066.0,500119090.0
YouBike2.0_臺大凝態館南側,YouBike2.0_臺大明達館北側(員工宿舍),1.39,4.1,500119066.0,500119091.0
YouBike2.0_臺大社科院西側,YouBike2.0_辛亥復興路口西北側,0.661,2.8,500119067.0,500101005.0
YouBike2.0_臺大社科院西側,YouBike2.0_新生南路三段52號前,1.045,4.3,500119067.0,500101008.0
YouBike2.0_臺大社科院西側,YouBike2.0_新生南路三段66號前,1.342,4.9,500119067.0,500101009.0
YouBike2.0_臺大社科院西側,YouBike2.0_新生南路三段82號前,1.242,4.6,500119067.0,500101010.0
YouBike2.0_臺大社科院西側,YouBike2.0_銘傳國小側門,1.357,6.5,500119067.0,500101021.0
YouBike2.0_臺大社科院西側,YouBike2.0_捷運公館站(2號出口),1.33,4.3,500119067.0,500101022.0
YouBike2.0_臺大社科院西側,YouBike2.0_第二學生活動中心,1.515,5.7,500119067.0,500101023.0
YouBike2.0_臺大社科院西側,YouBike2.0_臺灣科技大學正門,1.008,4.0,500119067.0,500101024.0
YouBike2.0_臺大社科院西側,YouBike2.0_臺灣科技大學側門,1.268,4.8,500119067.0,500101025.0
YouBike2.0_臺大社科院西側,YouBike2.0_臺大男七舍前,0.937,3.7,500119067.0,500101031.0
YouBike2.0_臺大社科院西側,YouBike2.0_臺大男一舍前,0.739,3.1,500119067.0,500101032.0
YouBike2.0_臺大社科院西側,YouBike2.0_臺大男六舍前,0.709,3.0,500119067.0,500101033.0
YouBike2.0_臺大社科院西側,YouBike2.0_臺大動物醫院前,0.828,2.9,500119067.0,500101034.0
YouBike2.0_臺大社科院西側,YouBike2.0_臺大萬才館前,0.495,2.5,500119067.0,500101036.0
YouBike2.0_臺大社科院西側,YouBike2.0_臺大國青大樓宿舍前,0.403,2.2,500119067.0,500101037.0
YouBike2.0_臺大社科院西側,YouBike2.0_臺大社科院圖書館前,0.249,1.2,500119067.0,500101038.0
YouBike2.0_臺大社科院西側,YouBike2.0_臺大法人語言訓練中心前,0.112,0.3,500119067.0,500101039.0
YouBike2.0_臺大社科院西側,YouBike2.0_臺大綜合體育館停車場前,0.803,2.8,500119067.0,500101040.0
YouBike2.0_臺大社科院西側,YouBike2.0_辛亥新生路口東南側,0.87,2.6,500119067.0,500101041.0
YouBike2.0_臺大社科院西側,YouBike2.0_基隆長興路口東側,0.646,3.1,500119067.0,500101042.0
YouBike2.0_臺大社科院西側,YouBike2.0_捷運公館站(3號出口),1.421,4.5,500119067.0,500101181.0
YouBike2.0_臺大社科院西側,YouBike2.0_新生南路三段94巷口,1.667,5.3,500119067.0,500101184.0
YouBike2.0_臺大社科院西側,YouBike2.0_基隆長興路口,0.624,2.3,500119067.0,500101193.0
YouBike2.0_臺大社科院西側,YouBike2.0_臺大資訊大樓,0.111,0.8,500119067.0,500101209.0
YouBike2.0_臺大社科院西側,YouBike2.0_捷運公館站(1號出口),1.344,5.5,500119067.0,500106003.0
YouBike2.0_臺大社科院西側,YouBike2.0_捷運公館站(4號出口),1.425,5.8,500119067.0,500106004.0
YouBike2.0_臺大社科院西側,YouBike2.0_臺大男八舍東側,0.735,3.1,500119067.0,500119043.0
YouBike2.0_臺大社科院西側,YouBike2.0_臺大禮賢樓東南側,1.174,3.5,500119067.0,500119044.0
YouBike2.0_臺大社科院西側,YouBike2.0_臺大農業陳列館北側,1.134,3.4,500119067.0,500119045.0
YouBike2.0_臺大社科院西側,YouBike2.0_臺大管理學院二館北側,1.301,5.3,500119067.0,500119046.0
YouBike2.0_臺大社科院西側,YouBike2.0_臺大土木系館,0.639,2.2,500119067.0,500119047.0
YouBike2.0_臺大社科院西側,YouBike2.0_臺大大一女舍北側,1.273,3.7,500119067.0,500119048.0
YouBike2.0_臺大社科院西側,YouBike2.0_臺大女九舍西南側,0.321,0.9,500119067.0,500119049.0
YouBike2.0_臺大社科院西側,YouBike2.0_臺大小福樓東側,0.76,2.4,500119067.0,500119050.0
YouBike2.0_臺大社科院西側,YouBike2.0_臺大立體機車停車場,0.77,2.3,500119067.0,500119051.0
YouBike2.0_臺大社科院西側,YouBike2.0_臺大工綜館南側,0.544,1.6,500119067.0,500119052.0
YouBike2.0_臺大社科院西側,YouBike2.0_臺大天文數學館南側,0.431,1.3,500119067.0,500119053.0
YouBike2.0_臺大社科院西側,YouBike2.0_臺大心理系館南側,0.24,0.7,500119067.0,500119054.0
YouBike2.0_臺大社科院西側,YouBike2.0_臺大樂學館東側,0.981,2.9,500119067.0,500119055.0
YouBike2.0_臺大社科院西側,YouBike2.0_臺大農化新館西側,1.145,3.3,500119067.0,500119056.0
YouBike2.0_臺大社科院西側,YouBike2.0_臺大五號館西側,0.865,2.5,500119067.0,500119057.0
YouBike2.0_臺大社科院西側,YouBike2.0_臺大舊體育館西側,0.747,2.2,500119067.0,500119058.0
YouBike2.0_臺大社科院西側,YouBike2.0_臺大共同教室東南側,0.896,2.6,500119067.0,500119060.0
YouBike2.0_臺大社科院西側,YouBike2.0_臺大鹿鳴堂東側,0.994,2.9,500119067.0,500119061.0
YouBike2.0_臺大社科院西側,YouBike2.0_臺大公館停車場西北側,1.347,4.4,500119067.0,500119062.0
YouBike2.0_臺大社科院西側,YouBike2.0_臺大第二行政大樓南側,1.017,3.0,500119067.0,500119063.0
YouBike2.0_臺大社科院西側,YouBike2.0_臺大明達館機車停車場,0.55,1.6,500119067.0,500119064.0
YouBike2.0_臺大社科院西側,YouBike2.0_臺大二號館,0.972,2.8,500119067.0,500119065.0
YouBike2.0_臺大社科院西側,YouBike2.0_臺大凝態館南側,0.61,1.8,500119067.0,500119066.0
YouBike2.0_臺大社科院西側,YouBike2.0_臺大社會系館南側,0.154,0.8,500119067.0,500119068.0
YouBike2.0_臺大社科院西側,YouBike2.0_臺大思亮館東南側,0.34,1.0,500119067.0,500119069.0
YouBike2.0_臺大社科院西側,YouBike2.0_臺大椰林小舖,1.115,3.2,500119067.0,500119070.0
YouBike2.0_臺大社科院西側,YouBike2.0_臺大計資中心南側,0.28,0.8,500119067.0,500119071.0
YouBike2.0_臺大社科院西側,YouBike2.0_臺大原分所北側,0.566,1.7,500119067.0,500119072.0
YouBike2.0_臺大社科院西側,YouBike2.0_臺大生命科學館西北側,0.914,2.7,500119067.0,500119074.0
YouBike2.0_臺大社科院西側,YouBike2.0_臺大第一活動中心西南側,0.656,1.9,500119067.0,500119075.0
YouBike2.0_臺大社科院西側,YouBike2.0_臺大博理館西側,0.209,0.6,500119067.0,500119076.0
YouBike2.0_臺大社科院西側,YouBike2.0_臺大博雅館西側,0.872,2.6,500119067.0,500119077.0
YouBike2.0_臺大社科院西側,YouBike2.0_臺大森林館北側,0.728,2.1,500119067.0,500119078.0
YouBike2.0_臺大社科院西側,YouBike2.0_臺大一號館,1.092,3.1,500119067.0,500119079.0
YouBike2.0_臺大社科院西側,YouBike2.0_臺大小小福西南側,1.016,3.0,500119067.0,500119080.0
YouBike2.0_臺大社科院西側,YouBike2.0_臺大教研館北側,1.203,3.5,500119067.0,500119081.0
YouBike2.0_臺大社科院西側,YouBike2.0_臺大四號館東北側,0.761,2.2,500119067.0,500119082.0
YouBike2.0_臺大社科院西側,YouBike2.0_臺大新生教室南側,0.658,1.9,500119067.0,500119083.0
YouBike2.0_臺大社科院西側,YouBike2.0_臺大鄭江樓北側,0.405,1.2,500119067.0,500119084.0
YouBike2.0_臺大社科院西側,YouBike2.0_臺大電機二館東南側,0.338,1.0,500119067.0,500119085.0
YouBike2.0_臺大社科院西側,YouBike2.0_臺大圖資系館北側,0.518,1.5,500119067.0,500119086.0
YouBike2.0_臺大社科院西側,YouBike2.0_臺大總圖書館西南側,0.747,2.2,500119067.0,500119087.0
YouBike2.0_臺大社科院西側,YouBike2.0_臺大黑森林西側,0.35,2.1,500119067.0,500119088.0
YouBike2.0_臺大社科院西側,YouBike2.0_臺大獸醫館南側,0.436,1.3,500119067.0,500119089.0
YouBike2.0_臺大社科院西側,YouBike2.0_臺大新體育館東南側,0.631,1.9,500119067.0,500119090.0
YouBike2.0_臺大社科院西側,YouBike2.0_臺大明達館北側(員工宿舍),0.622,1.9,500119067.0,500119091.0
YouBike2.0_臺大社會系館南側,YouBike2.0_辛亥復興路口西北側,0.806,3.6,500119068.0,500101005.0
YouBike2.0_臺大社會系館南側,YouBike2.0_新生南路三段52號前,1.184,5.1,500119068.0,500101008.0
YouBike2.0_臺大社會系館南側,YouBike2.0_新生南路三段66號前,1.481,5.7,500119068.0,500101009.0
YouBike2.0_臺大社會系館南側,YouBike2.0_新生南路三段82號前,1.387,5.4,500119068.0,500101010.0
YouBike2.0_臺大社會系館南側,YouBike2.0_銘傳國小側門,1.508,7.3,500119068.0,500101021.0
YouBike2.0_臺大社會系館南側,YouBike2.0_捷運公館站(2號出口),1.482,5.1,500119068.0,500101022.0
YouBike2.0_臺大社會系館南側,YouBike2.0_第二學生活動中心,1.666,6.5,500119068.0,500101023.0
YouBike2.0_臺大社會系館南側,YouBike2.0_臺灣科技大學正門,0.874,3.9,500119068.0,500101024.0
YouBike2.0_臺大社會系館南側,YouBike2.0_臺灣科技大學側門,1.135,4.7,500119068.0,500101025.0
YouBike2.0_臺大社會系館南側,YouBike2.0_臺大男七舍前,0.804,3.7,500119068.0,500101031.0
YouBike2.0_臺大社會系館南側,YouBike2.0_臺大男一舍前,0.606,3.1,500119068.0,500101032.0
YouBike2.0_臺大社會系館南側,YouBike2.0_臺大男六舍前,0.575,3.0,500119068.0,500101033.0
YouBike2.0_臺大社會系館南側,YouBike2.0_臺大動物醫院前,0.695,2.9,500119068.0,500101034.0
YouBike2.0_臺大社會系館南側,YouBike2.0_臺大萬才館前,0.489,2.8,500119068.0,500101036.0
YouBike2.0_臺大社會系館南側,YouBike2.0_臺大國青大樓宿舍前,0.397,2.5,500119068.0,500101037.0
YouBike2.0_臺大社會系館南側,YouBike2.0_臺大社科院圖書館前,0.242,1.5,500119068.0,500101038.0
YouBike2.0_臺大社會系館南側,YouBike2.0_臺大法人語言訓練中心前,0.269,1.1,500119068.0,500101039.0
YouBike2.0_臺大社會系館南側,YouBike2.0_臺大綜合體育館停車場前,0.943,3.6,500119068.0,500101040.0
YouBike2.0_臺大社會系館南側,YouBike2.0_辛亥新生路口東南側,1.009,3.4,500119068.0,500101041.0
YouBike2.0_臺大社會系館南側,YouBike2.0_基隆長興路口東側,0.513,3.1,500119068.0,500101042.0
YouBike2.0_臺大社會系館南側,YouBike2.0_捷運公館站(3號出口),1.573,5.3,500119068.0,500101181.0
YouBike2.0_臺大社會系館南側,YouBike2.0_新生南路三段94巷口,1.819,6.1,500119068.0,500101184.0
YouBike2.0_臺大社會系館南側,YouBike2.0_基隆長興路口,0.491,2.2,500119068.0,500101193.0
YouBike2.0_臺大社會系館南側,YouBike2.0_臺大資訊大樓,0.256,1.6,500119068.0,500101209.0
YouBike2.0_臺大社會系館南側,YouBike2.0_捷運公館站(1號出口),1.495,6.4,500119068.0,500106003.0
YouBike2.0_臺大社會系館南側,YouBike2.0_捷運公館站(4號出口),1.576,6.6,500119068.0,500106004.0
YouBike2.0_臺大社會系館南側,YouBike2.0_臺大男八舍東側,0.602,3.1,500119068.0,500119043.0
YouBike2.0_臺大社會系館南側,YouBike2.0_臺大禮賢樓東南側,1.326,4.2,500119068.0,500119044.0
YouBike2.0_臺大社會系館南側,YouBike2.0_臺大農業陳列館北側,1.279,4.2,500119068.0,500119045.0
YouBike2.0_臺大社會系館南側,YouBike2.0_臺大管理學院二館北側,1.452,6.1,500119068.0,500119046.0
YouBike2.0_臺大社會系館南側,YouBike2.0_臺大土木系館,0.791,3.0,500119068.0,500119047.0
YouBike2.0_臺大社會系館南側,YouBike2.0_臺大大一女舍北側,1.425,4.5,500119068.0,500119048.0
YouBike2.0_臺大社會系館南側,YouBike2.0_臺大女九舍西南側,0.472,1.7,500119068.0,500119049.0
YouBike2.0_臺大社會系館南側,YouBike2.0_臺大小福樓東側,0.905,3.1,500119068.0,500119050.0
YouBike2.0_臺大社會系館南側,YouBike2.0_臺大立體機車停車場,0.636,2.2,500119068.0,500119051.0
YouBike2.0_臺大社會系館南側,YouBike2.0_臺大工綜館南側,0.41,1.6,500119068.0,500119052.0
YouBike2.0_臺大社會系館南側,YouBike2.0_臺大天文數學館南側,0.576,2.1,500119068.0,500119053.0
YouBike2.0_臺大社會系館南側,YouBike2.0_臺大心理系館南側,0.392,1.5,500119068.0,500119054.0
YouBike2.0_臺大社會系館南側,YouBike2.0_臺大樂學館東側,1.126,3.7,500119068.0,500119055.0
YouBike2.0_臺大社會系館南側,YouBike2.0_臺大農化新館西側,1.296,4.1,500119068.0,500119056.0
YouBike2.0_臺大社會系館南側,YouBike2.0_臺大五號館西側,1.016,3.3,500119068.0,500119057.0
YouBike2.0_臺大社會系館南側,YouBike2.0_臺大舊體育館西側,0.886,3.0,500119068.0,500119058.0
YouBike2.0_臺大社會系館南側,YouBike2.0_臺大共同教室東南側,1.047,3.4,500119068.0,500119060.0
YouBike2.0_臺大社會系館南側,YouBike2.0_臺大鹿鳴堂東側,1.145,3.7,500119068.0,500119061.0
YouBike2.0_臺大社會系館南側,YouBike2.0_臺大公館停車場西北側,1.498,5.2,500119068.0,500119062.0
YouBike2.0_臺大社會系館南側,YouBike2.0_臺大第二行政大樓南側,1.169,3.8,500119068.0,500119063.0
YouBike2.0_臺大社會系館南側,YouBike2.0_臺大明達館機車停車場,0.417,1.6,500119068.0,500119064.0
YouBike2.0_臺大社會系館南側,YouBike2.0_臺大二號館,1.123,3.6,500119068.0,500119065.0
YouBike2.0_臺大社會系館南側,YouBike2.0_臺大凝態館南側,0.755,2.6,500119068.0,500119066.0
YouBike2.0_臺大社會系館南側,YouBike2.0_臺大社科院西側,0.151,0.8,500119068.0,500119067.0
YouBike2.0_臺大社會系館南側,YouBike2.0_臺大思亮館東南側,0.479,1.8,500119068.0,500119069.0
YouBike2.0_臺大社會系館南側,YouBike2.0_臺大椰林小舖,1.266,4.0,500119068.0,500119070.0
YouBike2.0_臺大社會系館南側,YouBike2.0_臺大計資中心南側,0.438,1.6,500119068.0,500119071.0
YouBike2.0_臺大社會系館南側,YouBike2.0_臺大原分所北側,0.712,2.5,500119068.0,500119072.0
YouBike2.0_臺大社會系館南側,YouBike2.0_臺大生命科學館西北側,1.065,3.5,500119068.0,500119074.0
YouBike2.0_臺大社會系館南側,YouBike2.0_臺大第一活動中心西南側,0.808,2.7,500119068.0,500119075.0
YouBike2.0_臺大社會系館南側,YouBike2.0_臺大博理館西側,0.075,0.6,500119068.0,500119076.0
YouBike2.0_臺大社會系館南側,YouBike2.0_臺大博雅館西側,1.011,3.4,500119068.0,500119077.0
YouBike2.0_臺大社會系館南側,YouBike2.0_臺大森林館北側,0.879,2.9,500119068.0,500119078.0
YouBike2.0_臺大社會系館南側,YouBike2.0_臺大一號館,1.243,4.0,500119068.0,500119079.0
YouBike2.0_臺大社會系館南側,YouBike2.0_臺大小小福西南側,1.167,3.8,500119068.0,500119080.0
YouBike2.0_臺大社會系館南側,YouBike2.0_臺大教研館北側,1.355,4.3,500119068.0,500119081.0
YouBike2.0_臺大社會系館南側,YouBike2.0_臺大四號館東北側,0.912,3.0,500119068.0,500119082.0
YouBike2.0_臺大社會系館南側,YouBike2.0_臺大新生教室南側,0.797,2.8,500119068.0,500119083.0
YouBike2.0_臺大社會系館南側,YouBike2.0_臺大鄭江樓北側,0.272,1.2,500119068.0,500119084.0
YouBike2.0_臺大社會系館南側,YouBike2.0_臺大電機二館東南側,0.204,1.0,500119068.0,500119085.0
YouBike2.0_臺大社會系館南側,YouBike2.0_臺大圖資系館北側,0.669,2.3,500119068.0,500119086.0
YouBike2.0_臺大社會系館南側,YouBike2.0_臺大總圖書館西南側,0.898,3.0,500119068.0,500119087.0
YouBike2.0_臺大社會系館南側,YouBike2.0_臺大黑森林西側,0.177,2.6,500119068.0,500119088.0
YouBike2.0_臺大社會系館南側,YouBike2.0_臺大獸醫館南側,0.303,1.3,500119068.0,500119089.0
YouBike2.0_臺大社會系館南側,YouBike2.0_臺大新體育館東南側,0.77,2.7,500119068.0,500119090.0
YouBike2.0_臺大社會系館南側,YouBike2.0_臺大明達館北側(員工宿舍),0.488,1.8,500119068.0,500119091.0
YouBike2.0_臺大思亮館東南側,YouBike2.0_辛亥復興路口西北側,0.489,2.3,500119069.0,500101005.0
YouBike2.0_臺大思亮館東南側,YouBike2.0_新生南路三段52號前,0.841,3.7,500119069.0,500101008.0
YouBike2.0_臺大思亮館東南側,YouBike2.0_新生南路三段66號前,0.989,3.9,500119069.0,500101009.0
YouBike2.0_臺大思亮館東南側,YouBike2.0_新生南路三段82號前,0.896,3.6,500119069.0,500101010.0
YouBike2.0_臺大思亮館東南側,YouBike2.0_銘傳國小側門,1.159,5.9,500119069.0,500101021.0
YouBike2.0_臺大思亮館東南側,YouBike2.0_捷運公館站(2號出口),1.132,3.8,500119069.0,500101022.0
YouBike2.0_臺大思亮館東南側,YouBike2.0_第二學生活動中心,1.317,5.2,500119069.0,500101023.0
YouBike2.0_臺大思亮館東南側,YouBike2.0_臺灣科技大學正門,1.096,4.2,500119069.0,500101024.0
YouBike2.0_臺大思亮館東南側,YouBike2.0_臺灣科技大學側門,1.357,5.0,500119069.0,500101025.0
YouBike2.0_臺大思亮館東南側,YouBike2.0_臺大男七舍前,1.265,4.7,500119069.0,500101031.0
YouBike2.0_臺大思亮館東南側,YouBike2.0_臺大男一舍前,1.067,4.1,500119069.0,500101032.0
YouBike2.0_臺大思亮館東南側,YouBike2.0_臺大男六舍前,1.037,4.0,500119069.0,500101033.0
YouBike2.0_臺大思亮館東南側,YouBike2.0_臺大動物醫院前,1.156,3.9,500119069.0,500101034.0
YouBike2.0_臺大思亮館東南側,YouBike2.0_臺大萬才館前,0.685,3.1,500119069.0,500101036.0
YouBike2.0_臺大思亮館東南側,YouBike2.0_臺大國青大樓宿舍前,0.593,2.8,500119069.0,500101037.0
YouBike2.0_臺大思亮館東南側,YouBike2.0_臺大社科院圖書館前,0.438,1.7,500119069.0,500101038.0
YouBike2.0_臺大思亮館東南側,YouBike2.0_臺大法人語言訓練中心前,0.222,0.7,500119069.0,500101039.0
YouBike2.0_臺大思亮館東南側,YouBike2.0_臺大綜合體育館停車場前,0.549,2.0,500119069.0,500101040.0
YouBike2.0_臺大思亮館東南側,YouBike2.0_辛亥新生路口東南側,0.615,1.8,500119069.0,500101041.0
YouBike2.0_臺大思亮館東南側,YouBike2.0_基隆長興路口東側,1.167,4.7,500119069.0,500101042.0
YouBike2.0_臺大思亮館東南側,YouBike2.0_捷運公館站(3號出口),1.224,4.0,500119069.0,500101181.0
YouBike2.0_臺大思亮館東南側,YouBike2.0_新生南路三段94巷口,1.47,4.8,500119069.0,500101184.0
YouBike2.0_臺大思亮館東南側,YouBike2.0_基隆長興路口,0.952,3.2,500119069.0,500101193.0
YouBike2.0_臺大思亮館東南側,YouBike2.0_臺大資訊大樓,0.306,1.3,500119069.0,500101209.0
YouBike2.0_臺大思亮館東南側,YouBike2.0_捷運公館站(1號出口),1.146,5.0,500119069.0,500106003.0
YouBike2.0_臺大思亮館東南側,YouBike2.0_捷運公館站(4號出口),1.227,5.2,500119069.0,500106004.0
YouBike2.0_臺大思亮館東南側,YouBike2.0_臺大男八舍東側,1.063,4.1,500119069.0,500119043.0
YouBike2.0_臺大思亮館東南側,YouBike2.0_臺大禮賢樓東南側,0.977,2.9,500119069.0,500119044.0
YouBike2.0_臺大思亮館東南側,YouBike2.0_臺大農業陳列館北側,0.787,2.4,500119069.0,500119045.0
YouBike2.0_臺大思亮館東南側,YouBike2.0_臺大管理學院二館北側,1.103,4.8,500119069.0,500119046.0
YouBike2.0_臺大思亮館東南側,YouBike2.0_臺大土木系館,0.442,1.6,500119069.0,500119047.0
YouBike2.0_臺大思亮館東南側,YouBike2.0_臺大大一女舍北側,1.076,3.1,500119069.0,500119048.0
YouBike2.0_臺大思亮館東南側,YouBike2.0_臺大女九舍西南側,0.111,0.3,500119069.0,500119049.0
YouBike2.0_臺大思亮館東南側,YouBike2.0_臺大小福樓東側,0.413,1.3,500119069.0,500119050.0
YouBike2.0_臺大思亮館東南側,YouBike2.0_臺大立體機車停車場,0.859,2.5,500119069.0,500119051.0
YouBike2.0_臺大思亮館東南側,YouBike2.0_臺大工綜館南側,0.42,1.2,500119069.0,500119052.0
YouBike2.0_臺大思亮館東南側,YouBike2.0_臺大天文數學館南側,0.182,0.5,500119069.0,500119053.0
YouBike2.0_臺大思亮館東南側,YouBike2.0_臺大心理系館南側,0.311,0.9,500119069.0,500119054.0
YouBike2.0_臺大思亮館東南側,YouBike2.0_臺大樂學館東側,0.634,1.9,500119069.0,500119055.0
YouBike2.0_臺大思亮館東南側,YouBike2.0_臺大農化新館西側,0.947,2.7,500119069.0,500119056.0
YouBike2.0_臺大思亮館東南側,YouBike2.0_臺大五號館西側,0.668,2.0,500119069.0,500119057.0
YouBike2.0_臺大思亮館東南側,YouBike2.0_臺大舊體育館西側,0.497,1.5,500119069.0,500119058.0
YouBike2.0_臺大思亮館東南側,YouBike2.0_臺大共同教室東南側,0.698,2.1,500119069.0,500119060.0
YouBike2.0_臺大思亮館東南側,YouBike2.0_臺大鹿鳴堂東側,0.796,2.4,500119069.0,500119061.0
YouBike2.0_臺大思亮館東南側,YouBike2.0_臺大公館停車場西北側,1.149,3.9,500119069.0,500119062.0
YouBike2.0_臺大思亮館東南側,YouBike2.0_臺大第二行政大樓南側,0.82,2.4,500119069.0,500119063.0
YouBike2.0_臺大思亮館東南側,YouBike2.0_臺大明達館機車停車場,0.878,2.6,500119069.0,500119064.0
YouBike2.0_臺大思亮館東南側,YouBike2.0_臺大二號館,0.774,2.3,500119069.0,500119065.0
YouBike2.0_臺大思亮館東南側,YouBike2.0_臺大凝態館南側,0.361,1.1,500119069.0,500119066.0
YouBike2.0_臺大思亮館東南側,YouBike2.0_臺大社科院西側,0.334,1.0,500119069.0,500119067.0
YouBike2.0_臺大思亮館東南側,YouBike2.0_臺大社會系館南側,0.482,1.8,500119069.0,500119068.0
YouBike2.0_臺大思亮館東南側,YouBike2.0_臺大椰林小舖,0.918,2.7,500119069.0,500119070.0
YouBike2.0_臺大思亮館東南側,YouBike2.0_臺大計資中心南側,0.192,0.6,500119069.0,500119071.0
YouBike2.0_臺大思亮館東南側,YouBike2.0_臺大原分所北側,0.233,0.7,500119069.0,500119072.0
YouBike2.0_臺大思亮館東南側,YouBike2.0_臺大生命科學館西北側,0.717,2.1,500119069.0,500119074.0
YouBike2.0_臺大思亮館東南側,YouBike2.0_臺大第一活動中心西南側,0.459,1.4,500119069.0,500119075.0
YouBike2.0_臺大思亮館東南側,YouBike2.0_臺大博理館西側,0.537,1.6,500119069.0,500119076.0
YouBike2.0_臺大思亮館東南側,YouBike2.0_臺大博雅館西側,0.547,1.7,500119069.0,500119077.0
YouBike2.0_臺大思亮館東南側,YouBike2.0_臺大森林館北側,0.53,1.6,500119069.0,500119078.0
YouBike2.0_臺大思亮館東南側,YouBike2.0_臺大一號館,0.894,2.6,500119069.0,500119079.0
YouBike2.0_臺大思亮館東南側,YouBike2.0_臺大小小福西南側,0.818,2.5,500119069.0,500119080.0
YouBike2.0_臺大思亮館東南側,YouBike2.0_臺大教研館北側,1.006,3.0,500119069.0,500119081.0
YouBike2.0_臺大思亮館東南側,YouBike2.0_臺大四號館東北側,0.563,1.7,500119069.0,500119082.0
YouBike2.0_臺大思亮館東南側,YouBike2.0_臺大新生教室南側,0.182,0.6,500119069.0,500119083.0
YouBike2.0_臺大思亮館東南側,YouBike2.0_臺大鄭江樓北側,0.733,2.2,500119069.0,500119084.0
YouBike2.0_臺大思亮館東南側,YouBike2.0_臺大電機二館東南側,0.666,2.0,500119069.0,500119085.0
YouBike2.0_臺大思亮館東南側,YouBike2.0_臺大圖資系館北側,0.321,1.0,500119069.0,500119086.0
YouBike2.0_臺大思亮館東南側,YouBike2.0_臺大總圖書館西南側,0.55,1.6,500119069.0,500119087.0
YouBike2.0_臺大思亮館東南側,YouBike2.0_臺大黑森林西側,0.678,3.0,500119069.0,500119088.0
YouBike2.0_臺大思亮館東南側,YouBike2.0_臺大獸醫館南側,0.813,2.3,500119069.0,500119089.0
YouBike2.0_臺大思亮館東南側,YouBike2.0_臺大新體育館東南側,0.427,1.3,500119069.0,500119090.0
YouBike2.0_臺大思亮館東南側,YouBike2.0_臺大明達館北側(員工宿舍),0.95,2.8,500119069.0,500119091.0
YouBike2.0_臺大椰林小舖,YouBike2.0_辛亥復興路口西北側,1.883,6.0,500119070.0,500101005.0
YouBike2.0_臺大椰林小舖,YouBike2.0_新生南路三段52號前,1.083,3.6,500119070.0,500101008.0
YouBike2.0_臺大椰林小舖,YouBike2.0_新生南路三段66號前,0.93,3.2,500119070.0,500101009.0
YouBike2.0_臺大椰林小舖,YouBike2.0_新生南路三段82號前,0.836,2.9,500119070.0,500101010.0
YouBike2.0_臺大椰林小舖,YouBike2.0_銘傳國小側門,0.395,3.7,500119070.0,500101021.0
YouBike2.0_臺大椰林小舖,YouBike2.0_捷運公館站(2號出口),0.368,1.5,500119070.0,500101022.0
YouBike2.0_臺大椰林小舖,YouBike2.0_第二學生活動中心,0.552,2.9,500119070.0,500101023.0
YouBike2.0_臺大椰林小舖,YouBike2.0_臺灣科技大學正門,1.018,3.9,500119070.0,500101024.0
YouBike2.0_臺大椰林小舖,YouBike2.0_臺灣科技大學側門,0.664,3.8,500119070.0,500101025.0
YouBike2.0_臺大椰林小舖,YouBike2.0_臺大男七舍前,1.298,4.7,500119070.0,500101031.0
YouBike2.0_臺大椰林小舖,YouBike2.0_臺大男一舍前,1.1,4.1,500119070.0,500101032.0
YouBike2.0_臺大椰林小舖,YouBike2.0_臺大男六舍前,1.07,4.0,500119070.0,500101033.0
YouBike2.0_臺大椰林小舖,YouBike2.0_臺大動物醫院前,1.189,3.9,500119070.0,500101034.0
YouBike2.0_臺大椰林小舖,YouBike2.0_臺大萬才館前,1.599,5.7,500119070.0,500101036.0
YouBike2.0_臺大椰林小舖,YouBike2.0_臺大國青大樓宿舍前,1.507,5.4,500119070.0,500101037.0
YouBike2.0_臺大椰林小舖,YouBike2.0_臺大社科院圖書館前,1.353,4.4,500119070.0,500101038.0
YouBike2.0_臺大椰林小舖,YouBike2.0_臺大法人語言訓練中心前,1.136,3.3,500119070.0,500101039.0
YouBike2.0_臺大椰林小舖,YouBike2.0_臺大綜合體育館停車場前,1.145,3.7,500119070.0,500101040.0
YouBike2.0_臺大椰林小舖,YouBike2.0_辛亥新生路口東南側,1.212,3.5,500119070.0,500101041.0
YouBike2.0_臺大椰林小舖,YouBike2.0_基隆長興路口東側,1.007,4.1,500119070.0,500101042.0
YouBike2.0_臺大椰林小舖,YouBike2.0_捷運公館站(3號出口),0.552,2.8,500119070.0,500101181.0
YouBike2.0_臺大椰林小舖,YouBike2.0_新生南路三段94巷口,0.667,2.4,500119070.0,500101184.0
YouBike2.0_臺大椰林小舖,YouBike2.0_基隆長興路口,0.985,3.2,500119070.0,500101193.0
YouBike2.0_臺大椰林小舖,YouBike2.0_臺大資訊大樓,1.221,4.0,500119070.0,500101209.0
YouBike2.0_臺大椰林小舖,YouBike2.0_捷運公館站(1號出口),0.381,2.8,500119070.0,500106003.0
YouBike2.0_臺大椰林小舖,YouBike2.0_捷運公館站(4號出口),0.463,3.0,500119070.0,500106004.0
YouBike2.0_臺大椰林小舖,YouBike2.0_臺大男八舍東側,1.096,4.1,500119070.0,500119043.0
YouBike2.0_臺大椰林小舖,YouBike2.0_臺大禮賢樓東南側,0.428,1.3,500119070.0,500119044.0
YouBike2.0_臺大椰林小舖,YouBike2.0_臺大農業陳列館北側,0.502,1.4,500119070.0,500119045.0
YouBike2.0_臺大椰林小舖,YouBike2.0_臺大管理學院二館北側,0.554,3.1,500119070.0,500119046.0
YouBike2.0_臺大椰林小舖,YouBike2.0_臺大土木系館,0.572,1.9,500119070.0,500119047.0
YouBike2.0_臺大椰林小舖,YouBike2.0_臺大大一女舍北側,0.156,0.5,500119070.0,500119048.0
YouBike2.0_臺大椰林小舖,YouBike2.0_臺大女九舍西南側,0.798,2.2,500119070.0,500119049.0
YouBike2.0_臺大椰林小舖,YouBike2.0_臺大小福樓東側,0.501,1.4,500119070.0,500119050.0
YouBike2.0_臺大椰林小舖,YouBike2.0_臺大立體機車停車場,0.78,2.2,500119070.0,500119051.0
YouBike2.0_臺大椰林小舖,YouBike2.0_臺大工綜館南側,0.799,2.2,500119070.0,500119052.0
YouBike2.0_臺大椰林小舖,YouBike2.0_臺大天文數學館南側,0.852,2.4,500119070.0,500119053.0
YouBike2.0_臺大椰林小舖,YouBike2.0_臺大心理系館南側,0.876,2.5,500119070.0,500119054.0
YouBike2.0_臺大椰林小舖,YouBike2.0_臺大樂學館東側,0.386,1.0,500119070.0,500119055.0
YouBike2.0_臺大椰林小舖,YouBike2.0_臺大農化新館西側,0.145,0.4,500119070.0,500119056.0
YouBike2.0_臺大椰林小舖,YouBike2.0_臺大五號館西側,0.331,0.9,500119070.0,500119057.0
YouBike2.0_臺大椰林小舖,YouBike2.0_臺大舊體育館西側,0.594,1.6,500119070.0,500119058.0
YouBike2.0_臺大椰林小舖,YouBike2.0_臺大共同教室東南側,0.219,0.7,500119070.0,500119060.0
YouBike2.0_臺大椰林小舖,YouBike2.0_臺大鹿鳴堂東側,0.247,0.7,500119070.0,500119061.0
YouBike2.0_臺大椰林小舖,YouBike2.0_臺大公館停車場西北側,0.62,2.2,500119070.0,500119062.0
YouBike2.0_臺大椰林小舖,YouBike2.0_臺大第二行政大樓南側,0.102,0.3,500119070.0,500119063.0
YouBike2.0_臺大椰林小舖,YouBike2.0_臺大明達館機車停車場,0.911,2.6,500119070.0,500119064.0
YouBike2.0_臺大椰林小舖,YouBike2.0_臺大二號館,0.281,0.8,500119070.0,500119065.0
YouBike2.0_臺大椰林小舖,YouBike2.0_臺大凝態館南側,0.958,2.7,500119070.0,500119066.0
YouBike2.0_臺大椰林小舖,YouBike2.0_臺大社科院西側,1.119,3.1,500119070.0,500119067.0
YouBike2.0_臺大椰林小舖,YouBike2.0_臺大社會系館南側,1.272,3.9,500119070.0,500119068.0
YouBike2.0_臺大椰林小舖,YouBike2.0_臺大思亮館東南側,0.922,2.6,500119070.0,500119069.0
YouBike2.0_臺大椰林小舖,YouBike2.0_臺大計資中心南側,0.937,2.6,500119070.0,500119071.0
YouBike2.0_臺大椰林小舖,YouBike2.0_臺大原分所北側,0.665,1.9,500119070.0,500119072.0
YouBike2.0_臺大椰林小舖,YouBike2.0_臺大生命科學館西北側,0.278,0.8,500119070.0,500119074.0
YouBike2.0_臺大椰林小舖,YouBike2.0_臺大第一活動中心西南側,0.632,1.8,500119070.0,500119075.0
YouBike2.0_臺大椰林小舖,YouBike2.0_臺大博理館西側,1.134,3.2,500119070.0,500119076.0
YouBike2.0_臺大椰林小舖,YouBike2.0_臺大博雅館西側,0.493,1.3,500119070.0,500119077.0
YouBike2.0_臺大椰林小舖,YouBike2.0_臺大森林館北側,0.459,1.3,500119070.0,500119078.0
YouBike2.0_臺大椰林小舖,YouBike2.0_臺大一號館,0.297,0.8,500119070.0,500119079.0
YouBike2.0_臺大椰林小舖,YouBike2.0_臺大小小福西南側,0.13,0.4,500119070.0,500119080.0
YouBike2.0_臺大椰林小舖,YouBike2.0_臺大教研館北側,0.476,1.4,500119070.0,500119081.0
YouBike2.0_臺大椰林小舖,YouBike2.0_臺大四號館東北側,0.41,1.2,500119070.0,500119082.0
YouBike2.0_臺大椰林小舖,YouBike2.0_臺大新生教室南側,0.711,2.0,500119070.0,500119083.0
YouBike2.0_臺大椰林小舖,YouBike2.0_臺大鄭江樓北側,1.13,3.2,500119070.0,500119084.0
YouBike2.0_臺大椰林小舖,YouBike2.0_臺大電機二館東南側,1.0,2.8,500119070.0,500119085.0
YouBike2.0_臺大椰林小舖,YouBike2.0_臺大圖資系館北側,0.601,1.6,500119070.0,500119086.0
YouBike2.0_臺大椰林小舖,YouBike2.0_臺大總圖書館西南側,0.614,1.8,500119070.0,500119087.0
YouBike2.0_臺大椰林小舖,YouBike2.0_臺大黑森林西側,1.312,4.9,500119070.0,500119088.0
YouBike2.0_臺大椰林小舖,YouBike2.0_臺大獸醫館南側,0.986,2.7,500119070.0,500119089.0
YouBike2.0_臺大椰林小舖,YouBike2.0_臺大新體育館東南側,0.94,2.6,500119070.0,500119090.0
YouBike2.0_臺大椰林小舖,YouBike2.0_臺大明達館北側(員工宿舍),0.982,2.8,500119070.0,500119091.0
YouBike2.0_臺大計資中心南側,YouBike2.0_辛亥復興路口西北側,0.519,2.4,500119071.0,500101005.0
YouBike2.0_臺大計資中心南側,YouBike2.0_新生南路三段52號前,0.897,3.9,500119071.0,500101008.0
YouBike2.0_臺大計資中心南側,YouBike2.0_新生南路三段66號前,1.021,3.9,500119071.0,500101009.0
YouBike2.0_臺大計資中心南側,YouBike2.0_新生南路三段82號前,0.928,3.6,500119071.0,500101010.0
YouBike2.0_臺大計資中心南側,YouBike2.0_銘傳國小側門,1.175,6.0,500119071.0,500101021.0
YouBike2.0_臺大計資中心南側,YouBike2.0_捷運公館站(2號出口),1.148,3.8,500119071.0,500101022.0
YouBike2.0_臺大計資中心南側,YouBike2.0_第二學生活動中心,1.332,5.2,500119071.0,500101023.0
YouBike2.0_臺大計資中心南側,YouBike2.0_臺灣科技大學正門,1.112,4.2,500119071.0,500101024.0
YouBike2.0_臺大計資中心南側,YouBike2.0_臺灣科技大學側門,1.373,5.0,500119071.0,500101025.0
YouBike2.0_臺大計資中心南側,YouBike2.0_臺大男七舍前,1.211,4.5,500119071.0,500101031.0
YouBike2.0_臺大計資中心南側,YouBike2.0_臺大男一舍前,1.013,3.9,500119071.0,500101032.0
YouBike2.0_臺大計資中心南側,YouBike2.0_臺大男六舍前,0.983,3.8,500119071.0,500101033.0
YouBike2.0_臺大計資中心南側,YouBike2.0_臺大動物醫院前,1.102,3.7,500119071.0,500101034.0
YouBike2.0_臺大計資中心南側,YouBike2.0_臺大萬才館前,0.631,2.9,500119071.0,500101036.0
YouBike2.0_臺大計資中心南側,YouBike2.0_臺大國青大樓宿舍前,0.539,2.6,500119071.0,500101037.0
YouBike2.0_臺大計資中心南側,YouBike2.0_臺大社科院圖書館前,0.384,1.6,500119071.0,500101038.0
YouBike2.0_臺大計資中心南側,YouBike2.0_臺大法人語言訓練中心前,0.168,0.5,500119071.0,500101039.0
YouBike2.0_臺大計資中心南側,YouBike2.0_臺大綜合體育館停車場前,0.655,2.4,500119071.0,500101040.0
YouBike2.0_臺大計資中心南側,YouBike2.0_辛亥新生路口東南側,0.722,2.1,500119071.0,500101041.0
YouBike2.0_臺大計資中心南側,YouBike2.0_基隆長興路口東側,1.113,4.5,500119071.0,500101042.0
YouBike2.0_臺大計資中心南側,YouBike2.0_捷運公館站(3號出口),1.239,4.0,500119071.0,500101181.0
YouBike2.0_臺大計資中心南側,YouBike2.0_新生南路三段94巷口,1.485,4.8,500119071.0,500101184.0
YouBike2.0_臺大計資中心南側,YouBike2.0_基隆長興路口,0.898,3.0,500119071.0,500101193.0
YouBike2.0_臺大計資中心南側,YouBike2.0_臺大資訊大樓,0.252,1.1,500119071.0,500101209.0
YouBike2.0_臺大計資中心南側,YouBike2.0_捷運公館站(1號出口),1.161,5.0,500119071.0,500106003.0
YouBike2.0_臺大計資中心南側,YouBike2.0_捷運公館站(4號出口),1.243,5.2,500119071.0,500106004.0
YouBike2.0_臺大計資中心南側,YouBike2.0_臺大男八舍東側,1.009,3.9,500119071.0,500119043.0
YouBike2.0_臺大計資中心南側,YouBike2.0_臺大禮賢樓東南側,0.992,2.9,500119071.0,500119044.0
YouBike2.0_臺大計資中心南側,YouBike2.0_臺大農業陳列館北側,0.819,2.4,500119071.0,500119045.0
YouBike2.0_臺大計資中心南側,YouBike2.0_臺大管理學院二館北側,1.119,4.8,500119071.0,500119046.0
YouBike2.0_臺大計資中心南側,YouBike2.0_臺大土木系館,0.457,1.6,500119071.0,500119047.0
YouBike2.0_臺大計資中心南側,YouBike2.0_臺大大一女舍北側,1.091,3.1,500119071.0,500119048.0
YouBike2.0_臺大計資中心南側,YouBike2.0_臺大女九舍西南側,0.139,0.4,500119071.0,500119049.0
YouBike2.0_臺大計資中心南側,YouBike2.0_臺大小福樓東側,0.43,1.3,500119071.0,500119050.0
YouBike2.0_臺大計資中心南側,YouBike2.0_臺大立體機車停車場,0.874,2.5,500119071.0,500119051.0
YouBike2.0_臺大計資中心南側,YouBike2.0_臺大工綜館南側,0.438,1.3,500119071.0,500119052.0
YouBike2.0_臺大計資中心南側,YouBike2.0_臺大天文數學館南側,0.289,0.9,500119071.0,500119053.0
YouBike2.0_臺大計資中心南側,YouBike2.0_臺大心理系館南側,0.162,0.5,500119071.0,500119054.0
YouBike2.0_臺大計資中心南側,YouBike2.0_臺大樂學館東側,0.666,1.9,500119071.0,500119055.0
YouBike2.0_臺大計資中心南側,YouBike2.0_臺大農化新館西側,0.963,2.8,500119071.0,500119056.0
YouBike2.0_臺大計資中心南側,YouBike2.0_臺大五號館西側,0.683,2.0,500119071.0,500119057.0
YouBike2.0_臺大計資中心南側,YouBike2.0_臺大舊體育館西側,0.599,1.8,500119071.0,500119058.0
YouBike2.0_臺大計資中心南側,YouBike2.0_臺大共同教室東南側,0.713,2.1,500119071.0,500119060.0
YouBike2.0_臺大計資中心南側,YouBike2.0_臺大鹿鳴堂東側,0.811,2.4,500119071.0,500119061.0
YouBike2.0_臺大計資中心南側,YouBike2.0_臺大公館停車場西北側,1.165,3.9,500119071.0,500119062.0
YouBike2.0_臺大計資中心南側,YouBike2.0_臺大第二行政大樓南側,0.835,2.4,500119071.0,500119063.0
YouBike2.0_臺大計資中心南側,YouBike2.0_臺大明達館機車停車場,0.824,2.4,500119071.0,500119064.0
YouBike2.0_臺大計資中心南側,YouBike2.0_臺大二號館,0.79,2.3,500119071.0,500119065.0
YouBike2.0_臺大計資中心南側,YouBike2.0_臺大凝態館南側,0.468,1.4,500119071.0,500119066.0
YouBike2.0_臺大計資中心南側,YouBike2.0_臺大社科院西側,0.28,0.8,500119071.0,500119067.0
YouBike2.0_臺大計資中心南側,YouBike2.0_臺大社會系館南側,0.428,1.6,500119071.0,500119068.0
YouBike2.0_臺大計資中心南側,YouBike2.0_臺大思亮館東南側,0.192,0.6,500119071.0,500119069.0
YouBike2.0_臺大計資中心南側,YouBike2.0_臺大椰林小舖,0.933,2.7,500119071.0,500119070.0
YouBike2.0_臺大計資中心南側,YouBike2.0_臺大原分所北側,0.281,0.8,500119071.0,500119072.0
YouBike2.0_臺大計資中心南側,YouBike2.0_臺大生命科學館西北側,0.732,2.1,500119071.0,500119074.0
YouBike2.0_臺大計資中心南側,YouBike2.0_臺大第一活動中心西南側,0.474,1.4,500119071.0,500119075.0
YouBike2.0_臺大計資中心南側,YouBike2.0_臺大博理館西側,0.483,1.4,500119071.0,500119076.0
YouBike2.0_臺大計資中心南側,YouBike2.0_臺大博雅館西側,0.571,1.6,500119071.0,500119077.0
YouBike2.0_臺大計資中心南側,YouBike2.0_臺大森林館北側,0.546,1.6,500119071.0,500119078.0
YouBike2.0_臺大計資中心南側,YouBike2.0_臺大一號館,0.909,2.6,500119071.0,500119079.0
YouBike2.0_臺大計資中心南側,YouBike2.0_臺大小小福西南側,0.834,2.5,500119071.0,500119080.0
YouBike2.0_臺大計資中心南側,YouBike2.0_臺大教研館北側,1.021,3.0,500119071.0,500119081.0
YouBike2.0_臺大計資中心南側,YouBike2.0_臺大四號館東北側,0.579,1.7,500119071.0,500119082.0
YouBike2.0_臺大計資中心南側,YouBike2.0_臺大新生教室南側,0.304,0.9,500119071.0,500119083.0
YouBike2.0_臺大計資中心南側,YouBike2.0_臺大鄭江樓北側,0.679,2.0,500119071.0,500119084.0
YouBike2.0_臺大計資中心南側,YouBike2.0_臺大電機二館東南側,0.612,1.8,500119071.0,500119085.0
YouBike2.0_臺大計資中心南側,YouBike2.0_臺大圖資系館北側,0.336,1.0,500119071.0,500119086.0
YouBike2.0_臺大計資中心南側,YouBike2.0_臺大總圖書館西南側,0.565,1.6,500119071.0,500119087.0
YouBike2.0_臺大計資中心南側,YouBike2.0_臺大黑森林西側,0.624,2.9,500119071.0,500119088.0
YouBike2.0_臺大計資中心南側,YouBike2.0_臺大獸醫館南側,0.71,2.1,500119071.0,500119089.0
YouBike2.0_臺大計資中心南側,YouBike2.0_臺大新體育館東南側,0.482,1.4,500119071.0,500119090.0
YouBike2.0_臺大計資中心南側,YouBike2.0_臺大明達館北側(員工宿舍),0.896,2.6,500119071.0,500119091.0
YouBike2.0_臺大原分所北側,YouBike2.0_辛亥復興路口西北側,1.437,4.8,500119072.0,500101005.0
YouBike2.0_臺大原分所北側,YouBike2.0_新生南路三段52號前,0.885,3.5,500119072.0,500101008.0
YouBike2.0_臺大原分所北側,YouBike2.0_新生南路三段66號前,0.732,3.0,500119072.0,500101009.0
YouBike2.0_臺大原分所北側,YouBike2.0_新生南路三段82號前,0.639,2.8,500119072.0,500101010.0
YouBike2.0_臺大原分所北側,YouBike2.0_銘傳國小側門,0.997,5.5,500119072.0,500101021.0
YouBike2.0_臺大原分所北側,YouBike2.0_捷運公館站(2號出口),0.97,3.3,500119072.0,500101022.0
YouBike2.0_臺大原分所北側,YouBike2.0_第二學生活動中心,1.155,4.7,500119072.0,500101023.0
YouBike2.0_臺大原分所北側,YouBike2.0_臺灣科技大學正門,0.917,3.7,500119072.0,500101024.0
YouBike2.0_臺大原分所北側,YouBike2.0_臺灣科技大學側門,1.031,4.9,500119072.0,500101025.0
YouBike2.0_臺大原分所北側,YouBike2.0_臺大男七舍前,1.026,4.0,500119072.0,500101031.0
YouBike2.0_臺大原分所北側,YouBike2.0_臺大男一舍前,0.828,3.4,500119072.0,500101032.0
YouBike2.0_臺大原分所北側,YouBike2.0_臺大男六舍前,0.798,3.2,500119072.0,500101033.0
YouBike2.0_臺大原分所北側,YouBike2.0_臺大動物醫院前,0.917,3.1,500119072.0,500101034.0
YouBike2.0_臺大原分所北側,YouBike2.0_臺大萬才館前,0.917,3.7,500119072.0,500101036.0
YouBike2.0_臺大原分所北側,YouBike2.0_臺大國青大樓宿舍前,0.826,3.5,500119072.0,500101037.0
YouBike2.0_臺大原分所北側,YouBike2.0_臺大社科院圖書館前,0.671,2.4,500119072.0,500101038.0
YouBike2.0_臺大原分所北側,YouBike2.0_臺大法人語言訓練中心前,0.455,1.4,500119072.0,500101039.0
YouBike2.0_臺大原分所北側,YouBike2.0_臺大綜合體育館停車場前,0.7,2.5,500119072.0,500101040.0
YouBike2.0_臺大原分所北側,YouBike2.0_辛亥新生路口東南側,0.766,2.2,500119072.0,500101041.0
YouBike2.0_臺大原分所北側,YouBike2.0_基隆長興路口東側,0.735,3.4,500119072.0,500101042.0
YouBike2.0_臺大原分所北側,YouBike2.0_捷運公館站(3號出口),1.098,4.4,500119072.0,500101181.0
YouBike2.0_臺大原分所北側,YouBike2.0_新生南路三段94巷口,1.213,4.0,500119072.0,500101184.0
YouBike2.0_臺大原分所北側,YouBike2.0_基隆長興路口,0.713,2.5,500119072.0,500101193.0
YouBike2.0_臺大原分所北側,YouBike2.0_臺大資訊大樓,0.539,2.0,500119072.0,500101209.0
YouBike2.0_臺大原分所北側,YouBike2.0_捷運公館站(1號出口),0.984,4.6,500119072.0,500106003.0
YouBike2.0_臺大原分所北側,YouBike2.0_捷運公館站(4號出口),1.065,4.8,500119072.0,500106004.0
YouBike2.0_臺大原分所北側,YouBike2.0_臺大男八舍東側,0.824,3.4,500119072.0,500119043.0
YouBike2.0_臺大原分所北側,YouBike2.0_臺大禮賢樓東南側,0.814,2.5,500119072.0,500119044.0
YouBike2.0_臺大原分所北側,YouBike2.0_臺大農業陳列館北側,0.53,1.6,500119072.0,500119045.0
YouBike2.0_臺大原分所北側,YouBike2.0_臺大管理學院二館北側,0.941,4.3,500119072.0,500119046.0
YouBike2.0_臺大原分所北側,YouBike2.0_臺大土木系館,0.262,1.1,500119072.0,500119047.0
YouBike2.0_臺大原分所北側,YouBike2.0_臺大大一女舍北側,0.821,2.4,500119072.0,500119048.0
YouBike2.0_臺大原分所北側,YouBike2.0_臺大女九舍西南側,0.14,0.4,500119072.0,500119049.0
YouBike2.0_臺大原分所北側,YouBike2.0_臺大小福樓東側,0.164,0.5,500119072.0,500119050.0
YouBike2.0_臺大原分所北側,YouBike2.0_臺大立體機車停車場,0.679,2.0,500119072.0,500119051.0
YouBike2.0_臺大原分所北側,YouBike2.0_臺大工綜館南側,0.243,0.7,500119072.0,500119052.0
YouBike2.0_臺大原分所北側,YouBike2.0_臺大天文數學館南側,0.406,1.2,500119072.0,500119053.0
YouBike2.0_臺大原分所北側,YouBike2.0_臺大心理系館南側,0.217,0.7,500119072.0,500119054.0
YouBike2.0_臺大原分所北側,YouBike2.0_臺大樂學館東側,0.377,1.1,500119072.0,500119055.0
YouBike2.0_臺大原分所北側,YouBike2.0_臺大農化新館西側,0.69,2.0,500119072.0,500119056.0
YouBike2.0_臺大原分所北側,YouBike2.0_臺大五號館西側,0.411,1.2,500119072.0,500119057.0
YouBike2.0_臺大原分所北側,YouBike2.0_臺大舊體育館西側,0.384,1.1,500119072.0,500119058.0
YouBike2.0_臺大原分所北側,YouBike2.0_臺大共同教室東南側,0.536,1.6,500119072.0,500119060.0
YouBike2.0_臺大原分所北側,YouBike2.0_臺大鹿鳴堂東側,0.634,1.9,500119072.0,500119061.0
YouBike2.0_臺大原分所北側,YouBike2.0_臺大公館停車場西北側,0.987,3.4,500119072.0,500119062.0
YouBike2.0_臺大原分所北側,YouBike2.0_臺大第二行政大樓南側,0.563,1.7,500119072.0,500119063.0
YouBike2.0_臺大原分所北側,YouBike2.0_臺大明達館機車停車場,0.639,1.9,500119072.0,500119064.0
YouBike2.0_臺大原分所北側,YouBike2.0_臺大二號館,0.517,1.5,500119072.0,500119065.0
YouBike2.0_臺大原分所北側,YouBike2.0_臺大凝態館南側,0.512,1.5,500119072.0,500119066.0
YouBike2.0_臺大原分所北側,YouBike2.0_臺大社科院西側,0.566,1.7,500119072.0,500119067.0
YouBike2.0_臺大原分所北側,YouBike2.0_臺大社會系館南側,0.714,2.5,500119072.0,500119068.0
YouBike2.0_臺大原分所北側,YouBike2.0_臺大思亮館東南側,0.233,0.7,500119072.0,500119069.0
YouBike2.0_臺大原分所北側,YouBike2.0_臺大椰林小舖,0.665,2.0,500119072.0,500119070.0
YouBike2.0_臺大原分所北側,YouBike2.0_臺大計資中心南側,0.281,0.8,500119072.0,500119071.0
YouBike2.0_臺大原分所北側,YouBike2.0_臺大生命科學館西北側,0.554,1.7,500119072.0,500119074.0
YouBike2.0_臺大原分所北側,YouBike2.0_臺大第一活動中心西南側,0.279,0.8,500119072.0,500119075.0
YouBike2.0_臺大原分所北側,YouBike2.0_臺大博理館西側,0.769,2.3,500119072.0,500119076.0
YouBike2.0_臺大原分所北側,YouBike2.0_臺大博雅館西側,0.33,1.0,500119072.0,500119077.0
YouBike2.0_臺大原分所北側,YouBike2.0_臺大森林館北側,0.449,1.4,500119072.0,500119078.0
YouBike2.0_臺大原分所北側,YouBike2.0_臺大一號館,0.637,1.9,500119072.0,500119079.0
YouBike2.0_臺大原分所北側,YouBike2.0_臺大小小福西南側,0.656,2.0,500119072.0,500119080.0
YouBike2.0_臺大原分所北側,YouBike2.0_臺大教研館北側,0.843,2.5,500119072.0,500119081.0
YouBike2.0_臺大原分所北側,YouBike2.0_臺大四號館東北側,0.342,1.1,500119072.0,500119082.0
YouBike2.0_臺大原分所北側,YouBike2.0_臺大新生教室南側,0.266,0.8,500119072.0,500119083.0
YouBike2.0_臺大原分所北側,YouBike2.0_臺大鄭江樓北側,0.494,1.4,500119072.0,500119084.0
YouBike2.0_臺大原分所北側,YouBike2.0_臺大電機二館東南側,0.444,1.3,500119072.0,500119085.0
YouBike2.0_臺大原分所北側,YouBike2.0_臺大圖資系館北側,0.141,0.4,500119072.0,500119086.0
YouBike2.0_臺大原分所北側,YouBike2.0_臺大總圖書館西南側,0.37,1.1,500119072.0,500119087.0
YouBike2.0_臺大原分所北側,YouBike2.0_臺大黑森林西側,0.91,3.7,500119072.0,500119088.0
YouBike2.0_臺大原分所北側,YouBike2.0_臺大獸醫館南側,0.633,1.8,500119072.0,500119089.0
YouBike2.0_臺大原分所北側,YouBike2.0_臺大新體育館東南側,0.499,1.5,500119072.0,500119090.0
YouBike2.0_臺大原分所北側,YouBike2.0_臺大明達館北側(員工宿舍),0.881,2.6,500119072.0,500119091.0
YouBike2.0_臺大生命科學館西北側,YouBike2.0_辛亥復興路口西北側,1.771,5.7,500119074.0,500101005.0
YouBike2.0_臺大生命科學館西北側,YouBike2.0_新生南路三段52號前,1.339,4.4,500119074.0,500101008.0
YouBike2.0_臺大生命科學館西北側,YouBike2.0_新生南路三段66號前,1.186,3.9,500119074.0,500101009.0
YouBike2.0_臺大生命科學館西北側,YouBike2.0_新生南路三段82號前,1.092,3.6,500119074.0,500101010.0
YouBike2.0_臺大生命科學館西北側,YouBike2.0_銘傳國小側門,0.491,4.0,500119074.0,500101021.0
YouBike2.0_臺大生命科學館西北側,YouBike2.0_捷運公館站(2號出口),0.464,1.8,500119074.0,500101022.0
YouBike2.0_臺大生命科學館西北側,YouBike2.0_第二學生活動中心,0.649,3.1,500119074.0,500101023.0
YouBike2.0_臺大生命科學館西北側,YouBike2.0_臺灣科技大學正門,0.784,3.2,500119074.0,500101024.0
YouBike2.0_臺大生命科學館西北側,YouBike2.0_臺灣科技大學側門,0.477,3.2,500119074.0,500101025.0
YouBike2.0_臺大生命科學館西北側,YouBike2.0_臺大男七舍前,1.064,4.0,500119074.0,500101031.0
YouBike2.0_臺大生命科學館西北側,YouBike2.0_臺大男一舍前,0.866,3.4,500119074.0,500101032.0
YouBike2.0_臺大生命科學館西北側,YouBike2.0_臺大男六舍前,0.835,3.3,500119074.0,500101033.0
YouBike2.0_臺大生命科學館西北側,YouBike2.0_臺大動物醫院前,0.955,3.2,500119074.0,500101034.0
YouBike2.0_臺大生命科學館西北側,YouBike2.0_臺大萬才館前,1.488,5.4,500119074.0,500101036.0
YouBike2.0_臺大生命科學館西北側,YouBike2.0_臺大國青大樓宿舍前,1.396,5.1,500119074.0,500101037.0
YouBike2.0_臺大生命科學館西北側,YouBike2.0_臺大社科院圖書館前,1.241,4.1,500119074.0,500101038.0
YouBike2.0_臺大生命科學館西北側,YouBike2.0_臺大法人語言訓練中心前,1.025,3.0,500119074.0,500101039.0
YouBike2.0_臺大生命科學館西北側,YouBike2.0_臺大綜合體育館停車場前,1.034,3.4,500119074.0,500101040.0
YouBike2.0_臺大生命科學館西北側,YouBike2.0_辛亥新生路口東南側,1.1,3.1,500119074.0,500101041.0
YouBike2.0_臺大生命科學館西北側,YouBike2.0_基隆長興路口東側,0.772,3.4,500119074.0,500101042.0
YouBike2.0_臺大生命科學館西北側,YouBike2.0_捷運公館站(3號出口),0.556,2.0,500119074.0,500101181.0
YouBike2.0_臺大生命科學館西北側,YouBike2.0_新生南路三段94巷口,0.923,3.1,500119074.0,500101184.0
YouBike2.0_臺大生命科學館西北側,YouBike2.0_基隆長興路口,0.751,2.5,500119074.0,500101193.0
YouBike2.0_臺大生命科學館西北側,YouBike2.0_臺大資訊大樓,1.109,3.7,500119074.0,500101209.0
YouBike2.0_臺大生命科學館西北側,YouBike2.0_捷運公館站(1號出口),0.478,3.0,500119074.0,500106003.0
YouBike2.0_臺大生命科學館西北側,YouBike2.0_捷運公館站(4號出口),0.559,3.2,500119074.0,500106004.0
YouBike2.0_臺大生命科學館西北側,YouBike2.0_臺大男八舍東側,0.862,3.4,500119074.0,500119043.0
YouBike2.0_臺大生命科學館西北側,YouBike2.0_臺大禮賢樓東南側,0.235,0.7,500119074.0,500119044.0
YouBike2.0_臺大生命科學館西北側,YouBike2.0_臺大農業陳列館北側,0.741,2.1,500119074.0,500119045.0
YouBike2.0_臺大生命科學館西北側,YouBike2.0_臺大管理學院二館北側,0.361,2.5,500119074.0,500119046.0
YouBike2.0_臺大生命科學館西北側,YouBike2.0_臺大土木系館,0.461,1.6,500119074.0,500119047.0
YouBike2.0_臺大生命科學館西北側,YouBike2.0_臺大大一女舍北側,0.436,1.2,500119074.0,500119048.0
YouBike2.0_臺大生命科學館西北側,YouBike2.0_臺大女九舍西南側,0.592,1.7,500119074.0,500119049.0
YouBike2.0_臺大生命科學館西北側,YouBike2.0_臺大小福樓東側,0.39,1.1,500119074.0,500119050.0
YouBike2.0_臺大生命科學館西北側,YouBike2.0_臺大立體機車停車場,0.546,1.5,500119074.0,500119051.0
YouBike2.0_臺大生命科學館西北側,YouBike2.0_臺大工綜館南側,0.587,1.6,500119074.0,500119052.0
YouBike2.0_臺大生命科學館西北側,YouBike2.0_臺大天文數學館南側,0.741,2.1,500119074.0,500119053.0
YouBike2.0_臺大生命科學館西北側,YouBike2.0_臺大心理系館南側,0.669,1.9,500119074.0,500119054.0
YouBike2.0_臺大生命科學館西北側,YouBike2.0_臺大樂學館東側,0.511,1.4,500119074.0,500119055.0
YouBike2.0_臺大生命科學館西北側,YouBike2.0_臺大農化新館西側,0.4,1.1,500119074.0,500119056.0
YouBike2.0_臺大生命科學館西北側,YouBike2.0_臺大五號館西側,0.237,0.6,500119074.0,500119057.0
YouBike2.0_臺大生命科學館西北側,YouBike2.0_臺大舊體育館西側,0.7,2.0,500119074.0,500119058.0
YouBike2.0_臺大生命科學館西北側,YouBike2.0_臺大共同教室東南側,0.058,0.2,500119074.0,500119060.0
YouBike2.0_臺大生命科學館西北側,YouBike2.0_臺大鹿鳴堂東側,0.089,0.3,500119074.0,500119061.0
YouBike2.0_臺大生命科學館西北側,YouBike2.0_臺大公館停車場西北側,0.433,1.7,500119074.0,500119062.0
YouBike2.0_臺大生命科學館西北側,YouBike2.0_臺大第二行政大樓南側,0.273,0.8,500119074.0,500119063.0
YouBike2.0_臺大生命科學館西北側,YouBike2.0_臺大明達館機車停車場,0.677,1.9,500119074.0,500119064.0
YouBike2.0_臺大生命科學館西北側,YouBike2.0_臺大二號館,0.42,1.1,500119074.0,500119065.0
YouBike2.0_臺大生命科學館西北側,YouBike2.0_臺大凝態館南側,0.846,2.4,500119074.0,500119066.0
YouBike2.0_臺大生命科學館西北側,YouBike2.0_臺大社科院西側,0.912,2.5,500119074.0,500119067.0
YouBike2.0_臺大生命科學館西北側,YouBike2.0_臺大社會系館南側,1.066,3.4,500119074.0,500119068.0
YouBike2.0_臺大生命科學館西北側,YouBike2.0_臺大思亮館東南側,0.715,2.0,500119074.0,500119069.0
YouBike2.0_臺大生命科學館西北側,YouBike2.0_臺大椰林小舖,0.278,0.8,500119074.0,500119070.0
YouBike2.0_臺大生命科學館西北側,YouBike2.0_臺大計資中心南側,0.731,2.1,500119074.0,500119071.0
YouBike2.0_臺大生命科學館西北側,YouBike2.0_臺大原分所北側,0.554,1.6,500119074.0,500119072.0
YouBike2.0_臺大生命科學館西北側,YouBike2.0_臺大第一活動中心西南側,0.42,1.2,500119074.0,500119075.0
YouBike2.0_臺大生命科學館西北側,YouBike2.0_臺大博理館西側,0.923,2.6,500119074.0,500119076.0
YouBike2.0_臺大生命科學館西北側,YouBike2.0_臺大博雅館西側,0.617,1.7,500119074.0,500119077.0
YouBike2.0_臺大生命科學館西北側,YouBike2.0_臺大森林館北側,0.258,0.7,500119074.0,500119078.0
YouBike2.0_臺大生命科學館西北側,YouBike2.0_臺大一號館,0.54,1.5,500119074.0,500119079.0
YouBike2.0_臺大生命科學館西北側,YouBike2.0_臺大小小福西南側,0.179,0.6,500119074.0,500119080.0
YouBike2.0_臺大生命科學館西北側,YouBike2.0_臺大教研館北側,0.289,0.8,500119074.0,500119081.0
YouBike2.0_臺大生命科學館西北側,YouBike2.0_臺大四號館東北側,0.209,0.6,500119074.0,500119082.0
YouBike2.0_臺大生命科學館西北側,YouBike2.0_臺大新生教室南側,0.6,1.7,500119074.0,500119083.0
YouBike2.0_臺大生命科學館西北側,YouBike2.0_臺大鄭江樓北側,0.919,2.6,500119074.0,500119084.0
YouBike2.0_臺大生命科學館西北側,YouBike2.0_臺大電機二館東南側,0.789,2.2,500119074.0,500119085.0
YouBike2.0_臺大生命科學館西北側,YouBike2.0_臺大圖資系館北側,0.395,1.1,500119074.0,500119086.0
YouBike2.0_臺大生命科學館西北側,YouBike2.0_臺大總圖書館西南側,0.413,1.2,500119074.0,500119087.0
YouBike2.0_臺大生命科學館西北側,YouBike2.0_臺大黑森林西側,0.879,3.7,500119074.0,500119088.0
YouBike2.0_臺大生命科學館西北側,YouBike2.0_臺大獸醫館南側,0.775,2.1,500119074.0,500119089.0
YouBike2.0_臺大生命科學館西北側,YouBike2.0_臺大新體育館東南側,0.829,2.3,500119074.0,500119090.0
YouBike2.0_臺大生命科學館西北側,YouBike2.0_臺大明達館北側(員工宿舍),0.748,2.1,500119074.0,500119091.0
YouBike2.0_臺大第一活動中心西南側,YouBike2.0_辛亥復興路口西北側,0.947,3.6,500119075.0,500101005.0
YouBike2.0_臺大第一活動中心西南側,YouBike2.0_新生南路三段52號前,1.071,4.0,500119075.0,500101008.0
YouBike2.0_臺大第一活動中心西南側,YouBike2.0_新生南路三段66號前,0.918,3.5,500119075.0,500101009.0
YouBike2.0_臺大第一活動中心西南側,YouBike2.0_新生南路三段82號前,0.824,3.3,500119075.0,500101010.0
YouBike2.0_臺大第一活動中心西南側,YouBike2.0_銘傳國小側門,0.87,5.1,500119075.0,500101021.0
YouBike2.0_臺大第一活動中心西南側,YouBike2.0_捷運公館站(2號出口),0.843,2.9,500119075.0,500101022.0
YouBike2.0_臺大第一活動中心西南側,YouBike2.0_第二學生活動中心,1.027,4.3,500119075.0,500101023.0
YouBike2.0_臺大第一活動中心西南側,YouBike2.0_臺灣科技大學正門,0.651,2.9,500119075.0,500101024.0
YouBike2.0_臺大第一活動中心西南側,YouBike2.0_臺灣科技大學側門,0.912,3.7,500119075.0,500101025.0
YouBike2.0_臺大第一活動中心西南側,YouBike2.0_臺大男七舍前,0.931,3.7,500119075.0,500101031.0
YouBike2.0_臺大第一活動中心西南側,YouBike2.0_臺大男一舍前,0.733,3.1,500119075.0,500101032.0
YouBike2.0_臺大第一活動中心西南側,YouBike2.0_臺大男六舍前,0.703,3.0,500119075.0,500101033.0
YouBike2.0_臺大第一活動中心西南側,YouBike2.0_臺大動物醫院前,0.823,2.9,500119075.0,500101034.0
YouBike2.0_臺大第一活動中心西南側,YouBike2.0_臺大萬才館前,1.104,4.2,500119075.0,500101036.0
YouBike2.0_臺大第一活動中心西南側,YouBike2.0_臺大國青大樓宿舍前,1.012,3.9,500119075.0,500101037.0
YouBike2.0_臺大第一活動中心西南側,YouBike2.0_臺大社科院圖書館前,0.857,2.8,500119075.0,500101038.0
YouBike2.0_臺大第一活動中心西南側,YouBike2.0_臺大法人語言訓練中心前,0.681,2.0,500119075.0,500101039.0
YouBike2.0_臺大第一活動中心西南側,YouBike2.0_臺大綜合體育館停車場前,0.976,3.2,500119075.0,500101040.0
YouBike2.0_臺大第一活動中心西南側,YouBike2.0_辛亥新生路口東南側,1.042,3.0,500119075.0,500101041.0
YouBike2.0_臺大第一活動中心西南側,YouBike2.0_基隆長興路口東側,0.64,3.1,500119075.0,500101042.0
YouBike2.0_臺大第一活動中心西南側,YouBike2.0_捷運公館站(3號出口),0.934,3.1,500119075.0,500101181.0
YouBike2.0_臺大第一活動中心西南側,YouBike2.0_新生南路三段94巷口,1.18,3.9,500119075.0,500101184.0
YouBike2.0_臺大第一活動中心西南側,YouBike2.0_基隆長興路口,0.619,2.2,500119075.0,500101193.0
YouBike2.0_臺大第一活動中心西南側,YouBike2.0_臺大資訊大樓,0.725,2.5,500119075.0,500101209.0
YouBike2.0_臺大第一活動中心西南側,YouBike2.0_捷運公館站(1號出口),0.856,4.2,500119075.0,500106003.0
YouBike2.0_臺大第一活動中心西南側,YouBike2.0_捷運公館站(4號出口),0.938,4.4,500119075.0,500106004.0
YouBike2.0_臺大第一活動中心西南側,YouBike2.0_臺大男八舍東側,0.729,3.1,500119075.0,500119043.0
YouBike2.0_臺大第一活動中心西南側,YouBike2.0_臺大禮賢樓東南側,0.687,2.0,500119075.0,500119044.0
YouBike2.0_臺大第一活動中心西南側,YouBike2.0_臺大農業陳列館北側,0.716,2.1,500119075.0,500119045.0
YouBike2.0_臺大第一活動中心西南側,YouBike2.0_臺大管理學院二館北側,0.814,3.9,500119075.0,500119046.0
YouBike2.0_臺大第一活動中心西南側,YouBike2.0_臺大土木系館,0.152,0.8,500119075.0,500119047.0
YouBike2.0_臺大第一活動中心西南側,YouBike2.0_臺大大一女舍北側,0.786,2.3,500119075.0,500119048.0
YouBike2.0_臺大第一活動中心西南側,YouBike2.0_臺大女九舍西南側,0.335,1.0,500119075.0,500119049.0
YouBike2.0_臺大第一活動中心西南側,YouBike2.0_臺大小福樓東側,0.364,1.1,500119075.0,500119050.0
YouBike2.0_臺大第一活動中心西南側,YouBike2.0_臺大立體機車停車場,0.413,1.2,500119075.0,500119051.0
YouBike2.0_臺大第一活動中心西南側,YouBike2.0_臺大工綜館南側,0.167,0.5,500119075.0,500119052.0
YouBike2.0_臺大第一活動中心西南側,YouBike2.0_臺大天文數學館南側,0.589,1.7,500119075.0,500119053.0
YouBike2.0_臺大第一活動中心西南側,YouBike2.0_臺大心理系館南側,0.413,1.2,500119075.0,500119054.0
YouBike2.0_臺大第一活動中心西南側,YouBike2.0_臺大樂學館東側,0.502,1.4,500119075.0,500119055.0
YouBike2.0_臺大第一活動中心西南側,YouBike2.0_臺大農化新館西側,0.657,1.9,500119075.0,500119056.0
YouBike2.0_臺大第一活動中心西南側,YouBike2.0_臺大五號館西側,0.378,1.1,500119075.0,500119057.0
YouBike2.0_臺大第一活動中心西南側,YouBike2.0_臺大舊體育館西側,0.674,2.0,500119075.0,500119058.0
YouBike2.0_臺大第一活動中心西南側,YouBike2.0_臺大共同教室東南側,0.408,1.2,500119075.0,500119060.0
YouBike2.0_臺大第一活動中心西南側,YouBike2.0_臺大鹿鳴堂東側,0.506,1.5,500119075.0,500119061.0
YouBike2.0_臺大第一活動中心西南側,YouBike2.0_臺大公館停車場西北側,0.86,3.0,500119075.0,500119062.0
YouBike2.0_臺大第一活動中心西南側,YouBike2.0_臺大第二行政大樓南側,0.53,1.5,500119075.0,500119063.0
YouBike2.0_臺大第一活動中心西南側,YouBike2.0_臺大明達館機車停車場,0.544,1.6,500119075.0,500119064.0
YouBike2.0_臺大第一活動中心西南側,YouBike2.0_臺大二號館,0.485,1.4,500119075.0,500119065.0
YouBike2.0_臺大第一活動中心西南側,YouBike2.0_臺大凝態館南側,0.788,2.3,500119075.0,500119066.0
YouBike2.0_臺大第一活動中心西南側,YouBike2.0_臺大社科院西側,0.656,1.8,500119075.0,500119067.0
YouBike2.0_臺大第一活動中心西南側,YouBike2.0_臺大社會系館南側,0.577,2.0,500119075.0,500119068.0
YouBike2.0_臺大第一活動中心西南側,YouBike2.0_臺大思亮館東南側,0.459,1.4,500119075.0,500119069.0
YouBike2.0_臺大第一活動中心西南側,YouBike2.0_臺大椰林小舖,0.628,1.8,500119075.0,500119070.0
YouBike2.0_臺大第一活動中心西南側,YouBike2.0_臺大計資中心南側,0.474,1.4,500119075.0,500119071.0
YouBike2.0_臺大第一活動中心西南側,YouBike2.0_臺大原分所北側,0.279,0.8,500119075.0,500119072.0
YouBike2.0_臺大第一活動中心西南側,YouBike2.0_臺大生命科學館西北側,0.427,1.3,500119075.0,500119074.0
YouBike2.0_臺大第一活動中心西南側,YouBike2.0_臺大博理館西側,0.502,1.4,500119075.0,500119076.0
YouBike2.0_臺大第一活動中心西南側,YouBike2.0_臺大博雅館西側,0.592,1.7,500119075.0,500119077.0
YouBike2.0_臺大第一活動中心西南側,YouBike2.0_臺大森林館北側,0.241,0.7,500119075.0,500119078.0
YouBike2.0_臺大第一活動中心西南側,YouBike2.0_臺大一號館,0.604,1.7,500119075.0,500119079.0
YouBike2.0_臺大第一活動中心西南側,YouBike2.0_臺大小小福西南側,0.529,1.6,500119075.0,500119080.0
YouBike2.0_臺大第一活動中心西南側,YouBike2.0_臺大教研館北側,0.716,2.1,500119075.0,500119081.0
YouBike2.0_臺大第一活動中心西南側,YouBike2.0_臺大四號館東北側,0.274,0.8,500119075.0,500119082.0
YouBike2.0_臺大第一活動中心西南側,YouBike2.0_臺大新生教室南側,0.512,1.5,500119075.0,500119083.0
YouBike2.0_臺大第一活動中心西南側,YouBike2.0_臺大鄭江樓北側,0.498,1.4,500119075.0,500119084.0
YouBike2.0_臺大第一活動中心西南側,YouBike2.0_臺大電機二館東南側,0.368,1.0,500119075.0,500119085.0
YouBike2.0_臺大第一活動中心西南側,YouBike2.0_臺大圖資系館北側,0.138,0.4,500119075.0,500119086.0
YouBike2.0_臺大第一活動中心西南側,YouBike2.0_臺大總圖書館西南側,0.155,0.5,500119075.0,500119087.0
YouBike2.0_臺大第一活動中心西南側,YouBike2.0_臺大黑森林西側,0.68,3.1,500119075.0,500119088.0
YouBike2.0_臺大第一活動中心西南側,YouBike2.0_臺大獸醫館南側,0.354,1.0,500119075.0,500119089.0
YouBike2.0_臺大第一活動中心西南側,YouBike2.0_臺大新體育館東南側,0.775,2.2,500119075.0,500119090.0
YouBike2.0_臺大第一活動中心西南側,YouBike2.0_臺大明達館北側(員工宿舍),0.616,1.8,500119075.0,500119091.0
YouBike2.0_臺大博理館西側,YouBike2.0_辛亥復興路口西北側,0.861,3.4,500119076.0,500101005.0
YouBike2.0_臺大博理館西側,YouBike2.0_新生南路三段52號前,1.239,4.9,500119076.0,500101008.0
YouBike2.0_臺大博理館西側,YouBike2.0_新生南路三段66號前,1.536,5.5,500119076.0,500101009.0
YouBike2.0_臺大博理館西側,YouBike2.0_新生南路三段82號前,1.442,5.2,500119076.0,500101010.0
YouBike2.0_臺大博理館西側,YouBike2.0_銘傳國小側門,1.258,6.3,500119076.0,500101021.0
YouBike2.0_臺大博理館西側,YouBike2.0_捷運公館站(2號出口),1.231,4.1,500119076.0,500101022.0
YouBike2.0_臺大博理館西側,YouBike2.0_第二學生活動中心,1.416,5.5,500119076.0,500101023.0
YouBike2.0_臺大博理館西側,YouBike2.0_臺灣科技大學正門,0.799,3.4,500119076.0,500101024.0
YouBike2.0_臺大博理館西側,YouBike2.0_臺灣科技大學側門,1.06,4.1,500119076.0,500101025.0
YouBike2.0_臺大博理館西側,YouBike2.0_臺大男七舍前,0.729,3.1,500119076.0,500101031.0
YouBike2.0_臺大博理館西側,YouBike2.0_臺大男一舍前,0.531,2.5,500119076.0,500101032.0
YouBike2.0_臺大博理館西側,YouBike2.0_臺大男六舍前,0.5,2.4,500119076.0,500101033.0
YouBike2.0_臺大博理館西側,YouBike2.0_臺大動物醫院前,0.62,2.3,500119076.0,500101034.0
YouBike2.0_臺大博理館西側,YouBike2.0_臺大萬才館前,0.544,2.6,500119076.0,500101036.0
YouBike2.0_臺大博理館西側,YouBike2.0_臺大國青大樓宿舍前,0.452,2.3,500119076.0,500101037.0
YouBike2.0_臺大博理館西側,YouBike2.0_臺大社科院圖書館前,0.297,1.2,500119076.0,500101038.0
YouBike2.0_臺大博理館西側,YouBike2.0_臺大法人語言訓練中心前,0.324,0.9,500119076.0,500101039.0
YouBike2.0_臺大博理館西側,YouBike2.0_臺大綜合體育館停車場前,0.998,3.4,500119076.0,500101040.0
YouBike2.0_臺大博理館西側,YouBike2.0_辛亥新生路口東南側,1.064,3.1,500119076.0,500101041.0
YouBike2.0_臺大博理館西側,YouBike2.0_基隆長興路口東側,0.437,2.5,500119076.0,500101042.0
YouBike2.0_臺大博理館西側,YouBike2.0_捷運公館站(3號出口),1.322,4.3,500119076.0,500101181.0
YouBike2.0_臺大博理館西側,YouBike2.0_新生南路三段94巷口,1.874,5.9,500119076.0,500101184.0
YouBike2.0_臺大博理館西側,YouBike2.0_基隆長興路口,0.416,1.6,500119076.0,500101193.0
YouBike2.0_臺大博理館西側,YouBike2.0_臺大資訊大樓,0.311,1.3,500119076.0,500101209.0
YouBike2.0_臺大博理館西側,YouBike2.0_捷運公館站(1號出口),1.244,5.3,500119076.0,500106003.0
YouBike2.0_臺大博理館西側,YouBike2.0_捷運公館站(4號出口),1.326,5.6,500119076.0,500106004.0
YouBike2.0_臺大博理館西側,YouBike2.0_臺大男八舍東側,0.527,2.5,500119076.0,500119043.0
YouBike2.0_臺大博理館西側,YouBike2.0_臺大禮賢樓東南側,1.381,4.0,500119076.0,500119044.0
YouBike2.0_臺大博理館西側,YouBike2.0_臺大農業陳列館北側,1.334,4.0,500119076.0,500119045.0
YouBike2.0_臺大博理館西側,YouBike2.0_臺大管理學院二館北側,1.507,5.9,500119076.0,500119046.0
YouBike2.0_臺大博理館西側,YouBike2.0_臺大土木系館,0.846,2.8,500119076.0,500119047.0
YouBike2.0_臺大博理館西側,YouBike2.0_臺大大一女舍北側,1.48,4.2,500119076.0,500119048.0
YouBike2.0_臺大博理館西側,YouBike2.0_臺大女九舍西南側,0.527,1.5,500119076.0,500119049.0
YouBike2.0_臺大博理館西側,YouBike2.0_臺大小福樓東側,0.96,2.9,500119076.0,500119050.0
YouBike2.0_臺大博理館西側,YouBike2.0_臺大立體機車停車場,0.561,1.6,500119076.0,500119051.0
YouBike2.0_臺大博理館西側,YouBike2.0_臺大工綜館南側,0.335,1.0,500119076.0,500119052.0
YouBike2.0_臺大博理館西側,YouBike2.0_臺大天文數學館南側,0.631,1.9,500119076.0,500119053.0
YouBike2.0_臺大博理館西側,YouBike2.0_臺大心理系館南側,0.447,1.3,500119076.0,500119054.0
YouBike2.0_臺大博理館西側,YouBike2.0_臺大樂學館東側,1.181,3.5,500119076.0,500119055.0
YouBike2.0_臺大博理館西側,YouBike2.0_臺大農化新館西側,1.351,3.9,500119076.0,500119056.0
YouBike2.0_臺大博理館西側,YouBike2.0_臺大五號館西側,1.071,3.1,500119076.0,500119057.0
YouBike2.0_臺大博理館西側,YouBike2.0_臺大舊體育館西側,0.941,2.8,500119076.0,500119058.0
YouBike2.0_臺大博理館西側,YouBike2.0_臺大共同教室東南側,1.102,3.2,500119076.0,500119060.0
YouBike2.0_臺大博理館西側,YouBike2.0_臺大鹿鳴堂東側,1.2,3.5,500119076.0,500119061.0
YouBike2.0_臺大博理館西側,YouBike2.0_臺大公館停車場西北側,1.553,5.0,500119076.0,500119062.0
YouBike2.0_臺大博理館西側,YouBike2.0_臺大第二行政大樓南側,1.224,3.5,500119076.0,500119063.0
YouBike2.0_臺大博理館西側,YouBike2.0_臺大明達館機車停車場,0.341,1.0,500119076.0,500119064.0
YouBike2.0_臺大博理館西側,YouBike2.0_臺大二號館,1.178,3.4,500119076.0,500119065.0
YouBike2.0_臺大博理館西側,YouBike2.0_臺大凝態館南側,0.81,2.4,500119076.0,500119066.0
YouBike2.0_臺大博理館西側,YouBike2.0_臺大社科院西側,0.206,0.6,500119076.0,500119067.0
YouBike2.0_臺大博理館西側,YouBike2.0_臺大社會系館南側,0.075,0.6,500119076.0,500119068.0
YouBike2.0_臺大博理館西側,YouBike2.0_臺大思亮館東南側,0.534,1.6,500119076.0,500119069.0
YouBike2.0_臺大博理館西側,YouBike2.0_臺大椰林小舖,1.321,3.8,500119076.0,500119070.0
YouBike2.0_臺大博理館西側,YouBike2.0_臺大計資中心南側,0.493,1.4,500119076.0,500119071.0
YouBike2.0_臺大博理館西側,YouBike2.0_臺大原分所北側,0.767,2.3,500119076.0,500119072.0
YouBike2.0_臺大博理館西側,YouBike2.0_臺大生命科學館西北側,1.12,3.2,500119076.0,500119074.0
YouBike2.0_臺大博理館西側,YouBike2.0_臺大第一活動中心西南側,0.502,1.5,500119076.0,500119075.0
YouBike2.0_臺大博理館西側,YouBike2.0_臺大博雅館西側,1.066,3.1,500119076.0,500119077.0
YouBike2.0_臺大博理館西側,YouBike2.0_臺大森林館北側,0.934,2.7,500119076.0,500119078.0
YouBike2.0_臺大博理館西側,YouBike2.0_臺大一號館,1.298,3.7,500119076.0,500119079.0
YouBike2.0_臺大博理館西側,YouBike2.0_臺大小小福西南側,1.222,3.6,500119076.0,500119080.0
YouBike2.0_臺大博理館西側,YouBike2.0_臺大教研館北側,1.41,4.1,500119076.0,500119081.0
YouBike2.0_臺大博理館西側,YouBike2.0_臺大四號館東北側,0.967,2.8,500119076.0,500119082.0
YouBike2.0_臺大博理館西側,YouBike2.0_臺大新生教室南側,0.852,2.5,500119076.0,500119083.0
YouBike2.0_臺大博理館西側,YouBike2.0_臺大鄭江樓北側,0.197,0.6,500119076.0,500119084.0
YouBike2.0_臺大博理館西側,YouBike2.0_臺大電機二館東南側,0.129,0.4,500119076.0,500119085.0
YouBike2.0_臺大博理館西側,YouBike2.0_臺大圖資系館北側,0.724,2.1,500119076.0,500119086.0
YouBike2.0_臺大博理館西側,YouBike2.0_臺大總圖書館西南側,0.615,1.9,500119076.0,500119087.0
YouBike2.0_臺大博理館西側,YouBike2.0_臺大黑森林西側,0.344,2.0,500119076.0,500119088.0
YouBike2.0_臺大博理館西側,YouBike2.0_臺大獸醫館南側,0.228,0.7,500119076.0,500119089.0
YouBike2.0_臺大博理館西側,YouBike2.0_臺大新體育館東南側,0.825,2.5,500119076.0,500119090.0
YouBike2.0_臺大博理館西側,YouBike2.0_臺大明達館北側(員工宿舍),0.413,1.2,500119076.0,500119091.0
YouBike2.0_臺大博雅館西側,YouBike2.0_辛亥復興路口西北側,1.156,3.9,500119077.0,500101005.0
YouBike2.0_臺大博雅館西側,YouBike2.0_新生南路三段52號前,0.6,2.6,500119077.0,500101008.0
YouBike2.0_臺大博雅館西側,YouBike2.0_新生南路三段66號前,0.447,2.2,500119077.0,500101009.0
YouBike2.0_臺大博雅館西側,YouBike2.0_新生南路三段82號前,0.353,1.9,500119077.0,500101010.0
YouBike2.0_臺大博雅館西側,YouBike2.0_銘傳國小側門,0.826,4.9,500119077.0,500101021.0
YouBike2.0_臺大博雅館西側,YouBike2.0_捷運公館站(2號出口),0.799,2.7,500119077.0,500101022.0
YouBike2.0_臺大博雅館西側,YouBike2.0_第二學生活動中心,0.983,4.1,500119077.0,500101023.0
YouBike2.0_臺大博雅館西側,YouBike2.0_臺灣科技大學正門,1.229,4.6,500119077.0,500101024.0
YouBike2.0_臺大博雅館西側,YouBike2.0_臺灣科技大學側門,1.045,4.9,500119077.0,500101025.0
YouBike2.0_臺大博雅館西側,YouBike2.0_臺大男七舍前,1.509,5.4,500119077.0,500101031.0
YouBike2.0_臺大博雅館西側,YouBike2.0_臺大男一舍前,1.311,4.8,500119077.0,500101032.0
YouBike2.0_臺大博雅館西側,YouBike2.0_臺大男六舍前,1.281,4.7,500119077.0,500101033.0
YouBike2.0_臺大博雅館西側,YouBike2.0_臺大動物醫院前,1.401,4.5,500119077.0,500101034.0
YouBike2.0_臺大博雅館西側,YouBike2.0_臺大萬才館前,1.224,4.7,500119077.0,500101036.0
YouBike2.0_臺大博雅館西側,YouBike2.0_臺大國青大樓宿舍前,1.132,4.4,500119077.0,500101037.0
YouBike2.0_臺大博雅館西側,YouBike2.0_臺大社科院圖書館前,0.977,3.4,500119077.0,500101038.0
YouBike2.0_臺大博雅館西側,YouBike2.0_臺大法人語言訓練中心前,0.761,2.3,500119077.0,500101039.0
YouBike2.0_臺大博雅館西側,YouBike2.0_臺大綜合體育館停車場前,0.419,1.6,500119077.0,500101040.0
YouBike2.0_臺大博雅館西側,YouBike2.0_辛亥新生路口東南側,0.477,1.4,500119077.0,500101041.0
YouBike2.0_臺大博雅館西側,YouBike2.0_基隆長興路口東側,1.218,4.8,500119077.0,500101042.0
YouBike2.0_臺大博雅館西側,YouBike2.0_捷運公館站(3號出口),0.933,3.9,500119077.0,500101181.0
YouBike2.0_臺大博雅館西側,YouBike2.0_新生南路三段94巷口,1.048,3.5,500119077.0,500101184.0
YouBike2.0_臺大博雅館西側,YouBike2.0_基隆長興路口,1.197,3.9,500119077.0,500101193.0
YouBike2.0_臺大博雅館西側,YouBike2.0_臺大資訊大樓,0.845,3.0,500119077.0,500101209.0
YouBike2.0_臺大博雅館西側,YouBike2.0_捷運公館站(1號出口),0.812,4.0,500119077.0,500106003.0
YouBike2.0_臺大博雅館西側,YouBike2.0_捷運公館站(4號出口),0.894,4.2,500119077.0,500106004.0
YouBike2.0_臺大博雅館西側,YouBike2.0_臺大男八舍東側,1.307,4.8,500119077.0,500119043.0
YouBike2.0_臺大博雅館西側,YouBike2.0_臺大禮賢樓東南側,0.809,2.4,500119077.0,500119044.0
YouBike2.0_臺大博雅館西側,YouBike2.0_臺大農業陳列館北側,0.245,0.7,500119077.0,500119045.0
YouBike2.0_臺大博雅館西側,YouBike2.0_臺大管理學院二館北側,0.935,4.2,500119077.0,500119046.0
YouBike2.0_臺大博雅館西側,YouBike2.0_臺大土木系館,0.532,1.9,500119077.0,500119047.0
YouBike2.0_臺大博雅館西側,YouBike2.0_臺大大一女舍北側,0.656,1.9,500119077.0,500119048.0
YouBike2.0_臺大博雅館西側,YouBike2.0_臺大女九舍西南側,0.431,1.3,500119077.0,500119049.0
YouBike2.0_臺大博雅館西側,YouBike2.0_臺大小福樓東側,0.228,0.7,500119077.0,500119050.0
YouBike2.0_臺大博雅館西側,YouBike2.0_臺大立體機車停車場,0.991,2.9,500119077.0,500119051.0
YouBike2.0_臺大博雅館西側,YouBike2.0_臺大工綜館南側,0.743,2.2,500119077.0,500119052.0
YouBike2.0_臺大博雅館西側,YouBike2.0_臺大天文數學館南側,0.434,1.3,500119077.0,500119053.0
YouBike2.0_臺大博雅館西側,YouBike2.0_臺大心理系館南側,0.631,1.9,500119077.0,500119054.0
YouBike2.0_臺大博雅館西側,YouBike2.0_臺大樂學館東側,0.108,0.3,500119077.0,500119055.0
YouBike2.0_臺大博雅館西側,YouBike2.0_臺大農化新館西側,0.526,1.5,500119077.0,500119056.0
YouBike2.0_臺大博雅館西側,YouBike2.0_臺大五號館西側,0.378,1.1,500119077.0,500119057.0
YouBike2.0_臺大博雅館西側,YouBike2.0_臺大舊體育館西側,0.1,0.3,500119077.0,500119058.0
YouBike2.0_臺大博雅館西側,YouBike2.0_臺大共同教室東南側,0.6,1.8,500119077.0,500119060.0
YouBike2.0_臺大博雅館西側,YouBike2.0_臺大鹿鳴堂東側,0.628,1.8,500119077.0,500119061.0
YouBike2.0_臺大博雅館西側,YouBike2.0_臺大公館停車場西北側,1.001,3.3,500119077.0,500119062.0
YouBike2.0_臺大博雅館西側,YouBike2.0_臺大第二行政大樓南側,0.398,1.1,500119077.0,500119063.0
YouBike2.0_臺大博雅館西側,YouBike2.0_臺大明達館機車停車場,1.122,3.3,500119077.0,500119064.0
YouBike2.0_臺大博雅館西側,YouBike2.0_臺大二號館,0.353,1.0,500119077.0,500119065.0
YouBike2.0_臺大博雅館西側,YouBike2.0_臺大凝態館南側,0.345,1.0,500119077.0,500119066.0
YouBike2.0_臺大博雅館西側,YouBike2.0_臺大社科院西側,0.873,2.6,500119077.0,500119067.0
YouBike2.0_臺大博雅館西側,YouBike2.0_臺大社會系館南側,1.02,3.4,500119077.0,500119068.0
YouBike2.0_臺大博雅館西側,YouBike2.0_臺大思亮館東南側,0.539,1.6,500119077.0,500119069.0
YouBike2.0_臺大博雅館西側,YouBike2.0_臺大椰林小舖,0.5,1.4,500119077.0,500119070.0
YouBike2.0_臺大博雅館西側,YouBike2.0_臺大計資中心南側,0.571,1.7,500119077.0,500119071.0
YouBike2.0_臺大博雅館西側,YouBike2.0_臺大原分所北側,0.33,1.0,500119077.0,500119072.0
YouBike2.0_臺大博雅館西側,YouBike2.0_臺大生命科學館西北側,0.618,1.8,500119077.0,500119074.0
YouBike2.0_臺大博雅館西側,YouBike2.0_臺大第一活動中心西南側,0.592,1.7,500119077.0,500119075.0
YouBike2.0_臺大博雅館西側,YouBike2.0_臺大博理館西側,1.075,3.2,500119077.0,500119076.0
YouBike2.0_臺大博雅館西側,YouBike2.0_臺大森林館北側,0.513,1.5,500119077.0,500119078.0
YouBike2.0_臺大博雅館西側,YouBike2.0_臺大一號館,0.341,1.0,500119077.0,500119079.0
YouBike2.0_臺大博雅館西側,YouBike2.0_臺大小小福西南側,0.511,1.5,500119077.0,500119080.0
YouBike2.0_臺大博雅館西側,YouBike2.0_臺大教研館北側,0.857,2.5,500119077.0,500119081.0
YouBike2.0_臺大博雅館西側,YouBike2.0_臺大四號館東北側,0.406,1.2,500119077.0,500119082.0
YouBike2.0_臺大博雅館西側,YouBike2.0_臺大新生教室南側,0.339,1.0,500119077.0,500119083.0
YouBike2.0_臺大博雅館西側,YouBike2.0_臺大鄭江樓北側,1.09,3.1,500119077.0,500119084.0
YouBike2.0_臺大博雅館西側,YouBike2.0_臺大電機二館東南側,0.774,2.2,500119077.0,500119085.0
YouBike2.0_臺大博雅館西側,YouBike2.0_臺大圖資系館北側,0.561,1.6,500119077.0,500119086.0
YouBike2.0_臺大博雅館西側,YouBike2.0_臺大總圖書館西南側,0.682,2.0,500119077.0,500119087.0
YouBike2.0_臺大博雅館西側,YouBike2.0_臺大黑森林西側,1.217,4.7,500119077.0,500119088.0
YouBike2.0_臺大博雅館西側,YouBike2.0_臺大獸醫館南側,0.946,2.7,500119077.0,500119089.0
YouBike2.0_臺大博雅館西側,YouBike2.0_臺大新體育館東南側,0.252,0.7,500119077.0,500119090.0
YouBike2.0_臺大博雅館西側,YouBike2.0_臺大明達館北側(員工宿舍),1.194,3.5,500119077.0,500119091.0
YouBike2.0_臺大森林館北側,YouBike2.0_辛亥復興路口西北側,0.945,3.6,500119078.0,500101005.0
YouBike2.0_臺大森林館北側,YouBike2.0_新生南路三段52號前,0.993,3.8,500119078.0,500101008.0
YouBike2.0_臺大森林館北側,YouBike2.0_新生南路三段66號前,0.84,3.3,500119078.0,500101009.0
YouBike2.0_臺大森林館北側,YouBike2.0_新生南路三段82號前,0.746,3.0,500119078.0,500101010.0
YouBike2.0_臺大森林館北側,YouBike2.0_銘傳國小側門,0.701,4.6,500119078.0,500101021.0
YouBike2.0_臺大森林館北側,YouBike2.0_捷運公館站(2號出口),0.674,2.4,500119078.0,500101022.0
YouBike2.0_臺大森林館北側,YouBike2.0_第二學生活動中心,0.859,3.8,500119078.0,500101023.0
YouBike2.0_臺大森林館北側,YouBike2.0_臺灣科技大學正門,0.703,3.0,500119078.0,500101024.0
YouBike2.0_臺大森林館北側,YouBike2.0_臺灣科技大學側門,0.735,4.0,500119078.0,500101025.0
YouBike2.0_臺大森林館北側,YouBike2.0_臺大男七舍前,0.983,3.8,500119078.0,500101031.0
YouBike2.0_臺大森林館北側,YouBike2.0_臺大男一舍前,0.785,3.2,500119078.0,500101032.0
YouBike2.0_臺大森林館北側,YouBike2.0_臺大男六舍前,0.755,3.1,500119078.0,500101033.0
YouBike2.0_臺大森林館北側,YouBike2.0_臺大動物醫院前,0.875,3.0,500119078.0,500101034.0
YouBike2.0_臺大森林館北側,YouBike2.0_臺大萬才館前,1.102,4.2,500119078.0,500101036.0
YouBike2.0_臺大森林館北側,YouBike2.0_臺大國青大樓宿舍前,1.01,3.9,500119078.0,500101037.0
YouBike2.0_臺大森林館北側,YouBike2.0_臺大社科院圖書館前,0.855,2.8,500119078.0,500101038.0
YouBike2.0_臺大森林館北側,YouBike2.0_臺大法人語言訓練中心前,0.679,2.0,500119078.0,500101039.0
YouBike2.0_臺大森林館北側,YouBike2.0_臺大綜合體育館停車場前,0.974,3.2,500119078.0,500101040.0
YouBike2.0_臺大森林館北側,YouBike2.0_辛亥新生路口東南側,1.04,3.0,500119078.0,500101041.0
YouBike2.0_臺大森林館北側,YouBike2.0_基隆長興路口東側,0.692,3.2,500119078.0,500101042.0
YouBike2.0_臺大森林館北側,YouBike2.0_捷運公館站(3號出口),0.766,2.6,500119078.0,500101181.0
YouBike2.0_臺大森林館北側,YouBike2.0_新生南路三段94巷口,1.013,3.4,500119078.0,500101184.0
YouBike2.0_臺大森林館北側,YouBike2.0_基隆長興路口,0.671,2.4,500119078.0,500101193.0
YouBike2.0_臺大森林館北側,YouBike2.0_臺大資訊大樓,0.723,2.4,500119078.0,500101209.0
YouBike2.0_臺大森林館北側,YouBike2.0_捷運公館站(1號出口),0.688,3.6,500119078.0,500106003.0
YouBike2.0_臺大森林館北側,YouBike2.0_捷運公館站(4號出口),0.769,3.9,500119078.0,500106004.0
YouBike2.0_臺大森林館北側,YouBike2.0_臺大男八舍東側,0.781,3.2,500119078.0,500119043.0
YouBike2.0_臺大森林館北側,YouBike2.0_臺大禮賢樓東南側,0.519,1.5,500119078.0,500119044.0
YouBike2.0_臺大森林館北側,YouBike2.0_臺大農業陳列館北側,0.638,1.8,500119078.0,500119045.0
YouBike2.0_臺大森林館北側,YouBike2.0_臺大管理學院二館北側,0.645,3.4,500119078.0,500119046.0
YouBike2.0_臺大森林館北側,YouBike2.0_臺大土木系館,0.15,0.8,500119078.0,500119047.0
YouBike2.0_臺大森林館北側,YouBike2.0_臺大大一女舍北側,0.618,1.8,500119078.0,500119048.0
YouBike2.0_臺大森林館北側,YouBike2.0_臺大女九舍西南側,0.333,1.0,500119078.0,500119049.0
YouBike2.0_臺大森林館北側,YouBike2.0_臺大小福樓東側,0.286,0.8,500119078.0,500119050.0
YouBike2.0_臺大森林館北側,YouBike2.0_臺大立體機車停車場,0.465,1.3,500119078.0,500119051.0
YouBike2.0_臺大森林館北側,YouBike2.0_臺大工綜館南側,0.329,0.9,500119078.0,500119052.0
YouBike2.0_臺大森林館北側,YouBike2.0_臺大天文數學館南側,0.587,1.7,500119078.0,500119053.0
YouBike2.0_臺大森林館北側,YouBike2.0_臺大心理系館南側,0.411,1.2,500119078.0,500119054.0
YouBike2.0_臺大森林館北側,YouBike2.0_臺大樂學館東側,0.411,1.1,500119078.0,500119055.0
YouBike2.0_臺大森林館北側,YouBike2.0_臺大農化新館西側,0.49,1.4,500119078.0,500119056.0
YouBike2.0_臺大森林館北側,YouBike2.0_臺大五號館西側,0.28,0.8,500119078.0,500119057.0
YouBike2.0_臺大森林館北側,YouBike2.0_臺大舊體育館西側,0.596,1.7,500119078.0,500119058.0
YouBike2.0_臺大森林館北側,YouBike2.0_臺大共同教室東南側,0.24,0.7,500119078.0,500119060.0
YouBike2.0_臺大森林館北側,YouBike2.0_臺大鹿鳴堂東側,0.338,1.0,500119078.0,500119061.0
YouBike2.0_臺大森林館北側,YouBike2.0_臺大公館停車場西北側,0.691,2.5,500119078.0,500119062.0
YouBike2.0_臺大森林館北側,YouBike2.0_臺大第二行政大樓南側,0.363,1.1,500119078.0,500119063.0
YouBike2.0_臺大森林館北側,YouBike2.0_臺大明達館機車停車場,0.596,1.7,500119078.0,500119064.0
YouBike2.0_臺大森林館北側,YouBike2.0_臺大二號館,0.317,0.9,500119078.0,500119065.0
YouBike2.0_臺大森林館北側,YouBike2.0_臺大凝態館南側,0.786,2.3,500119078.0,500119066.0
YouBike2.0_臺大森林館北側,YouBike2.0_臺大社科院西側,0.654,1.8,500119078.0,500119067.0
YouBike2.0_臺大森林館北側,YouBike2.0_臺大社會系館南側,0.807,2.6,500119078.0,500119068.0
YouBike2.0_臺大森林館北側,YouBike2.0_臺大思亮館東南側,0.457,1.3,500119078.0,500119069.0
YouBike2.0_臺大森林館北側,YouBike2.0_臺大椰林小舖,0.459,1.3,500119078.0,500119070.0
YouBike2.0_臺大森林館北側,YouBike2.0_臺大計資中心南側,0.472,1.4,500119078.0,500119071.0
YouBike2.0_臺大森林館北側,YouBike2.0_臺大原分所北側,0.277,0.8,500119078.0,500119072.0
YouBike2.0_臺大森林館北側,YouBike2.0_臺大生命科學館西北側,0.258,0.8,500119078.0,500119074.0
YouBike2.0_臺大森林館北側,YouBike2.0_臺大第一活動中心西南側,0.162,0.5,500119078.0,500119075.0
YouBike2.0_臺大森林館北側,YouBike2.0_臺大博理館西側,0.664,1.9,500119078.0,500119076.0
YouBike2.0_臺大森林館北側,YouBike2.0_臺大博雅館西側,0.514,1.5,500119078.0,500119077.0
YouBike2.0_臺大森林館北側,YouBike2.0_臺大一號館,0.437,1.2,500119078.0,500119079.0
YouBike2.0_臺大森林館北側,YouBike2.0_臺大小小福西南側,0.36,1.1,500119078.0,500119080.0
YouBike2.0_臺大森林館北側,YouBike2.0_臺大教研館北側,0.547,1.6,500119078.0,500119081.0
YouBike2.0_臺大森林館北側,YouBike2.0_臺大四號館東北側,0.105,0.3,500119078.0,500119082.0
YouBike2.0_臺大森林館北側,YouBike2.0_臺大新生教室南側,0.51,1.5,500119078.0,500119083.0
YouBike2.0_臺大森林館北側,YouBike2.0_臺大鄭江樓北側,0.661,1.9,500119078.0,500119084.0
YouBike2.0_臺大森林館北側,YouBike2.0_臺大電機二館東南側,0.53,1.5,500119078.0,500119085.0
YouBike2.0_臺大森林館北側,YouBike2.0_臺大圖資系館北側,0.136,0.4,500119078.0,500119086.0
YouBike2.0_臺大森林館北側,YouBike2.0_臺大總圖書館西南側,0.155,0.5,500119078.0,500119087.0
YouBike2.0_臺大森林館北側,YouBike2.0_臺大黑森林西側,0.842,3.6,500119078.0,500119088.0
YouBike2.0_臺大森林館北側,YouBike2.0_臺大獸醫館南側,0.516,1.4,500119078.0,500119089.0
YouBike2.0_臺大森林館北側,YouBike2.0_臺大新體育館東南側,0.773,2.2,500119078.0,500119090.0
YouBike2.0_臺大森林館北側,YouBike2.0_臺大明達館北側(員工宿舍),0.668,1.9,500119078.0,500119091.0
YouBike2.0_臺大一號館,YouBike2.0_辛亥復興路口西北側,1.497,5.0,500119079.0,500101005.0
YouBike2.0_臺大一號館,YouBike2.0_新生南路三段52號前,0.589,2.6,500119079.0,500101008.0
YouBike2.0_臺大一號館,YouBike2.0_新生南路三段66號前,0.436,2.2,500119079.0,500101009.0
YouBike2.0_臺大一號館,YouBike2.0_新生南路三段82號前,0.342,1.9,500119079.0,500101010.0
YouBike2.0_臺大一號館,YouBike2.0_銘傳國小側門,0.727,4.7,500119079.0,500101021.0
YouBike2.0_臺大一號館,YouBike2.0_捷運公館站(2號出口),0.699,2.5,500119079.0,500101022.0
YouBike2.0_臺大一號館,YouBike2.0_第二學生活動中心,0.884,3.9,500119079.0,500101023.0
YouBike2.0_臺大一號館,YouBike2.0_臺灣科技大學正門,1.14,4.3,500119079.0,500101024.0
YouBike2.0_臺大一號館,YouBike2.0_臺灣科技大學側門,0.946,4.6,500119079.0,500101025.0
YouBike2.0_臺大一號館,YouBike2.0_臺大男七舍前,1.42,5.1,500119079.0,500101031.0
YouBike2.0_臺大一號館,YouBike2.0_臺大男一舍前,1.222,4.5,500119079.0,500101032.0
YouBike2.0_臺大一號館,YouBike2.0_臺大男六舍前,1.192,4.4,500119079.0,500101033.0
YouBike2.0_臺大一號館,YouBike2.0_臺大動物醫院前,1.311,4.3,500119079.0,500101034.0
YouBike2.0_臺大一號館,YouBike2.0_臺大萬才館前,1.571,5.7,500119079.0,500101036.0
YouBike2.0_臺大一號館,YouBike2.0_臺大國青大樓宿舍前,1.48,5.4,500119079.0,500101037.0
YouBike2.0_臺大一號館,YouBike2.0_臺大社科院圖書館前,1.325,4.4,500119079.0,500101038.0
YouBike2.0_臺大一號館,YouBike2.0_臺大法人語言訓練中心前,1.109,3.3,500119079.0,500101039.0
YouBike2.0_臺大一號館,YouBike2.0_臺大綜合體育館停車場前,0.759,2.7,500119079.0,500101040.0
YouBike2.0_臺大一號館,YouBike2.0_辛亥新生路口東南側,0.818,2.4,500119079.0,500101041.0
YouBike2.0_臺大一號館,YouBike2.0_基隆長興路口東側,1.129,4.5,500119079.0,500101042.0
YouBike2.0_臺大一號館,YouBike2.0_捷運公館站(3號出口),0.61,3.0,500119079.0,500101181.0
YouBike2.0_臺大一號館,YouBike2.0_新生南路三段94巷口,0.725,2.6,500119079.0,500101184.0
YouBike2.0_臺大一號館,YouBike2.0_基隆長興路口,1.107,3.6,500119079.0,500101193.0
YouBike2.0_臺大一號館,YouBike2.0_臺大資訊大樓,1.193,4.0,500119079.0,500101209.0
YouBike2.0_臺大一號館,YouBike2.0_捷運公館站(1號出口),0.713,3.7,500119079.0,500106003.0
YouBike2.0_臺大一號館,YouBike2.0_捷運公館站(4號出口),0.794,4.0,500119079.0,500106004.0
YouBike2.0_臺大一號館,YouBike2.0_臺大男八舍東側,1.218,4.5,500119079.0,500119043.0
YouBike2.0_臺大一號館,YouBike2.0_臺大禮賢樓東南側,0.709,2.1,500119079.0,500119044.0
YouBike2.0_臺大一號館,YouBike2.0_臺大農業陳列館北側,0.234,0.7,500119079.0,500119045.0
YouBike2.0_臺大一號館,YouBike2.0_臺大管理學院二館北側,0.836,4.0,500119079.0,500119046.0
YouBike2.0_臺大一號館,YouBike2.0_臺大土木系館,0.544,1.9,500119079.0,500119047.0
YouBike2.0_臺大一號館,YouBike2.0_臺大大一女舍北側,0.453,1.4,500119079.0,500119048.0
YouBike2.0_臺大一號館,YouBike2.0_臺大女九舍西南側,0.771,2.2,500119079.0,500119049.0
YouBike2.0_臺大一號館,YouBike2.0_臺大小福樓東側,0.473,1.4,500119079.0,500119050.0
YouBike2.0_臺大一號館,YouBike2.0_臺大立體機車停車場,0.902,2.6,500119079.0,500119051.0
YouBike2.0_臺大一號館,YouBike2.0_臺大工綜館南側,0.771,2.2,500119079.0,500119052.0
YouBike2.0_臺大一號館,YouBike2.0_臺大天文數學館南側,0.824,2.4,500119079.0,500119053.0
YouBike2.0_臺大一號館,YouBike2.0_臺大心理系館南側,0.848,2.5,500119079.0,500119054.0
YouBike2.0_臺大一號館,YouBike2.0_臺大樂學館東側,0.271,0.8,500119079.0,500119055.0
YouBike2.0_臺大一號館,YouBike2.0_臺大農化新館西側,0.153,0.5,500119079.0,500119056.0
YouBike2.0_臺大一號館,YouBike2.0_臺大五號館西側,0.303,0.9,500119079.0,500119057.0
YouBike2.0_臺大一號館,YouBike2.0_臺大舊體育館西側,0.441,1.3,500119079.0,500119058.0
YouBike2.0_臺大一號館,YouBike2.0_臺大共同教室東南側,0.501,1.5,500119079.0,500119060.0
YouBike2.0_臺大一號館,YouBike2.0_臺大鹿鳴堂東側,0.529,1.6,500119079.0,500119061.0
YouBike2.0_臺大一號館,YouBike2.0_臺大公館停車場西北側,0.901,3.1,500119079.0,500119062.0
YouBike2.0_臺大一號館,YouBike2.0_臺大第二行政大樓南側,0.299,0.9,500119079.0,500119063.0
YouBike2.0_臺大一號館,YouBike2.0_臺大明達館機車停車場,1.033,3.0,500119079.0,500119064.0
YouBike2.0_臺大一號館,YouBike2.0_臺大二號館,0.12,0.4,500119079.0,500119065.0
YouBike2.0_臺大一號館,YouBike2.0_臺大凝態館南側,0.686,2.0,500119079.0,500119066.0
YouBike2.0_臺大一號館,YouBike2.0_臺大社科院西側,1.091,3.0,500119079.0,500119067.0
YouBike2.0_臺大一號館,YouBike2.0_臺大社會系館南側,1.245,3.9,500119079.0,500119068.0
YouBike2.0_臺大一號館,YouBike2.0_臺大思亮館東南側,0.894,2.6,500119079.0,500119069.0
YouBike2.0_臺大一號館,YouBike2.0_臺大椰林小舖,0.297,0.9,500119079.0,500119070.0
YouBike2.0_臺大一號館,YouBike2.0_臺大計資中心南側,0.909,2.6,500119079.0,500119071.0
YouBike2.0_臺大一號館,YouBike2.0_臺大原分所北側,0.637,1.9,500119079.0,500119072.0
YouBike2.0_臺大一號館,YouBike2.0_臺大生命科學館西北側,0.559,1.7,500119079.0,500119074.0
YouBike2.0_臺大一號館,YouBike2.0_臺大第一活動中心西南側,0.604,1.8,500119079.0,500119075.0
YouBike2.0_臺大一號館,YouBike2.0_臺大博理館西側,1.106,3.2,500119079.0,500119076.0
YouBike2.0_臺大一號館,YouBike2.0_臺大博雅館西側,0.341,1.0,500119079.0,500119077.0
YouBike2.0_臺大一號館,YouBike2.0_臺大森林館北側,0.437,1.3,500119079.0,500119078.0
YouBike2.0_臺大一號館,YouBike2.0_臺大小小福西南側,0.412,1.2,500119079.0,500119080.0
YouBike2.0_臺大一號館,YouBike2.0_臺大教研館北側,0.758,2.2,500119079.0,500119081.0
YouBike2.0_臺大一號館,YouBike2.0_臺大四號館東北側,0.329,1.0,500119079.0,500119082.0
YouBike2.0_臺大一號館,YouBike2.0_臺大新生教室南側,0.684,2.0,500119079.0,500119083.0
YouBike2.0_臺大一號館,YouBike2.0_臺大鄭江樓北側,1.103,3.1,500119079.0,500119084.0
YouBike2.0_臺大一號館,YouBike2.0_臺大電機二館東南側,0.972,2.8,500119079.0,500119085.0
YouBike2.0_臺大一號館,YouBike2.0_臺大圖資系館北側,0.573,1.6,500119079.0,500119086.0
YouBike2.0_臺大一號館,YouBike2.0_臺大總圖書館西南側,0.592,1.8,500119079.0,500119087.0
YouBike2.0_臺大一號館,YouBike2.0_臺大黑森林西側,1.284,4.9,500119079.0,500119088.0
YouBike2.0_臺大一號館,YouBike2.0_臺大獸醫館南側,0.958,2.7,500119079.0,500119089.0
YouBike2.0_臺大一號館,YouBike2.0_臺大新體育館東南側,0.592,1.7,500119079.0,500119090.0
YouBike2.0_臺大一號館,YouBike2.0_臺大明達館北側(員工宿舍),1.105,3.2,500119079.0,500119091.0
YouBike2.0_臺大小小福西南側,YouBike2.0_辛亥復興路口西北側,1.873,6.0,500119080.0,500101005.0
YouBike2.0_臺大小小福西南側,YouBike2.0_新生南路三段52號前,1.191,3.9,500119080.0,500101008.0
YouBike2.0_臺大小小福西南側,YouBike2.0_新生南路三段66號前,1.038,3.5,500119080.0,500101009.0
YouBike2.0_臺大小小福西南側,YouBike2.0_新生南路三段82號前,0.945,3.2,500119080.0,500101010.0
YouBike2.0_臺大小小福西南側,YouBike2.0_銘傳國小側門,0.401,3.7,500119080.0,500101021.0
YouBike2.0_臺大小小福西南側,YouBike2.0_捷運公館站(2號出口),0.373,1.5,500119080.0,500101022.0
YouBike2.0_臺大小小福西南側,YouBike2.0_第二學生活動中心,0.558,2.9,500119080.0,500101023.0
YouBike2.0_臺大小小福西南側,YouBike2.0_臺灣科技大學正門,0.904,3.6,500119080.0,500101024.0
YouBike2.0_臺大小小福西南側,YouBike2.0_臺灣科技大學側門,0.565,3.5,500119080.0,500101025.0
YouBike2.0_臺大小小福西南側,YouBike2.0_臺大男七舍前,1.184,4.3,500119080.0,500101031.0
YouBike2.0_臺大小小福西南側,YouBike2.0_臺大男一舍前,0.986,3.8,500119080.0,500101032.0
YouBike2.0_臺大小小福西南側,YouBike2.0_臺大男六舍前,0.956,3.6,500119080.0,500101033.0
YouBike2.0_臺大小小福西南側,YouBike2.0_臺大動物醫院前,1.075,3.5,500119080.0,500101034.0
YouBike2.0_臺大小小福西南側,YouBike2.0_臺大萬才館前,1.59,5.7,500119080.0,500101036.0
YouBike2.0_臺大小小福西南側,YouBike2.0_臺大國青大樓宿舍前,1.498,5.5,500119080.0,500101037.0
YouBike2.0_臺大小小福西南側,YouBike2.0_臺大社科院圖書館前,1.343,4.4,500119080.0,500101038.0
YouBike2.0_臺大小小福西南側,YouBike2.0_臺大法人語言訓練中心前,1.127,3.3,500119080.0,500101039.0
YouBike2.0_臺大小小福西南側,YouBike2.0_臺大綜合體育館停車場前,1.136,3.7,500119080.0,500101040.0
YouBike2.0_臺大小小福西南側,YouBike2.0_辛亥新生路口東南側,1.202,3.5,500119080.0,500101041.0
YouBike2.0_臺大小小福西南側,YouBike2.0_基隆長興路口東側,0.893,3.8,500119080.0,500101042.0
YouBike2.0_臺大小小福西南側,YouBike2.0_捷運公館站(3號出口),0.465,1.8,500119080.0,500101181.0
YouBike2.0_臺大小小福西南側,YouBike2.0_新生南路三段94巷口,0.775,2.7,500119080.0,500101184.0
YouBike2.0_臺大小小福西南側,YouBike2.0_基隆長興路口,0.871,2.9,500119080.0,500101193.0
YouBike2.0_臺大小小福西南側,YouBike2.0_臺大資訊大樓,1.211,4.0,500119080.0,500101209.0
YouBike2.0_臺大小小福西南側,YouBike2.0_捷運公館站(1號出口),0.387,2.8,500119080.0,500106003.0
YouBike2.0_臺大小小福西南側,YouBike2.0_捷運公館站(4號出口),0.468,3.0,500119080.0,500106004.0
YouBike2.0_臺大小小福西南側,YouBike2.0_臺大男八舍東側,0.982,3.8,500119080.0,500119043.0
YouBike2.0_臺大小小福西南側,YouBike2.0_臺大禮賢樓東南側,0.329,1.0,500119080.0,500119044.0
YouBike2.0_臺大小小福西南側,YouBike2.0_臺大農業陳列館北側,0.617,1.7,500119080.0,500119045.0
YouBike2.0_臺大小小福西南側,YouBike2.0_臺大管理學院二館北側,0.455,2.9,500119080.0,500119046.0
YouBike2.0_臺大小小福西南側,YouBike2.0_臺大土木系館,0.563,1.9,500119080.0,500119047.0
YouBike2.0_臺大小小福西南側,YouBike2.0_臺大大一女舍北側,0.289,0.8,500119080.0,500119048.0
YouBike2.0_臺大小小福西南側,YouBike2.0_臺大女九舍西南側,0.694,2.0,500119080.0,500119049.0
YouBike2.0_臺大小小福西南側,YouBike2.0_臺大小福樓東側,0.491,1.4,500119080.0,500119050.0
YouBike2.0_臺大小小福西南側,YouBike2.0_臺大立體機車停車場,0.666,1.9,500119080.0,500119051.0
YouBike2.0_臺大小小福西南側,YouBike2.0_臺大工綜館南側,0.689,1.9,500119080.0,500119052.0
YouBike2.0_臺大小小福西南側,YouBike2.0_臺大天文數學館南側,0.842,2.5,500119080.0,500119053.0
YouBike2.0_臺大小小福西南側,YouBike2.0_臺大心理系館南側,0.771,2.2,500119080.0,500119054.0
YouBike2.0_臺大小小福西南側,YouBike2.0_臺大樂學館東側,0.5,1.3,500119080.0,500119055.0
YouBike2.0_臺大小小福西南側,YouBike2.0_臺大農化新館西側,0.253,0.7,500119080.0,500119056.0
YouBike2.0_臺大小小福西南側,YouBike2.0_臺大五號館西側,0.338,1.0,500119080.0,500119057.0
YouBike2.0_臺大小小福西南側,YouBike2.0_臺大舊體育館西側,0.801,2.3,500119080.0,500119058.0
YouBike2.0_臺大小小福西南側,YouBike2.0_臺大共同教室東南側,0.12,0.4,500119080.0,500119060.0
YouBike2.0_臺大小小福西南側,YouBike2.0_臺大鹿鳴堂東側,0.148,0.5,500119080.0,500119061.0
YouBike2.0_臺大小小福西南側,YouBike2.0_臺大公館停車場西北側,0.521,2.0,500119080.0,500119062.0
YouBike2.0_臺大小小福西南側,YouBike2.0_臺大第二行政大樓南側,0.125,0.3,500119080.0,500119063.0
YouBike2.0_臺大小小福西南側,YouBike2.0_臺大明達館機車停車場,0.797,2.2,500119080.0,500119064.0
YouBike2.0_臺大小小福西南側,YouBike2.0_臺大二號館,0.292,0.8,500119080.0,500119065.0
YouBike2.0_臺大小小福西南側,YouBike2.0_臺大凝態館南側,0.948,2.7,500119080.0,500119066.0
YouBike2.0_臺大小小福西南側,YouBike2.0_臺大社科院西側,1.014,2.9,500119080.0,500119067.0
YouBike2.0_臺大小小福西南側,YouBike2.0_臺大社會系館南側,1.168,3.7,500119080.0,500119068.0
YouBike2.0_臺大小小福西南側,YouBike2.0_臺大思亮館東南側,0.817,2.4,500119080.0,500119069.0
YouBike2.0_臺大小小福西南側,YouBike2.0_臺大椰林小舖,0.13,0.4,500119080.0,500119070.0
YouBike2.0_臺大小小福西南側,YouBike2.0_臺大計資中心南側,0.832,2.4,500119080.0,500119071.0
YouBike2.0_臺大小小福西南側,YouBike2.0_臺大原分所北側,0.655,1.9,500119080.0,500119072.0
YouBike2.0_臺大小小福西南側,YouBike2.0_臺大生命科學館西北側,0.179,0.6,500119080.0,500119074.0
YouBike2.0_臺大小小福西南側,YouBike2.0_臺大第一活動中心西南側,0.522,1.6,500119080.0,500119075.0
YouBike2.0_臺大小小福西南側,YouBike2.0_臺大博理館西側,1.024,2.9,500119080.0,500119076.0
YouBike2.0_臺大小小福西南側,YouBike2.0_臺大博雅館西側,0.719,2.0,500119080.0,500119077.0
YouBike2.0_臺大小小福西南側,YouBike2.0_臺大森林館北側,0.36,1.1,500119080.0,500119078.0
YouBike2.0_臺大小小福西南側,YouBike2.0_臺大一號館,0.412,1.1,500119080.0,500119079.0
YouBike2.0_臺大小小福西南側,YouBike2.0_臺大教研館北側,0.377,1.1,500119080.0,500119081.0
YouBike2.0_臺大小小福西南側,YouBike2.0_臺大四號館東北側,0.311,0.9,500119080.0,500119082.0
YouBike2.0_臺大小小福西南側,YouBike2.0_臺大新生教室南側,0.702,2.0,500119080.0,500119083.0
YouBike2.0_臺大小小福西南側,YouBike2.0_臺大鄭江樓北側,1.021,2.9,500119080.0,500119084.0
YouBike2.0_臺大小小福西南側,YouBike2.0_臺大電機二館東南側,0.89,2.5,500119080.0,500119085.0
YouBike2.0_臺大小小福西南側,YouBike2.0_臺大圖資系館北側,0.497,1.4,500119080.0,500119086.0
YouBike2.0_臺大小小福西南側,YouBike2.0_臺大總圖書館西南側,0.515,1.5,500119080.0,500119087.0
YouBike2.0_臺大小小福西南側,YouBike2.0_臺大黑森林西側,0.999,4.0,500119080.0,500119088.0
YouBike2.0_臺大小小福西南側,YouBike2.0_臺大獸醫館南側,0.876,2.5,500119080.0,500119089.0
YouBike2.0_臺大小小福西南側,YouBike2.0_臺大新體育館東南側,0.931,2.7,500119080.0,500119090.0
YouBike2.0_臺大小小福西南側,YouBike2.0_臺大明達館北側(員工宿舍),0.869,2.5,500119080.0,500119091.0
YouBike2.0_臺大教研館北側,YouBike2.0_辛亥復興路口西北側,2.061,6.5,500119081.0,500101005.0
YouBike2.0_臺大教研館北側,YouBike2.0_新生南路三段52號前,1.537,5.0,500119081.0,500101008.0
YouBike2.0_臺大教研館北側,YouBike2.0_新生南路三段66號前,1.384,4.5,500119081.0,500101009.0
YouBike2.0_臺大教研館北側,YouBike2.0_新生南路三段82號前,1.29,4.2,500119081.0,500101010.0
YouBike2.0_臺大教研館北側,YouBike2.0_銘傳國小側門,0.663,3.3,500119081.0,500101021.0
YouBike2.0_臺大教研館北側,YouBike2.0_捷運公館站(2號出口),0.657,2.4,500119081.0,500101022.0
YouBike2.0_臺大教研館北側,YouBike2.0_第二學生活動中心,0.468,2.2,500119081.0,500101023.0
YouBike2.0_臺大教研館北側,YouBike2.0_臺灣科技大學正門,0.316,3.0,500119081.0,500101024.0
YouBike2.0_臺大教研館北側,YouBike2.0_臺灣科技大學側門,0.188,2.4,500119081.0,500101025.0
YouBike2.0_臺大教研館北側,YouBike2.0_臺大男七舍前,1.322,4.8,500119081.0,500101031.0
YouBike2.0_臺大教研館北側,YouBike2.0_臺大男一舍前,1.124,4.2,500119081.0,500101032.0
YouBike2.0_臺大教研館北側,YouBike2.0_臺大男六舍前,1.093,4.0,500119081.0,500101033.0
YouBike2.0_臺大教研館北側,YouBike2.0_臺大動物醫院前,0.521,3.6,500119081.0,500101034.0
YouBike2.0_臺大教研館北側,YouBike2.0_臺大萬才館前,1.777,6.3,500119081.0,500101036.0
YouBike2.0_臺大教研館北側,YouBike2.0_臺大國青大樓宿舍前,1.281,5.8,500119081.0,500101037.0
YouBike2.0_臺大教研館北側,YouBike2.0_臺大社科院圖書館前,1.53,5.0,500119081.0,500101038.0
YouBike2.0_臺大教研館北側,YouBike2.0_臺大法人語言訓練中心前,1.314,3.9,500119081.0,500101039.0
YouBike2.0_臺大教研館北側,YouBike2.0_臺大綜合體育館停車場前,1.323,4.2,500119081.0,500101040.0
YouBike2.0_臺大教研館北側,YouBike2.0_辛亥新生路口東南側,1.389,4.0,500119081.0,500101041.0
YouBike2.0_臺大教研館北側,YouBike2.0_基隆長興路口東側,0.768,4.3,500119081.0,500101042.0
YouBike2.0_臺大教研館北側,YouBike2.0_捷運公館站(3號出口),0.749,2.6,500119081.0,500101181.0
YouBike2.0_臺大教研館北側,YouBike2.0_新生南路三段94巷口,1.121,3.7,500119081.0,500101184.0
YouBike2.0_臺大教研館北側,YouBike2.0_基隆長興路口,1.009,3.3,500119081.0,500101193.0
YouBike2.0_臺大教研館北側,YouBike2.0_臺大資訊大樓,1.399,4.5,500119081.0,500101209.0
YouBike2.0_臺大教研館北側,YouBike2.0_捷運公館站(1號出口),0.809,3.1,500119081.0,500106003.0
YouBike2.0_臺大教研館北側,YouBike2.0_捷運公館站(4號出口),0.891,3.3,500119081.0,500106004.0
YouBike2.0_臺大教研館北側,YouBike2.0_臺大男八舍東側,1.12,4.2,500119081.0,500119043.0
YouBike2.0_臺大教研館北側,YouBike2.0_臺大禮賢樓東南側,0.226,0.7,500119081.0,500119044.0
YouBike2.0_臺大教研館北側,YouBike2.0_臺大農業陳列館北側,1.03,2.9,500119081.0,500119045.0
YouBike2.0_臺大教研館北側,YouBike2.0_臺大管理學院二館北側,0.384,2.6,500119081.0,500119046.0
YouBike2.0_臺大教研館北側,YouBike2.0_臺大土木系館,0.75,2.5,500119081.0,500119047.0
YouBike2.0_臺大教研館北側,YouBike2.0_臺大大一女舍北側,0.634,1.9,500119081.0,500119048.0
YouBike2.0_臺大教研館北側,YouBike2.0_臺大女九舍西南側,0.881,2.5,500119081.0,500119049.0
YouBike2.0_臺大教研館北側,YouBike2.0_臺大小福樓東側,0.679,1.9,500119081.0,500119050.0
YouBike2.0_臺大教研館北側,YouBike2.0_臺大立體機車停車場,0.804,2.3,500119081.0,500119051.0
YouBike2.0_臺大教研館北側,YouBike2.0_臺大工綜館南側,0.876,2.5,500119081.0,500119052.0
YouBike2.0_臺大教研館北側,YouBike2.0_臺大天文數學館南側,1.03,3.0,500119081.0,500119053.0
YouBike2.0_臺大教研館北側,YouBike2.0_臺大心理系館南側,0.958,2.8,500119081.0,500119054.0
YouBike2.0_臺大教研館北側,YouBike2.0_臺大樂學館東側,0.8,2.2,500119081.0,500119055.0
YouBike2.0_臺大教研館北側,YouBike2.0_臺大農化新館西側,0.598,1.7,500119081.0,500119056.0
YouBike2.0_臺大教研館北側,YouBike2.0_臺大五號館西側,0.526,1.5,500119081.0,500119057.0
YouBike2.0_臺大教研館北側,YouBike2.0_臺大舊體育館西側,0.989,2.8,500119081.0,500119058.0
YouBike2.0_臺大教研館北側,YouBike2.0_臺大共同教室東南側,0.327,1.0,500119081.0,500119060.0
YouBike2.0_臺大教研館北側,YouBike2.0_臺大鹿鳴堂東側,0.229,0.7,500119081.0,500119061.0
YouBike2.0_臺大教研館北側,YouBike2.0_臺大公館停車場西北側,0.142,0.8,500119081.0,500119062.0
YouBike2.0_臺大教研館北側,YouBike2.0_臺大第二行政大樓南側,0.471,1.4,500119081.0,500119063.0
YouBike2.0_臺大教研館北側,YouBike2.0_臺大明達館機車停車場,0.935,2.6,500119081.0,500119064.0
YouBike2.0_臺大教研館北側,YouBike2.0_臺大二號館,0.638,1.8,500119081.0,500119065.0
YouBike2.0_臺大教研館北側,YouBike2.0_臺大凝態館南側,1.136,3.3,500119081.0,500119066.0
YouBike2.0_臺大教研館北側,YouBike2.0_臺大社科院西側,1.201,3.4,500119081.0,500119067.0
YouBike2.0_臺大教研館北側,YouBike2.0_臺大社會系館南側,1.355,4.2,500119081.0,500119068.0
YouBike2.0_臺大教研館北側,YouBike2.0_臺大思亮館東南側,1.004,2.9,500119081.0,500119069.0
YouBike2.0_臺大教研館北側,YouBike2.0_臺大椰林小舖,0.476,1.4,500119081.0,500119070.0
YouBike2.0_臺大教研館北側,YouBike2.0_臺大計資中心南側,1.02,3.0,500119081.0,500119071.0
YouBike2.0_臺大教研館北側,YouBike2.0_臺大原分所北側,0.843,2.5,500119081.0,500119072.0
YouBike2.0_臺大教研館北側,YouBike2.0_臺大生命科學館西北側,0.289,0.9,500119081.0,500119074.0
YouBike2.0_臺大教研館北側,YouBike2.0_臺大第一活動中心西南側,0.71,2.1,500119081.0,500119075.0
YouBike2.0_臺大教研館北側,YouBike2.0_臺大博理館西側,1.073,3.1,500119081.0,500119076.0
YouBike2.0_臺大教研館北側,YouBike2.0_臺大博雅館西側,0.906,2.6,500119081.0,500119077.0
YouBike2.0_臺大教研館北側,YouBike2.0_臺大森林館北側,0.547,1.6,500119081.0,500119078.0
YouBike2.0_臺大教研館北側,YouBike2.0_臺大一號館,0.758,2.1,500119081.0,500119079.0
YouBike2.0_臺大教研館北側,YouBike2.0_臺大小小福西南側,0.377,1.1,500119081.0,500119080.0
YouBike2.0_臺大教研館北側,YouBike2.0_臺大四號館東北側,0.498,1.4,500119081.0,500119082.0
YouBike2.0_臺大教研館北側,YouBike2.0_臺大新生教室南側,0.889,2.6,500119081.0,500119083.0
YouBike2.0_臺大教研館北側,YouBike2.0_臺大鄭江樓北側,0.972,2.8,500119081.0,500119084.0
YouBike2.0_臺大教研館北側,YouBike2.0_臺大電機二館東南側,0.939,2.7,500119081.0,500119085.0
YouBike2.0_臺大教研館北側,YouBike2.0_臺大圖資系館北側,0.684,2.0,500119081.0,500119086.0
YouBike2.0_臺大教研館北側,YouBike2.0_臺大總圖書館西南側,0.569,1.6,500119081.0,500119087.0
YouBike2.0_臺大教研館北側,YouBike2.0_臺大黑森林西側,1.137,4.5,500119081.0,500119088.0
YouBike2.0_臺大教研館北側,YouBike2.0_臺大獸醫館南側,0.864,2.4,500119081.0,500119089.0
YouBike2.0_臺大教研館北側,YouBike2.0_臺大新體育館東南側,1.118,3.2,500119081.0,500119090.0
YouBike2.0_臺大教研館北側,YouBike2.0_臺大明達館北側(員工宿舍),1.006,2.9,500119081.0,500119091.0
YouBike2.0_臺大四號館東北側,YouBike2.0_辛亥復興路口西北側,1.56,5.1,500119082.0,500101005.0
YouBike2.0_臺大四號館東北側,YouBike2.0_新生南路三段52號前,0.885,3.4,500119082.0,500101008.0
YouBike2.0_臺大四號館東北側,YouBike2.0_新生南路三段66號前,0.732,3.0,500119082.0,500101009.0
YouBike2.0_臺大四號館東北側,YouBike2.0_新生南路三段82號前,0.639,2.7,500119082.0,500101010.0
YouBike2.0_臺大四號館東北側,YouBike2.0_銘傳國小側門,0.652,4.4,500119082.0,500101021.0
YouBike2.0_臺大四號館東北側,YouBike2.0_捷運公館站(2號出口),0.624,2.2,500119082.0,500101022.0
YouBike2.0_臺大四號館東北側,YouBike2.0_第二學生活動中心,0.809,3.6,500119082.0,500101023.0
YouBike2.0_臺大四號館東北側,YouBike2.0_臺灣科技大學正門,0.808,3.4,500119082.0,500101024.0
YouBike2.0_臺大四號館東北側,YouBike2.0_臺灣科技大學側門,0.686,3.9,500119082.0,500101025.0
YouBike2.0_臺大四號館東北側,YouBike2.0_臺大男七舍前,1.089,4.1,500119082.0,500101031.0
YouBike2.0_臺大四號館東北側,YouBike2.0_臺大男一舍前,0.891,3.5,500119082.0,500101032.0
YouBike2.0_臺大四號館東北側,YouBike2.0_臺大男六舍前,0.86,3.4,500119082.0,500101033.0
YouBike2.0_臺大四號館東北側,YouBike2.0_臺大動物醫院前,0.98,3.3,500119082.0,500101034.0
YouBike2.0_臺大四號館東北側,YouBike2.0_臺大萬才館前,1.276,4.8,500119082.0,500101036.0
YouBike2.0_臺大四號館東北側,YouBike2.0_臺大國青大樓宿舍前,1.185,4.6,500119082.0,500101037.0
YouBike2.0_臺大四號館東北側,YouBike2.0_臺大社科院圖書館前,1.03,3.5,500119082.0,500101038.0
YouBike2.0_臺大四號館東北側,YouBike2.0_臺大法人語言訓練中心前,0.814,2.4,500119082.0,500101039.0
YouBike2.0_臺大四號館東北側,YouBike2.0_臺大綜合體育館停車場前,0.823,2.8,500119082.0,500101040.0
YouBike2.0_臺大四號館東北側,YouBike2.0_辛亥新生路口東南側,0.889,2.6,500119082.0,500101041.0
YouBike2.0_臺大四號館東北側,YouBike2.0_基隆長興路口東側,0.797,3.5,500119082.0,500101042.0
YouBike2.0_臺大四號館東北側,YouBike2.0_捷運公館站(3號出口),0.716,2.5,500119082.0,500101181.0
YouBike2.0_臺大四號館東北側,YouBike2.0_新生南路三段94巷口,0.905,3.1,500119082.0,500101184.0
YouBike2.0_臺大四號館東北側,YouBike2.0_基隆長興路口,0.776,2.7,500119082.0,500101193.0
YouBike2.0_臺大四號館東北側,YouBike2.0_臺大資訊大樓,0.898,3.1,500119082.0,500101209.0
YouBike2.0_臺大四號館東北側,YouBike2.0_捷運公館站(1號出口),0.638,3.5,500119082.0,500106003.0
YouBike2.0_臺大四號館東北側,YouBike2.0_捷運公館站(4號出口),0.719,3.7,500119082.0,500106004.0
YouBike2.0_臺大四號館東北側,YouBike2.0_臺大男八舍東側,0.887,3.5,500119082.0,500119043.0
YouBike2.0_臺大四號館東北側,YouBike2.0_臺大禮賢樓東南側,0.469,1.4,500119082.0,500119044.0
YouBike2.0_臺大四號館東北側,YouBike2.0_臺大農業陳列館北側,0.53,1.5,500119082.0,500119045.0
YouBike2.0_臺大四號館東北側,YouBike2.0_臺大管理學院二館北側,0.595,3.2,500119082.0,500119046.0
YouBike2.0_臺大四號館東北側,YouBike2.0_臺大土木系館,0.249,1.0,500119082.0,500119047.0
YouBike2.0_臺大四號館東北側,YouBike2.0_臺大大一女舍北側,0.568,1.6,500119082.0,500119048.0
YouBike2.0_臺大四號館東北側,YouBike2.0_臺大女九舍西南側,0.476,1.4,500119082.0,500119049.0
YouBike2.0_臺大四號館東北側,YouBike2.0_臺大小福樓東側,0.178,0.5,500119082.0,500119050.0
YouBike2.0_臺大四號館東北側,YouBike2.0_臺大立體機車停車場,0.571,1.6,500119082.0,500119051.0
YouBike2.0_臺大四號館東北側,YouBike2.0_臺大工綜館南側,0.476,1.4,500119082.0,500119052.0
YouBike2.0_臺大四號館東北側,YouBike2.0_臺大天文數學館南側,0.529,1.6,500119082.0,500119053.0
YouBike2.0_臺大四號館東北側,YouBike2.0_臺大心理系館南側,0.553,1.6,500119082.0,500119054.0
YouBike2.0_臺大四號館東北側,YouBike2.0_臺大樂學館東側,0.303,0.8,500119082.0,500119055.0
YouBike2.0_臺大四號館東北側,YouBike2.0_臺大農化新館西側,0.382,1.1,500119082.0,500119056.0
YouBike2.0_臺大四號館東北側,YouBike2.0_臺大五號館西側,0.102,0.3,500119082.0,500119057.0
YouBike2.0_臺大四號館東北側,YouBike2.0_臺大舊體育館西側,0.488,1.4,500119082.0,500119058.0
YouBike2.0_臺大四號館東北側,YouBike2.0_臺大共同教室東南側,0.19,0.6,500119082.0,500119060.0
YouBike2.0_臺大四號館東北側,YouBike2.0_臺大鹿鳴堂東側,0.288,0.8,500119082.0,500119061.0
YouBike2.0_臺大四號館東北側,YouBike2.0_臺大公館停車場西北側,0.642,2.3,500119082.0,500119062.0
YouBike2.0_臺大四號館東北側,YouBike2.0_臺大第二行政大樓南側,0.255,0.7,500119082.0,500119063.0
YouBike2.0_臺大四號館東北側,YouBike2.0_臺大明達館機車停車場,0.702,2.0,500119082.0,500119064.0
YouBike2.0_臺大四號館東北側,YouBike2.0_臺大二號館,0.209,0.6,500119082.0,500119065.0
YouBike2.0_臺大四號館東北側,YouBike2.0_臺大凝態館南側,0.635,1.8,500119082.0,500119066.0
YouBike2.0_臺大四號館東北側,YouBike2.0_臺大社科院西側,0.796,2.2,500119082.0,500119067.0
YouBike2.0_臺大四號館東北側,YouBike2.0_臺大社會系館南側,0.95,3.0,500119082.0,500119068.0
YouBike2.0_臺大四號館東北側,YouBike2.0_臺大思亮館東南側,0.599,1.7,500119082.0,500119069.0
YouBike2.0_臺大四號館東北側,YouBike2.0_臺大椰林小舖,0.357,1.0,500119082.0,500119070.0
YouBike2.0_臺大四號館東北側,YouBike2.0_臺大計資中心南側,0.615,1.8,500119082.0,500119071.0
YouBike2.0_臺大四號館東北側,YouBike2.0_臺大原分所北側,0.342,1.0,500119082.0,500119072.0
YouBike2.0_臺大四號館東北側,YouBike2.0_臺大生命科學館西北側,0.209,0.6,500119082.0,500119074.0
YouBike2.0_臺大四號館東北側,YouBike2.0_臺大第一活動中心西南側,0.31,0.9,500119082.0,500119075.0
YouBike2.0_臺大四號館東北側,YouBike2.0_臺大博理館西側,0.812,2.3,500119082.0,500119076.0
YouBike2.0_臺大四號館東北側,YouBike2.0_臺大博雅館西側,0.406,1.1,500119082.0,500119077.0
YouBike2.0_臺大四號館東北側,YouBike2.0_臺大森林館北側,0.105,0.3,500119082.0,500119078.0
YouBike2.0_臺大四號館東北側,YouBike2.0_臺大一號館,0.329,0.9,500119082.0,500119079.0
YouBike2.0_臺大四號館東北側,YouBike2.0_臺大小小福西南側,0.311,0.9,500119082.0,500119080.0
YouBike2.0_臺大四號館東北側,YouBike2.0_臺大教研館北側,0.498,1.5,500119082.0,500119081.0
YouBike2.0_臺大四號館東北側,YouBike2.0_臺大新生教室南側,0.389,1.1,500119082.0,500119083.0
YouBike2.0_臺大四號館東北側,YouBike2.0_臺大鄭江樓北側,0.808,2.3,500119082.0,500119084.0
YouBike2.0_臺大四號館東北側,YouBike2.0_臺大電機二館東南側,0.678,1.9,500119082.0,500119085.0
YouBike2.0_臺大四號館東北側,YouBike2.0_臺大圖資系館北側,0.279,0.8,500119082.0,500119086.0
YouBike2.0_臺大四號館東北側,YouBike2.0_臺大總圖書館西南側,0.26,0.8,500119082.0,500119087.0
YouBike2.0_臺大四號館東北側,YouBike2.0_臺大黑森林西側,0.989,4.0,500119082.0,500119088.0
YouBike2.0_臺大四號館東北側,YouBike2.0_臺大獸醫館南側,0.664,1.9,500119082.0,500119089.0
YouBike2.0_臺大四號館東北側,YouBike2.0_臺大新體育館東南側,0.618,1.8,500119082.0,500119090.0
YouBike2.0_臺大四號館東北側,YouBike2.0_臺大明達館北側(員工宿舍),0.773,2.2,500119082.0,500119091.0
YouBike2.0_臺大新生教室南側,YouBike2.0_辛亥復興路口西北側,0.777,3.1,500119083.0,500101005.0
YouBike2.0_臺大新生教室南側,YouBike2.0_新生南路三段52號前,0.943,3.7,500119083.0,500101008.0
YouBike2.0_臺大新生教室南側,YouBike2.0_新生南路三段66號前,0.79,3.2,500119083.0,500101009.0
YouBike2.0_臺大新生教室南側,YouBike2.0_新生南路三段82號前,0.696,3.0,500119083.0,500101010.0
YouBike2.0_臺大新生教室南側,YouBike2.0_銘傳國小側門,1.044,5.6,500119083.0,500101021.0
YouBike2.0_臺大新生教室南側,YouBike2.0_捷運公館站(2號出口),1.016,3.4,500119083.0,500101022.0
YouBike2.0_臺大新生教室南側,YouBike2.0_第二學生活動中心,1.201,4.8,500119083.0,500101023.0
YouBike2.0_臺大新生教室南側,YouBike2.0_臺灣科技大學正門,1.15,4.4,500119083.0,500101024.0
YouBike2.0_臺大新生教室南側,YouBike2.0_臺灣科技大學側門,1.078,5.1,500119083.0,500101025.0
YouBike2.0_臺大新生教室南側,YouBike2.0_臺大男七舍前,1.117,4.2,500119083.0,500101031.0
YouBike2.0_臺大新生教室南側,YouBike2.0_臺大男一舍前,0.919,3.6,500119083.0,500101032.0
YouBike2.0_臺大新生教室南側,YouBike2.0_臺大男六舍前,0.889,3.5,500119083.0,500101033.0
YouBike2.0_臺大新生教室南側,YouBike2.0_臺大動物醫院前,1.008,3.4,500119083.0,500101034.0
YouBike2.0_臺大新生教室南側,YouBike2.0_臺大萬才館前,0.973,3.9,500119083.0,500101036.0
YouBike2.0_臺大新生教室南側,YouBike2.0_臺大國青大樓宿舍前,0.882,3.7,500119083.0,500101037.0
YouBike2.0_臺大新生教室南側,YouBike2.0_臺大社科院圖書館前,0.727,2.6,500119083.0,500101038.0
YouBike2.0_臺大新生教室南側,YouBike2.0_臺大法人語言訓練中心前,0.511,1.5,500119083.0,500101039.0
YouBike2.0_臺大新生教室南側,YouBike2.0_臺大綜合體育館停車場前,0.587,2.1,500119083.0,500101040.0
YouBike2.0_臺大新生教室南側,YouBike2.0_辛亥新生路口東南側,0.653,1.9,500119083.0,500101041.0
YouBike2.0_臺大新生教室南側,YouBike2.0_基隆長興路口東側,0.826,3.6,500119083.0,500101042.0
YouBike2.0_臺大新生教室南側,YouBike2.0_捷運公館站(3號出口),1.144,4.6,500119083.0,500101181.0
YouBike2.0_臺大新生教室南側,YouBike2.0_新生南路三段94巷口,1.259,4.2,500119083.0,500101184.0
YouBike2.0_臺大新生教室南側,YouBike2.0_基隆長興路口,0.804,2.8,500119083.0,500101193.0
YouBike2.0_臺大新生教室南側,YouBike2.0_臺大資訊大樓,0.595,2.2,500119083.0,500101209.0
YouBike2.0_臺大新生教室南側,YouBike2.0_捷運公館站(1號出口),1.03,4.7,500119083.0,500106003.0
YouBike2.0_臺大新生教室南側,YouBike2.0_捷運公館站(4號出口),1.111,4.9,500119083.0,500106004.0
YouBike2.0_臺大新生教室南側,YouBike2.0_臺大男八舍東側,0.915,3.6,500119083.0,500119043.0
YouBike2.0_臺大新生教室南側,YouBike2.0_臺大禮賢樓東南側,0.861,2.6,500119083.0,500119044.0
YouBike2.0_臺大新生教室南側,YouBike2.0_臺大農業陳列館北側,0.588,1.7,500119083.0,500119045.0
YouBike2.0_臺大新生教室南側,YouBike2.0_臺大管理學院二館北側,0.987,4.5,500119083.0,500119046.0
YouBike2.0_臺大新生教室南側,YouBike2.0_臺大土木系館,0.495,1.8,500119083.0,500119047.0
YouBike2.0_臺大新生教室南側,YouBike2.0_臺大大一女舍北側,0.867,2.6,500119083.0,500119048.0
YouBike2.0_臺大新生教室南側,YouBike2.0_臺大女九舍西南側,0.165,0.5,500119083.0,500119049.0
YouBike2.0_臺大新生教室南側,YouBike2.0_臺大小福樓東側,0.211,0.7,500119083.0,500119050.0
YouBike2.0_臺大新生教室南側,YouBike2.0_臺大立體機車停車場,0.912,2.7,500119083.0,500119051.0
YouBike2.0_臺大新生教室南側,YouBike2.0_臺大工綜館南側,0.334,1.0,500119083.0,500119052.0
YouBike2.0_臺大新生教室南側,YouBike2.0_臺大天文數學館南側,0.241,0.7,500119083.0,500119053.0
YouBike2.0_臺大新生教室南側,YouBike2.0_臺大心理系館南側,0.364,1.1,500119083.0,500119054.0
YouBike2.0_臺大新生教室南側,YouBike2.0_臺大樂學館東側,0.435,1.3,500119083.0,500119055.0
YouBike2.0_臺大新生教室南側,YouBike2.0_臺大農化新館西側,0.737,2.1,500119083.0,500119056.0
YouBike2.0_臺大新生教室南側,YouBike2.0_臺大五號館西側,0.457,1.4,500119083.0,500119057.0
YouBike2.0_臺大新生教室南側,YouBike2.0_臺大舊體育館西側,0.326,0.9,500119083.0,500119058.0
YouBike2.0_臺大新生教室南側,YouBike2.0_臺大共同教室東南側,0.582,1.8,500119083.0,500119060.0
YouBike2.0_臺大新生教室南側,YouBike2.0_臺大鹿鳴堂東側,0.68,2.0,500119083.0,500119061.0
YouBike2.0_臺大新生教室南側,YouBike2.0_臺大公館停車場西北側,1.034,3.5,500119083.0,500119062.0
YouBike2.0_臺大新生教室南側,YouBike2.0_臺大第二行政大樓南側,0.609,1.8,500119083.0,500119063.0
YouBike2.0_臺大新生教室南側,YouBike2.0_臺大明達館機車停車場,0.73,2.1,500119083.0,500119064.0
YouBike2.0_臺大新生教室南側,YouBike2.0_臺大二號館,0.564,1.7,500119083.0,500119065.0
YouBike2.0_臺大新生教室南側,YouBike2.0_臺大凝態館南側,0.399,1.1,500119083.0,500119066.0
YouBike2.0_臺大新生教室南側,YouBike2.0_臺大社科院西側,0.623,1.9,500119083.0,500119067.0
YouBike2.0_臺大新生教室南側,YouBike2.0_臺大社會系館南側,0.77,2.7,500119083.0,500119068.0
YouBike2.0_臺大新生教室南側,YouBike2.0_臺大思亮館東南側,0.182,0.6,500119083.0,500119069.0
YouBike2.0_臺大新生教室南側,YouBike2.0_臺大椰林小舖,0.711,2.1,500119083.0,500119070.0
YouBike2.0_臺大新生教室南側,YouBike2.0_臺大計資中心南側,0.304,0.9,500119083.0,500119071.0
YouBike2.0_臺大新生教室南側,YouBike2.0_臺大原分所北側,0.266,0.8,500119083.0,500119072.0
YouBike2.0_臺大新生教室南側,YouBike2.0_臺大生命科學館西北側,0.601,1.8,500119083.0,500119074.0
YouBike2.0_臺大新生教室南側,YouBike2.0_臺大第一活動中心西南側,0.512,1.5,500119083.0,500119075.0
YouBike2.0_臺大新生教室南側,YouBike2.0_臺大博理館西側,0.825,2.5,500119083.0,500119076.0
YouBike2.0_臺大新生教室南側,YouBike2.0_臺大博雅館西側,0.339,1.0,500119083.0,500119077.0
YouBike2.0_臺大新生教室南側,YouBike2.0_臺大森林館北側,0.496,1.5,500119083.0,500119078.0
YouBike2.0_臺大新生教室南側,YouBike2.0_臺大一號館,0.684,2.0,500119083.0,500119079.0
YouBike2.0_臺大新生教室南側,YouBike2.0_臺大小小福西南側,0.703,2.1,500119083.0,500119080.0
YouBike2.0_臺大新生教室南側,YouBike2.0_臺大教研館北側,0.89,2.7,500119083.0,500119081.0
YouBike2.0_臺大新生教室南側,YouBike2.0_臺大四號館東北側,0.389,1.2,500119083.0,500119082.0
YouBike2.0_臺大新生教室南側,YouBike2.0_臺大鄭江樓北側,0.585,1.7,500119083.0,500119084.0
YouBike2.0_臺大新生教室南側,YouBike2.0_臺大電機二館東南側,0.535,1.6,500119083.0,500119085.0
YouBike2.0_臺大新生教室南側,YouBike2.0_臺大圖資系館北側,0.374,1.1,500119083.0,500119086.0
YouBike2.0_臺大新生教室南側,YouBike2.0_臺大總圖書館西南側,0.603,1.8,500119083.0,500119087.0
YouBike2.0_臺大新生教室南側,YouBike2.0_臺大黑森林西側,0.966,3.9,500119083.0,500119088.0
YouBike2.0_臺大新生教室南側,YouBike2.0_臺大獸醫館南側,0.866,2.5,500119083.0,500119089.0
YouBike2.0_臺大新生教室南側,YouBike2.0_臺大新體育館東南側,0.387,1.1,500119083.0,500119090.0
YouBike2.0_臺大新生教室南側,YouBike2.0_臺大明達館北側(員工宿舍),1.114,3.3,500119083.0,500119091.0
YouBike2.0_臺大鄭江樓北側,YouBike2.0_辛亥復興路口西北側,1.058,3.9,500119084.0,500101005.0
YouBike2.0_臺大鄭江樓北側,YouBike2.0_新生南路三段52號前,1.279,4.7,500119084.0,500101008.0
YouBike2.0_臺大鄭江樓北側,YouBike2.0_新生南路三段66號前,1.126,4.2,500119084.0,500101009.0
YouBike2.0_臺大鄭江樓北側,YouBike2.0_新生南路三段82號前,1.032,3.9,500119084.0,500101010.0
YouBike2.0_臺大鄭江樓北側,YouBike2.0_銘傳國小側門,1.157,6.0,500119084.0,500101021.0
YouBike2.0_臺大鄭江樓北側,YouBike2.0_捷運公館站(2號出口),1.13,3.8,500119084.0,500101022.0
YouBike2.0_臺大鄭江樓北側,YouBike2.0_第二學生活動中心,1.315,5.2,500119084.0,500101023.0
YouBike2.0_臺大鄭江樓北側,YouBike2.0_臺灣科技大學正門,0.809,3.1,500119084.0,500101024.0
YouBike2.0_臺大鄭江樓北側,YouBike2.0_臺灣科技大學側門,0.893,4.0,500119084.0,500101025.0
YouBike2.0_臺大鄭江樓北側,YouBike2.0_臺大男七舍前,0.532,2.5,500119084.0,500101031.0
YouBike2.0_臺大鄭江樓北側,YouBike2.0_臺大男一舍前,0.334,1.9,500119084.0,500101032.0
YouBike2.0_臺大鄭江樓北側,YouBike2.0_臺大男六舍前,0.303,1.8,500119084.0,500101033.0
YouBike2.0_臺大鄭江樓北側,YouBike2.0_臺大動物醫院前,0.423,1.7,500119084.0,500101034.0
YouBike2.0_臺大鄭江樓北側,YouBike2.0_臺大萬才館前,0.74,3.2,500119084.0,500101036.0
YouBike2.0_臺大鄭江樓北側,YouBike2.0_臺大國青大樓宿舍前,0.649,2.9,500119084.0,500101037.0
YouBike2.0_臺大鄭江樓北側,YouBike2.0_臺大社科院圖書館前,0.494,1.9,500119084.0,500101038.0
YouBike2.0_臺大鄭江樓北側,YouBike2.0_臺大法人語言訓練中心前,0.521,1.5,500119084.0,500101039.0
YouBike2.0_臺大鄭江樓北側,YouBike2.0_臺大綜合體育館停車場前,1.191,3.9,500119084.0,500101040.0
YouBike2.0_臺大鄭江樓北側,YouBike2.0_辛亥新生路口東南側,1.257,3.7,500119084.0,500101041.0
YouBike2.0_臺大鄭江樓北側,YouBike2.0_基隆長興路口東側,0.241,1.9,500119084.0,500101042.0
YouBike2.0_臺大鄭江樓北側,YouBike2.0_捷運公館站(3號出口),1.221,4.0,500119084.0,500101181.0
YouBike2.0_臺大鄭江樓北側,YouBike2.0_新生南路三段94巷口,1.678,5.4,500119084.0,500101184.0
YouBike2.0_臺大鄭江樓北側,YouBike2.0_基隆長興路口,0.219,1.1,500119084.0,500101193.0
YouBike2.0_臺大鄭江樓北側,YouBike2.0_臺大資訊大樓,0.507,1.9,500119084.0,500101209.0
YouBike2.0_臺大鄭江樓北側,YouBike2.0_捷運公館站(1號出口),1.144,5.0,500119084.0,500106003.0
YouBike2.0_臺大鄭江樓北側,YouBike2.0_捷運公館站(4號出口),1.225,5.3,500119084.0,500106004.0
YouBike2.0_臺大鄭江樓北側,YouBike2.0_臺大男八舍東側,0.33,1.9,500119084.0,500119043.0
YouBike2.0_臺大鄭江樓北側,YouBike2.0_臺大禮賢樓東南側,1.185,3.5,500119084.0,500119044.0
YouBike2.0_臺大鄭江樓北側,YouBike2.0_臺大農業陳列館北側,0.924,2.7,500119084.0,500119045.0
YouBike2.0_臺大鄭江樓北側,YouBike2.0_臺大管理學院二館北側,1.312,5.4,500119084.0,500119046.0
YouBike2.0_臺大鄭江樓北側,YouBike2.0_臺大土木系館,0.65,2.2,500119084.0,500119047.0
YouBike2.0_臺大鄭江樓北側,YouBike2.0_臺大大一女舍北側,1.284,3.8,500119084.0,500119048.0
YouBike2.0_臺大鄭江樓北側,YouBike2.0_臺大女九舍西南側,0.551,1.6,500119084.0,500119049.0
YouBike2.0_臺大鄭江樓北側,YouBike2.0_臺大小福樓東側,0.862,2.5,500119084.0,500119050.0
YouBike2.0_臺大鄭江樓北側,YouBike2.0_臺大立體機車停車場,0.478,1.4,500119084.0,500119051.0
YouBike2.0_臺大鄭江樓北側,YouBike2.0_臺大工綜館南側,0.252,0.8,500119084.0,500119052.0
YouBike2.0_臺大鄭江樓北側,YouBike2.0_臺大天文數學館南側,0.805,2.4,500119084.0,500119053.0
YouBike2.0_臺大鄭江樓北側,YouBike2.0_臺大心理系館南側,0.628,1.9,500119084.0,500119054.0
YouBike2.0_臺大鄭江樓北側,YouBike2.0_臺大樂學館東側,1.0,2.9,500119084.0,500119055.0
YouBike2.0_臺大鄭江樓北側,YouBike2.0_臺大農化新館西側,1.156,3.3,500119084.0,500119056.0
YouBike2.0_臺大鄭江樓北側,YouBike2.0_臺大五號館西側,0.876,2.6,500119084.0,500119057.0
YouBike2.0_臺大鄭江樓北側,YouBike2.0_臺大舊體育館西側,0.924,2.7,500119084.0,500119058.0
YouBike2.0_臺大鄭江樓北側,YouBike2.0_臺大共同教室東南側,0.907,2.7,500119084.0,500119060.0
YouBike2.0_臺大鄭江樓北側,YouBike2.0_臺大鹿鳴堂東側,1.005,3.0,500119084.0,500119061.0
YouBike2.0_臺大鄭江樓北側,YouBike2.0_臺大公館停車場西北側,1.116,3.8,500119084.0,500119062.0
YouBike2.0_臺大鄭江樓北側,YouBike2.0_臺大第二行政大樓南側,1.029,3.0,500119084.0,500119063.0
YouBike2.0_臺大鄭江樓北側,YouBike2.0_臺大明達館機車停車場,0.145,0.4,500119084.0,500119064.0
YouBike2.0_臺大鄭江樓北側,YouBike2.0_臺大二號館,0.983,2.9,500119084.0,500119065.0
YouBike2.0_臺大鄭江樓北側,YouBike2.0_臺大凝態館南側,1.003,2.9,500119084.0,500119066.0
YouBike2.0_臺大鄭江樓北側,YouBike2.0_臺大社科院西側,0.403,1.2,500119084.0,500119067.0
YouBike2.0_臺大鄭江樓北側,YouBike2.0_臺大社會系館南側,0.272,1.2,500119084.0,500119068.0
YouBike2.0_臺大鄭江樓北側,YouBike2.0_臺大思亮館東南側,0.731,2.2,500119084.0,500119069.0
YouBike2.0_臺大鄭江樓北側,YouBike2.0_臺大椰林小舖,1.126,3.3,500119084.0,500119070.0
YouBike2.0_臺大鄭江樓北側,YouBike2.0_臺大計資中心南側,0.689,2.0,500119084.0,500119071.0
YouBike2.0_臺大鄭江樓北側,YouBike2.0_臺大原分所北側,0.494,1.5,500119084.0,500119072.0
YouBike2.0_臺大鄭江樓北側,YouBike2.0_臺大生命科學館西北側,0.925,2.7,500119084.0,500119074.0
YouBike2.0_臺大鄭江樓北側,YouBike2.0_臺大第一活動中心西南側,0.498,1.5,500119084.0,500119075.0
YouBike2.0_臺大鄭江樓北側,YouBike2.0_臺大博理館西側,0.197,0.6,500119084.0,500119076.0
YouBike2.0_臺大鄭江樓北側,YouBike2.0_臺大博雅館西側,0.824,2.4,500119084.0,500119077.0
YouBike2.0_臺大鄭江樓北側,YouBike2.0_臺大森林館北側,0.739,2.2,500119084.0,500119078.0
YouBike2.0_臺大鄭江樓北側,YouBike2.0_臺大一號館,1.103,3.2,500119084.0,500119079.0
YouBike2.0_臺大鄭江樓北側,YouBike2.0_臺大小小福西南側,1.027,3.0,500119084.0,500119080.0
YouBike2.0_臺大鄭江樓北側,YouBike2.0_臺大教研館北側,0.972,2.9,500119084.0,500119081.0
YouBike2.0_臺大鄭江樓北側,YouBike2.0_臺大四號館東北側,0.772,2.3,500119084.0,500119082.0
YouBike2.0_臺大鄭江樓北側,YouBike2.0_臺大新生教室南側,0.585,1.7,500119084.0,500119083.0
YouBike2.0_臺大鄭江樓北側,YouBike2.0_臺大電機二館東南側,0.063,0.2,500119084.0,500119085.0
YouBike2.0_臺大鄭江樓北側,YouBike2.0_臺大圖資系館北側,0.45,1.4,500119084.0,500119086.0
YouBike2.0_臺大鄭江樓北側,YouBike2.0_臺大總圖書館西南側,0.611,1.8,500119084.0,500119087.0
YouBike2.0_臺大鄭江樓北側,YouBike2.0_臺大黑森林西側,0.182,1.8,500119084.0,500119088.0
YouBike2.0_臺大鄭江樓北側,YouBike2.0_臺大獸醫館南側,0.144,0.5,500119084.0,500119089.0
YouBike2.0_臺大鄭江樓北側,YouBike2.0_臺大新體育館東南側,0.991,2.9,500119084.0,500119090.0
YouBike2.0_臺大鄭江樓北側,YouBike2.0_臺大明達館北側(員工宿舍),0.216,0.7,500119084.0,500119091.0
YouBike2.0_臺大電機二館東南側,YouBike2.0_辛亥復興路口西北側,0.99,3.7,500119085.0,500101005.0
YouBike2.0_臺大電機二館東南側,YouBike2.0_新生南路三段52號前,1.228,4.5,500119085.0,500101008.0
YouBike2.0_臺大電機二館東南側,YouBike2.0_新生南路三段66號前,1.075,4.0,500119085.0,500101009.0
YouBike2.0_臺大電機二館東南側,YouBike2.0_新生南路三段82號前,0.982,3.8,500119085.0,500101010.0
YouBike2.0_臺大電機二館東南側,YouBike2.0_銘傳國小側門,1.124,5.9,500119085.0,500101021.0
YouBike2.0_臺大電機二館東南側,YouBike2.0_捷運公館站(2號出口),1.097,3.7,500119085.0,500101022.0
YouBike2.0_臺大電機二館東南側,YouBike2.0_第二學生活動中心,1.282,5.1,500119085.0,500101023.0
YouBike2.0_臺大電機二館東南側,YouBike2.0_臺灣科技大學正門,0.665,3.0,500119085.0,500101024.0
YouBike2.0_臺大電機二館東南側,YouBike2.0_臺灣科技大學側門,0.926,3.7,500119085.0,500101025.0
YouBike2.0_臺大電機二館東南側,YouBike2.0_臺大男七舍前,0.595,2.7,500119085.0,500101031.0
YouBike2.0_臺大電機二館東南側,YouBike2.0_臺大男一舍前,0.397,2.1,500119085.0,500101032.0
YouBike2.0_臺大電機二館東南側,YouBike2.0_臺大男六舍前,0.366,2.0,500119085.0,500101033.0
YouBike2.0_臺大電機二館東南側,YouBike2.0_臺大動物醫院前,0.486,1.9,500119085.0,500101034.0
YouBike2.0_臺大電機二館東南側,YouBike2.0_臺大萬才館前,0.673,3.0,500119085.0,500101036.0
YouBike2.0_臺大電機二館東南側,YouBike2.0_臺大國青大樓宿舍前,0.581,2.7,500119085.0,500101037.0
YouBike2.0_臺大電機二館東南側,YouBike2.0_臺大社科院圖書館前,0.426,1.6,500119085.0,500101038.0
YouBike2.0_臺大電機二館東南側,YouBike2.0_臺大法人語言訓練中心前,0.453,1.3,500119085.0,500101039.0
YouBike2.0_臺大電機二館東南側,YouBike2.0_臺大綜合體育館停車場前,1.127,3.8,500119085.0,500101040.0
YouBike2.0_臺大電機二館東南側,YouBike2.0_辛亥新生路口東南側,1.193,3.5,500119085.0,500101041.0
YouBike2.0_臺大電機二館東南側,YouBike2.0_基隆長興路口東側,0.303,2.1,500119085.0,500101042.0
YouBike2.0_臺大電機二館東南側,YouBike2.0_捷運公館站(3號出口),1.188,4.0,500119085.0,500101181.0
YouBike2.0_臺大電機二館東南側,YouBike2.0_新生南路三段94巷口,1.548,5.0,500119085.0,500101184.0
YouBike2.0_臺大電機二館東南側,YouBike2.0_基隆長興路口,0.282,1.3,500119085.0,500101193.0
YouBike2.0_臺大電機二館東南側,YouBike2.0_臺大資訊大樓,0.44,1.7,500119085.0,500101209.0
YouBike2.0_臺大電機二館東南側,YouBike2.0_捷運公館站(1號出口),1.111,5.0,500119085.0,500106003.0
YouBike2.0_臺大電機二館東南側,YouBike2.0_捷運公館站(4號出口),1.192,5.2,500119085.0,500106004.0
YouBike2.0_臺大電機二館東南側,YouBike2.0_臺大男八舍東側,0.393,2.1,500119085.0,500119043.0
YouBike2.0_臺大電機二館東南側,YouBike2.0_臺大禮賢樓東南側,1.055,3.1,500119085.0,500119044.0
YouBike2.0_臺大電機二館東南側,YouBike2.0_臺大農業陳列館北側,0.873,2.6,500119085.0,500119045.0
YouBike2.0_臺大電機二館東南側,YouBike2.0_臺大管理學院二館北側,1.182,5.0,500119085.0,500119046.0
YouBike2.0_臺大電機二館東南側,YouBike2.0_臺大土木系館,0.52,1.9,500119085.0,500119047.0
YouBike2.0_臺大電機二館東南側,YouBike2.0_臺大大一女舍北側,1.154,3.4,500119085.0,500119048.0
YouBike2.0_臺大電機二館東南側,YouBike2.0_臺大女九舍西南側,0.5,1.5,500119085.0,500119049.0
YouBike2.0_臺大電機二館東南側,YouBike2.0_臺大小福樓東側,0.732,2.1,500119085.0,500119050.0
YouBike2.0_臺大電機二館東南側,YouBike2.0_臺大立體機車停車場,0.427,1.2,500119085.0,500119051.0
YouBike2.0_臺大電機二館東南側,YouBike2.0_臺大工綜館南側,0.201,0.6,500119085.0,500119052.0
YouBike2.0_臺大電機二館東南側,YouBike2.0_臺大天文數學館南側,0.76,2.2,500119085.0,500119053.0
YouBike2.0_臺大電機二館東南側,YouBike2.0_臺大心理系館南側,0.578,1.7,500119085.0,500119054.0
YouBike2.0_臺大電機二館東南側,YouBike2.0_臺大樂學館東側,0.736,2.2,500119085.0,500119055.0
YouBike2.0_臺大電機二館東南側,YouBike2.0_臺大農化新館西側,1.026,3.0,500119085.0,500119056.0
YouBike2.0_臺大電機二館東南側,YouBike2.0_臺大五號館西側,0.746,2.2,500119085.0,500119057.0
YouBike2.0_臺大電機二館東南側,YouBike2.0_臺大舊體育館西側,0.874,2.6,500119085.0,500119058.0
YouBike2.0_臺大電機二館東南側,YouBike2.0_臺大共同教室東南側,0.776,2.3,500119085.0,500119060.0
YouBike2.0_臺大電機二館東南側,YouBike2.0_臺大鹿鳴堂東側,0.874,2.6,500119085.0,500119061.0
YouBike2.0_臺大電機二館東南側,YouBike2.0_臺大公館停車場西北側,1.228,4.1,500119085.0,500119062.0
YouBike2.0_臺大電機二館東南側,YouBike2.0_臺大第二行政大樓南側,0.898,2.6,500119085.0,500119063.0
YouBike2.0_臺大電機二館東南側,YouBike2.0_臺大明達館機車停車場,0.208,0.6,500119085.0,500119064.0
YouBike2.0_臺大電機二館東南側,YouBike2.0_臺大二號館,0.853,2.5,500119085.0,500119065.0
YouBike2.0_臺大電機二館東南側,YouBike2.0_臺大凝態館南側,0.939,2.8,500119085.0,500119066.0
YouBike2.0_臺大電機二館東南側,YouBike2.0_臺大社科院西側,0.335,1.0,500119085.0,500119067.0
YouBike2.0_臺大電機二館東南側,YouBike2.0_臺大社會系館南側,0.204,0.9,500119085.0,500119068.0
YouBike2.0_臺大電機二館東南側,YouBike2.0_臺大思亮館東南側,0.663,2.0,500119085.0,500119069.0
YouBike2.0_臺大電機二館東南側,YouBike2.0_臺大椰林小舖,0.996,2.9,500119085.0,500119070.0
YouBike2.0_臺大電機二館東南側,YouBike2.0_臺大計資中心南側,0.622,1.8,500119085.0,500119071.0
YouBike2.0_臺大電機二館東南側,YouBike2.0_臺大原分所北側,0.444,1.3,500119085.0,500119072.0
YouBike2.0_臺大電機二館東南側,YouBike2.0_臺大生命科學館西北側,0.795,2.4,500119085.0,500119074.0
YouBike2.0_臺大電機二館東南側,YouBike2.0_臺大第一活動中心西南側,0.368,1.1,500119085.0,500119075.0
YouBike2.0_臺大電機二館東南側,YouBike2.0_臺大博理館西側,0.129,0.4,500119085.0,500119076.0
YouBike2.0_臺大電機二館東南側,YouBike2.0_臺大博雅館西側,0.774,2.3,500119085.0,500119077.0
YouBike2.0_臺大電機二館東南側,YouBike2.0_臺大森林館北側,0.609,1.8,500119085.0,500119078.0
YouBike2.0_臺大電機二館東南側,YouBike2.0_臺大一號館,0.972,2.8,500119085.0,500119079.0
YouBike2.0_臺大電機二館東南側,YouBike2.0_臺大小小福西南側,0.897,2.7,500119085.0,500119080.0
YouBike2.0_臺大電機二館東南側,YouBike2.0_臺大教研館北側,1.084,3.2,500119085.0,500119081.0
YouBike2.0_臺大電機二館東南側,YouBike2.0_臺大四號館東北側,0.642,1.9,500119085.0,500119082.0
YouBike2.0_臺大電機二館東南側,YouBike2.0_臺大新生教室南側,0.535,1.6,500119085.0,500119083.0
YouBike2.0_臺大電機二館東南側,YouBike2.0_臺大鄭江樓北側,0.063,0.2,500119085.0,500119084.0
YouBike2.0_臺大電機二館東南側,YouBike2.0_臺大圖資系館北側,0.4,1.2,500119085.0,500119086.0
YouBike2.0_臺大電機二館東南側,YouBike2.0_臺大總圖書館西南側,0.481,1.4,500119085.0,500119087.0
YouBike2.0_臺大電機二館東南側,YouBike2.0_臺大黑森林西側,0.244,1.9,500119085.0,500119088.0
YouBike2.0_臺大電機二館東南側,YouBike2.0_臺大獸醫館南側,0.094,0.3,500119085.0,500119089.0
YouBike2.0_臺大電機二館東南側,YouBike2.0_臺大新體育館東南側,0.954,2.8,500119085.0,500119090.0
YouBike2.0_臺大電機二館東南側,YouBike2.0_臺大明達館北側(員工宿舍),0.279,0.8,500119085.0,500119091.0
YouBike2.0_臺大圖資系館北側,YouBike2.0_辛亥復興路口西北側,0.809,3.2,500119086.0,500101005.0
YouBike2.0_臺大圖資系館北側,YouBike2.0_新生南路三段52號前,1.04,3.9,500119086.0,500101008.0
YouBike2.0_臺大圖資系館北側,YouBike2.0_新生南路三段66號前,0.887,3.5,500119086.0,500101009.0
YouBike2.0_臺大圖資系館北側,YouBike2.0_新生南路三段82號前,0.793,3.2,500119086.0,500101010.0
YouBike2.0_臺大圖資系館北側,YouBike2.0_銘傳國小側門,0.839,5.0,500119086.0,500101021.0
YouBike2.0_臺大圖資系館北側,YouBike2.0_捷運公館站(2號出口),0.812,2.8,500119086.0,500101022.0
YouBike2.0_臺大圖資系館北側,YouBike2.0_第二學生活動中心,0.997,4.2,500119086.0,500101023.0
YouBike2.0_臺大圖資系館北側,YouBike2.0_臺灣科技大學正門,0.776,3.3,500119086.0,500101024.0
YouBike2.0_臺大圖資系館北側,YouBike2.0_臺灣科技大學側門,1.037,4.0,500119086.0,500101025.0
YouBike2.0_臺大圖資系館北側,YouBike2.0_臺大男七舍前,1.056,4.0,500119086.0,500101031.0
YouBike2.0_臺大圖資系館北側,YouBike2.0_臺大男一舍前,0.858,3.5,500119086.0,500101032.0
YouBike2.0_臺大圖資系館北側,YouBike2.0_臺大男六舍前,0.828,3.4,500119086.0,500101033.0
YouBike2.0_臺大圖資系館北側,YouBike2.0_臺大動物醫院前,0.947,3.2,500119086.0,500101034.0
YouBike2.0_臺大圖資系館北側,YouBike2.0_臺大萬才館前,0.965,3.8,500119086.0,500101036.0
YouBike2.0_臺大圖資系館北側,YouBike2.0_臺大國青大樓宿舍前,0.874,3.5,500119086.0,500101037.0
YouBike2.0_臺大圖資系館北側,YouBike2.0_臺大社科院圖書館前,0.719,2.4,500119086.0,500101038.0
YouBike2.0_臺大圖資系館北側,YouBike2.0_臺大法人語言訓練中心前,0.542,1.6,500119086.0,500101039.0
YouBike2.0_臺大圖資系館北側,YouBike2.0_臺大綜合體育館停車場前,0.837,2.9,500119086.0,500101040.0
YouBike2.0_臺大圖資系館北側,YouBike2.0_辛亥新生路口東南側,0.904,2.6,500119086.0,500101041.0
YouBike2.0_臺大圖資系館北側,YouBike2.0_基隆長興路口東側,0.765,3.5,500119086.0,500101042.0
YouBike2.0_臺大圖資系館北側,YouBike2.0_捷運公館站(3號出口),0.903,3.0,500119086.0,500101181.0
YouBike2.0_臺大圖資系館北側,YouBike2.0_新生南路三段94巷口,1.149,3.8,500119086.0,500101184.0
YouBike2.0_臺大圖資系館北側,YouBike2.0_基隆長興路口,0.743,2.6,500119086.0,500101193.0
YouBike2.0_臺大圖資系館北側,YouBike2.0_臺大資訊大樓,0.587,2.0,500119086.0,500101209.0
YouBike2.0_臺大圖資系館北側,YouBike2.0_捷運公館站(1號出口),0.825,4.0,500119086.0,500106003.0
YouBike2.0_臺大圖資系館北側,YouBike2.0_捷運公館站(4號出口),0.907,4.3,500119086.0,500106004.0
YouBike2.0_臺大圖資系館北側,YouBike2.0_臺大男八舍東側,0.854,3.5,500119086.0,500119043.0
YouBike2.0_臺大圖資系館北側,YouBike2.0_臺大禮賢樓東南側,0.656,1.9,500119086.0,500119044.0
YouBike2.0_臺大圖資系館北側,YouBike2.0_臺大農業陳列館北側,0.685,2.0,500119086.0,500119045.0
YouBike2.0_臺大圖資系館北側,YouBike2.0_臺大管理學院二館北側,0.783,3.8,500119086.0,500119046.0
YouBike2.0_臺大圖資系館北側,YouBike2.0_臺大土木系館,0.121,0.7,500119086.0,500119047.0
YouBike2.0_臺大圖資系館北側,YouBike2.0_臺大大一女舍北側,0.755,2.2,500119086.0,500119048.0
YouBike2.0_臺大圖資系館北側,YouBike2.0_臺大女九舍西南側,0.197,0.6,500119086.0,500119049.0
YouBike2.0_臺大圖資系館北側,YouBike2.0_臺大小福樓東側,0.333,0.9,500119086.0,500119050.0
YouBike2.0_臺大圖資系館北側,YouBike2.0_臺大立體機車停車場,0.538,1.6,500119086.0,500119051.0
YouBike2.0_臺大圖資系館北側,YouBike2.0_臺大工綜館南側,0.198,0.6,500119086.0,500119052.0
YouBike2.0_臺大圖資系館北側,YouBike2.0_臺大天文數學館南側,0.451,1.3,500119086.0,500119053.0
YouBike2.0_臺大圖資系館北側,YouBike2.0_臺大心理系館南側,0.274,0.8,500119086.0,500119054.0
YouBike2.0_臺大圖資系館北側,YouBike2.0_臺大樂學館東側,0.476,1.3,500119086.0,500119055.0
YouBike2.0_臺大圖資系館北側,YouBike2.0_臺大農化新館西側,0.627,1.8,500119086.0,500119056.0
YouBike2.0_臺大圖資系館北側,YouBike2.0_臺大五號館西側,0.347,1.0,500119086.0,500119057.0
YouBike2.0_臺大圖資系館北側,YouBike2.0_臺大舊體育館西側,0.57,1.7,500119086.0,500119058.0
YouBike2.0_臺大圖資系館北側,YouBike2.0_臺大共同教室東南側,0.378,1.1,500119086.0,500119060.0
YouBike2.0_臺大圖資系館北側,YouBike2.0_臺大鹿鳴堂東側,0.476,1.4,500119086.0,500119061.0
YouBike2.0_臺大圖資系館北側,YouBike2.0_臺大公館停車場西北側,0.829,2.9,500119086.0,500119062.0
YouBike2.0_臺大圖資系館北側,YouBike2.0_臺大第二行政大樓南側,0.499,1.4,500119086.0,500119063.0
YouBike2.0_臺大圖資系館北側,YouBike2.0_臺大明達館機車停車場,0.669,1.9,500119086.0,500119064.0
YouBike2.0_臺大圖資系館北側,YouBike2.0_臺大二號館,0.454,1.3,500119086.0,500119065.0
YouBike2.0_臺大圖資系館北側,YouBike2.0_臺大凝態館南側,0.65,1.9,500119086.0,500119066.0
YouBike2.0_臺大圖資系館北側,YouBike2.0_臺大社科院西側,0.517,1.4,500119086.0,500119067.0
YouBike2.0_臺大圖資系館北側,YouBike2.0_臺大社會系館南側,0.671,2.2,500119086.0,500119068.0
YouBike2.0_臺大圖資系館北側,YouBike2.0_臺大思亮館東南側,0.321,0.9,500119086.0,500119069.0
YouBike2.0_臺大圖資系館北側,YouBike2.0_臺大椰林小舖,0.597,1.7,500119086.0,500119070.0
YouBike2.0_臺大圖資系館北側,YouBike2.0_臺大計資中心南側,0.336,1.0,500119086.0,500119071.0
YouBike2.0_臺大圖資系館北側,YouBike2.0_臺大原分所北側,0.141,0.4,500119086.0,500119072.0
YouBike2.0_臺大圖資系館北側,YouBike2.0_臺大生命科學館西北側,0.396,1.2,500119086.0,500119074.0
YouBike2.0_臺大圖資系館北側,YouBike2.0_臺大第一活動中心西南側,0.138,0.4,500119086.0,500119075.0
YouBike2.0_臺大圖資系館北側,YouBike2.0_臺大博理館西側,0.534,1.6,500119086.0,500119076.0
YouBike2.0_臺大圖資系館北側,YouBike2.0_臺大博雅館西側,0.561,1.6,500119086.0,500119077.0
YouBike2.0_臺大圖資系館北側,YouBike2.0_臺大森林館北側,0.21,0.6,500119086.0,500119078.0
YouBike2.0_臺大圖資系館北側,YouBike2.0_臺大一號館,0.573,1.6,500119086.0,500119079.0
YouBike2.0_臺大圖資系館北側,YouBike2.0_臺大小小福西南側,0.498,1.5,500119086.0,500119080.0
YouBike2.0_臺大圖資系館北側,YouBike2.0_臺大教研館北側,0.685,2.0,500119086.0,500119081.0
YouBike2.0_臺大圖資系館北側,YouBike2.0_臺大四號館東北側,0.243,0.7,500119086.0,500119082.0
YouBike2.0_臺大圖資系館北側,YouBike2.0_臺大新生教室南側,0.374,1.1,500119086.0,500119083.0
YouBike2.0_臺大圖資系館北側,YouBike2.0_臺大鄭江樓北側,0.45,1.3,500119086.0,500119084.0
YouBike2.0_臺大圖資系館北側,YouBike2.0_臺大電機二館東南側,0.4,1.1,500119086.0,500119085.0
YouBike2.0_臺大圖資系館北側,YouBike2.0_臺大總圖書館西南側,0.229,0.7,500119086.0,500119087.0
YouBike2.0_臺大圖資系館北側,YouBike2.0_臺大黑森林西側,0.632,3.0,500119086.0,500119088.0
YouBike2.0_臺大圖資系館北側,YouBike2.0_臺大獸醫館南側,0.492,1.4,500119086.0,500119089.0
YouBike2.0_臺大圖資系館北側,YouBike2.0_臺大新體育館東南側,0.637,1.8,500119086.0,500119090.0
YouBike2.0_臺大圖資系館北側,YouBike2.0_臺大明達館北側(員工宿舍),0.741,2.1,500119086.0,500119091.0
YouBike2.0_臺大總圖書館西南側,YouBike2.0_辛亥復興路口西北側,1.038,3.9,500119087.0,500101005.0
YouBike2.0_臺大總圖書館西南側,YouBike2.0_新生南路三段52號前,1.161,4.2,500119087.0,500101008.0
YouBike2.0_臺大總圖書館西南側,YouBike2.0_新生南路三段66號前,1.008,3.8,500119087.0,500101009.0
YouBike2.0_臺大總圖書館西南側,YouBike2.0_新生南路三段82號前,0.915,3.5,500119087.0,500101010.0
YouBike2.0_臺大總圖書館西南側,YouBike2.0_銘傳國小側門,0.754,4.7,500119087.0,500101021.0
YouBike2.0_臺大總圖書館西南側,YouBike2.0_捷運公館站(2號出口),0.727,2.5,500119087.0,500101022.0
YouBike2.0_臺大總圖書館西南側,YouBike2.0_第二學生活動中心,0.911,3.9,500119087.0,500101023.0
YouBike2.0_臺大總圖書館西南側,YouBike2.0_臺灣科技大學正門,0.576,2.7,500119087.0,500101024.0
YouBike2.0_臺大總圖書館西南側,YouBike2.0_臺灣科技大學側門,0.837,3.5,500119087.0,500101025.0
YouBike2.0_臺大總圖書館西南側,YouBike2.0_臺大男七舍前,0.856,3.5,500119087.0,500101031.0
YouBike2.0_臺大總圖書館西南側,YouBike2.0_臺大男一舍前,0.658,2.9,500119087.0,500101032.0
YouBike2.0_臺大總圖書館西南側,YouBike2.0_臺大男六舍前,0.628,2.8,500119087.0,500101033.0
YouBike2.0_臺大總圖書館西南側,YouBike2.0_臺大動物醫院前,0.748,2.6,500119087.0,500101034.0
YouBike2.0_臺大總圖書館西南側,YouBike2.0_臺大萬才館前,1.194,4.4,500119087.0,500101036.0
YouBike2.0_臺大總圖書館西南側,YouBike2.0_臺大國青大樓宿舍前,1.103,4.2,500119087.0,500101037.0
YouBike2.0_臺大總圖書館西南側,YouBike2.0_臺大社科院圖書館前,0.948,3.1,500119087.0,500101038.0
YouBike2.0_臺大總圖書館西南側,YouBike2.0_臺大法人語言訓練中心前,0.771,2.3,500119087.0,500101039.0
YouBike2.0_臺大總圖書館西南側,YouBike2.0_臺大綜合體育館停車場前,1.066,3.5,500119087.0,500101040.0
YouBike2.0_臺大總圖書館西南側,YouBike2.0_辛亥新生路口東南側,1.133,3.3,500119087.0,500101041.0
YouBike2.0_臺大總圖書館西南側,YouBike2.0_基隆長興路口東側,0.565,2.9,500119087.0,500101042.0
YouBike2.0_臺大總圖書館西南側,YouBike2.0_捷運公館站(3號出口),0.818,2.8,500119087.0,500101181.0
YouBike2.0_臺大總圖書館西南側,YouBike2.0_新生南路三段94巷口,1.271,4.2,500119087.0,500101184.0
YouBike2.0_臺大總圖書館西南側,YouBike2.0_基隆長興路口,0.544,2.0,500119087.0,500101193.0
YouBike2.0_臺大總圖書館西南側,YouBike2.0_臺大資訊大樓,0.816,2.7,500119087.0,500101209.0
YouBike2.0_臺大總圖書館西南側,YouBike2.0_捷運公館站(1號出口),0.74,3.8,500119087.0,500106003.0
YouBike2.0_臺大總圖書館西南側,YouBike2.0_捷運公館站(4號出口),0.822,4.0,500119087.0,500106004.0
YouBike2.0_臺大總圖書館西南側,YouBike2.0_臺大男八舍東側,0.654,2.9,500119087.0,500119043.0
YouBike2.0_臺大總圖書館西南側,YouBike2.0_臺大禮賢樓東南側,0.566,1.7,500119087.0,500119044.0
YouBike2.0_臺大總圖書館西南側,YouBike2.0_臺大農業陳列館北側,0.806,2.3,500119087.0,500119045.0
YouBike2.0_臺大總圖書館西南側,YouBike2.0_臺大管理學院二館北側,0.693,3.5,500119087.0,500119046.0
YouBike2.0_臺大總圖書館西南側,YouBike2.0_臺大土木系館,0.243,1.0,500119087.0,500119047.0
YouBike2.0_臺大總圖書館西南側,YouBike2.0_臺大大一女舍北側,0.877,2.5,500119087.0,500119048.0
YouBike2.0_臺大總圖書館西南側,YouBike2.0_臺大女九舍西南側,0.426,1.2,500119087.0,500119049.0
YouBike2.0_臺大總圖書館西南側,YouBike2.0_臺大小福樓東側,0.455,1.3,500119087.0,500119050.0
YouBike2.0_臺大總圖書館西南側,YouBike2.0_臺大立體機車停車場,0.338,1.0,500119087.0,500119051.0
YouBike2.0_臺大總圖書館西南側,YouBike2.0_臺大工綜館南側,0.28,0.8,500119087.0,500119052.0
YouBike2.0_臺大總圖書館西南側,YouBike2.0_臺大天文數學館南側,0.68,2.0,500119087.0,500119053.0
YouBike2.0_臺大總圖書館西南側,YouBike2.0_臺大心理系館南側,0.503,1.5,500119087.0,500119054.0
YouBike2.0_臺大總圖書館西南側,YouBike2.0_臺大樂學館東側,0.552,1.6,500119087.0,500119055.0
YouBike2.0_臺大總圖書館西南側,YouBike2.0_臺大農化新館西側,0.748,2.1,500119087.0,500119056.0
YouBike2.0_臺大總圖書館西南側,YouBike2.0_臺大五號館西側,0.469,1.4,500119087.0,500119057.0
YouBike2.0_臺大總圖書館西南側,YouBike2.0_臺大舊體育館西側,0.765,2.2,500119087.0,500119058.0
YouBike2.0_臺大總圖書館西南側,YouBike2.0_臺大共同教室東南側,0.499,1.5,500119087.0,500119060.0
YouBike2.0_臺大總圖書館西南側,YouBike2.0_臺大鹿鳴堂東側,0.597,1.8,500119087.0,500119061.0
YouBike2.0_臺大總圖書館西南側,YouBike2.0_臺大公館停車場西北側,0.713,2.5,500119087.0,500119062.0
YouBike2.0_臺大總圖書館西南側,YouBike2.0_臺大第二行政大樓南側,0.621,1.8,500119087.0,500119063.0
YouBike2.0_臺大總圖書館西南側,YouBike2.0_臺大明達館機車停車場,0.469,1.4,500119087.0,500119064.0
YouBike2.0_臺大總圖書館西南側,YouBike2.0_臺大二號館,0.575,1.6,500119087.0,500119065.0
YouBike2.0_臺大總圖書館西南側,YouBike2.0_臺大凝態館南側,0.879,2.5,500119087.0,500119066.0
YouBike2.0_臺大總圖書館西南側,YouBike2.0_臺大社科院西側,0.746,2.1,500119087.0,500119067.0
YouBike2.0_臺大總圖書館西南側,YouBike2.0_臺大社會系館南側,0.69,2.3,500119087.0,500119068.0
YouBike2.0_臺大總圖書館西南側,YouBike2.0_臺大思亮館東南側,0.55,1.6,500119087.0,500119069.0
YouBike2.0_臺大總圖書館西南側,YouBike2.0_臺大椰林小舖,0.719,2.1,500119087.0,500119070.0
YouBike2.0_臺大總圖書館西南側,YouBike2.0_臺大計資中心南側,0.565,1.7,500119087.0,500119071.0
YouBike2.0_臺大總圖書館西南側,YouBike2.0_臺大原分所北側,0.37,1.1,500119087.0,500119072.0
YouBike2.0_臺大總圖書館西南側,YouBike2.0_臺大生命科學館西北側,0.518,1.5,500119087.0,500119074.0
YouBike2.0_臺大總圖書館西南側,YouBike2.0_臺大第一活動中心西南側,0.155,0.5,500119087.0,500119075.0
YouBike2.0_臺大總圖書館西南側,YouBike2.0_臺大博理館西側,0.615,1.8,500119087.0,500119076.0
YouBike2.0_臺大總圖書館西南側,YouBike2.0_臺大博雅館西側,0.682,2.0,500119087.0,500119077.0
YouBike2.0_臺大總圖書館西南側,YouBike2.0_臺大森林館北側,0.331,1.0,500119087.0,500119078.0
YouBike2.0_臺大總圖書館西南側,YouBike2.0_臺大一號館,0.695,2.0,500119087.0,500119079.0
YouBike2.0_臺大總圖書館西南側,YouBike2.0_臺大小小福西南側,0.619,1.9,500119087.0,500119080.0
YouBike2.0_臺大總圖書館西南側,YouBike2.0_臺大教研館北側,0.569,1.7,500119087.0,500119081.0
YouBike2.0_臺大總圖書館西南側,YouBike2.0_臺大四號館東北側,0.365,1.1,500119087.0,500119082.0
YouBike2.0_臺大總圖書館西南側,YouBike2.0_臺大新生教室南側,0.603,1.8,500119087.0,500119083.0
YouBike2.0_臺大總圖書館西南側,YouBike2.0_臺大鄭江樓北側,0.611,1.8,500119087.0,500119084.0
YouBike2.0_臺大總圖書館西南側,YouBike2.0_臺大電機二館東南側,0.481,1.4,500119087.0,500119085.0
YouBike2.0_臺大總圖書館西南側,YouBike2.0_臺大圖資系館北側,0.229,0.7,500119087.0,500119086.0
YouBike2.0_臺大總圖書館西南側,YouBike2.0_臺大黑森林西側,0.793,3.5,500119087.0,500119088.0
YouBike2.0_臺大總圖書館西南側,YouBike2.0_臺大獸醫館南側,0.467,1.3,500119087.0,500119089.0
YouBike2.0_臺大總圖書館西南側,YouBike2.0_臺大新體育館東南側,0.866,2.5,500119087.0,500119090.0
YouBike2.0_臺大總圖書館西南側,YouBike2.0_臺大明達館北側(員工宿舍),0.541,1.6,500119087.0,500119091.0
YouBike2.0_臺大黑森林西側,YouBike2.0_辛亥復興路口西北側,0.2,3.1,500119088.0,500101005.0
YouBike2.0_臺大黑森林西側,YouBike2.0_新生南路三段52號前,1.187,6.5,500119088.0,500101008.0
YouBike2.0_臺大黑森林西側,YouBike2.0_新生南路三段66號前,1.68,6.9,500119088.0,500101009.0
YouBike2.0_臺大黑森林西側,YouBike2.0_新生南路三段82號前,1.586,6.7,500119088.0,500101010.0
YouBike2.0_臺大黑森林西側,YouBike2.0_銘傳國小側門,1.322,7.6,500119088.0,500101021.0
YouBike2.0_臺大黑森林西側,YouBike2.0_捷運公館站(2號出口),1.295,5.4,500119088.0,500101022.0
YouBike2.0_臺大黑森林西側,YouBike2.0_第二學生活動中心,1.48,6.8,500119088.0,500101023.0
YouBike2.0_臺大黑森林西側,YouBike2.0_臺灣科技大學正門,0.974,4.7,500119088.0,500101024.0
YouBike2.0_臺大黑森林西側,YouBike2.0_臺灣科技大學側門,1.058,5.6,500119088.0,500101025.0
YouBike2.0_臺大黑森林西側,YouBike2.0_臺大男七舍前,0.697,4.2,500119088.0,500101031.0
YouBike2.0_臺大黑森林西側,YouBike2.0_臺大男一舍前,0.499,3.6,500119088.0,500101032.0
YouBike2.0_臺大黑森林西側,YouBike2.0_臺大男六舍前,0.468,3.5,500119088.0,500101033.0
YouBike2.0_臺大黑森林西側,YouBike2.0_臺大動物醫院前,0.588,3.4,500119088.0,500101034.0
YouBike2.0_臺大黑森林西側,YouBike2.0_臺大萬才館前,0.31,3.0,500119088.0,500101036.0
YouBike2.0_臺大黑森林西側,YouBike2.0_臺大國青大樓宿舍前,0.218,2.8,500119088.0,500101037.0
YouBike2.0_臺大黑森林西側,YouBike2.0_臺大社科院圖書館前,0.195,2.0,500119088.0,500101038.0
YouBike2.0_臺大黑森林西側,YouBike2.0_臺大法人語言訓練中心前,0.468,2.4,500119088.0,500101039.0
YouBike2.0_臺大黑森林西側,YouBike2.0_臺大綜合體育館停車場前,1.141,4.8,500119088.0,500101040.0
YouBike2.0_臺大黑森林西側,YouBike2.0_辛亥新生路口東南側,1.208,4.6,500119088.0,500101041.0
YouBike2.0_臺大黑森林西側,YouBike2.0_基隆長興路口東側,0.406,3.6,500119088.0,500101042.0
YouBike2.0_臺大黑森林西側,YouBike2.0_捷運公館站(3號出口),1.386,5.7,500119088.0,500101181.0
YouBike2.0_臺大黑森林西側,YouBike2.0_新生南路三段94巷口,1.86,7.1,500119088.0,500101184.0
YouBike2.0_臺大黑森林西側,YouBike2.0_基隆長興路口,0.384,2.8,500119088.0,500101193.0
YouBike2.0_臺大黑森林西側,YouBike2.0_臺大資訊大樓,0.454,2.8,500119088.0,500101209.0
YouBike2.0_臺大黑森林西側,YouBike2.0_捷運公館站(1號出口),1.309,6.7,500119088.0,500106003.0
YouBike2.0_臺大黑森林西側,YouBike2.0_捷運公館站(4號出口),1.39,6.9,500119088.0,500106004.0
YouBike2.0_臺大黑森林西側,YouBike2.0_臺大男八舍東側,0.495,3.6,500119088.0,500119043.0
YouBike2.0_臺大黑森林西側,YouBike2.0_臺大禮賢樓東南側,1.367,5.2,500119088.0,500119044.0
YouBike2.0_臺大黑森林西側,YouBike2.0_臺大農業陳列館北側,1.478,5.5,500119088.0,500119045.0
YouBike2.0_臺大黑森林西側,YouBike2.0_臺大管理學院二館北側,1.493,7.1,500119088.0,500119046.0
YouBike2.0_臺大黑森林西側,YouBike2.0_臺大土木系館,0.832,4.0,500119088.0,500119047.0
YouBike2.0_臺大黑森林西側,YouBike2.0_臺大大一女舍北側,1.466,5.5,500119088.0,500119048.0
YouBike2.0_臺大黑森林西側,YouBike2.0_臺大女九舍西南側,0.671,3.0,500119088.0,500119049.0
YouBike2.0_臺大黑森林西側,YouBike2.0_臺大小福樓東側,1.104,4.4,500119088.0,500119050.0
YouBike2.0_臺大黑森林西側,YouBike2.0_臺大立體機車停車場,0.659,3.1,500119088.0,500119051.0
YouBike2.0_臺大黑森林西側,YouBike2.0_臺大工綜館南側,0.433,2.5,500119088.0,500119052.0
YouBike2.0_臺大黑森林西側,YouBike2.0_臺大天文數學館南側,0.775,3.4,500119088.0,500119053.0
YouBike2.0_臺大黑森林西側,YouBike2.0_臺大心理系館南側,0.59,2.8,500119088.0,500119054.0
YouBike2.0_臺大黑森林西側,YouBike2.0_臺大樂學館東側,1.325,5.0,500119088.0,500119055.0
YouBike2.0_臺大黑森林西側,YouBike2.0_臺大農化新館西側,1.337,5.0,500119088.0,500119056.0
YouBike2.0_臺大黑森林西側,YouBike2.0_臺大五號館西側,1.058,4.3,500119088.0,500119057.0
YouBike2.0_臺大黑森林西側,YouBike2.0_臺大舊體育館西側,1.085,4.3,500119088.0,500119058.0
YouBike2.0_臺大黑森林西側,YouBike2.0_臺大共同教室東南側,1.088,4.4,500119088.0,500119060.0
YouBike2.0_臺大黑森林西側,YouBike2.0_臺大鹿鳴堂東側,1.186,4.7,500119088.0,500119061.0
YouBike2.0_臺大黑森林西側,YouBike2.0_臺大公館停車場西北側,1.281,5.5,500119088.0,500119062.0
YouBike2.0_臺大黑森林西側,YouBike2.0_臺大第二行政大樓南側,1.21,4.7,500119088.0,500119063.0
YouBike2.0_臺大黑森林西側,YouBike2.0_臺大明達館機車停車場,0.31,2.1,500119088.0,500119064.0
YouBike2.0_臺大黑森林西側,YouBike2.0_臺大二號館,1.164,4.6,500119088.0,500119065.0
YouBike2.0_臺大黑森林西側,YouBike2.0_臺大凝態館南側,0.954,3.9,500119088.0,500119066.0
YouBike2.0_臺大黑森林西側,YouBike2.0_臺大社科院西側,0.35,2.0,500119088.0,500119067.0
YouBike2.0_臺大黑森林西側,YouBike2.0_臺大社會系館南側,0.177,2.6,500119088.0,500119068.0
YouBike2.0_臺大黑森林西側,YouBike2.0_臺大思亮館東南側,0.678,3.1,500119088.0,500119069.0
YouBike2.0_臺大黑森林西側,YouBike2.0_臺大椰林小舖,1.308,5.0,500119088.0,500119070.0
YouBike2.0_臺大黑森林西側,YouBike2.0_臺大計資中心南側,0.636,2.9,500119088.0,500119071.0
YouBike2.0_臺大黑森林西側,YouBike2.0_臺大原分所北側,0.91,3.8,500119088.0,500119072.0
YouBike2.0_臺大黑森林西側,YouBike2.0_臺大生命科學館西北側,1.107,4.5,500119088.0,500119074.0
YouBike2.0_臺大黑森林西側,YouBike2.0_臺大第一活動中心西南側,0.68,3.2,500119088.0,500119075.0
YouBike2.0_臺大黑森林西側,YouBike2.0_臺大博理館西側,0.344,2.0,500119088.0,500119076.0
YouBike2.0_臺大黑森林西側,YouBike2.0_臺大博雅館西側,1.209,4.6,500119088.0,500119077.0
YouBike2.0_臺大黑森林西側,YouBike2.0_臺大森林館北側,0.921,3.9,500119088.0,500119078.0
YouBike2.0_臺大黑森林西側,YouBike2.0_臺大一號館,1.284,4.9,500119088.0,500119079.0
YouBike2.0_臺大黑森林西側,YouBike2.0_臺大小小福西南側,1.209,4.8,500119088.0,500119080.0
YouBike2.0_臺大黑森林西側,YouBike2.0_臺大教研館北側,1.137,4.6,500119088.0,500119081.0
YouBike2.0_臺大黑森林西側,YouBike2.0_臺大四號館東北側,0.954,4.0,500119088.0,500119082.0
YouBike2.0_臺大黑森林西側,YouBike2.0_臺大新生教室南側,0.996,4.0,500119088.0,500119083.0
YouBike2.0_臺大黑森林西側,YouBike2.0_臺大鄭江樓北側,0.182,1.7,500119088.0,500119084.0
YouBike2.0_臺大黑森林西側,YouBike2.0_臺大電機二館東南側,0.244,1.9,500119088.0,500119085.0
YouBike2.0_臺大黑森林西側,YouBike2.0_臺大圖資系館北側,0.632,3.1,500119088.0,500119086.0
YouBike2.0_臺大黑森林西側,YouBike2.0_臺大總圖書館西南側,0.793,3.5,500119088.0,500119087.0
YouBike2.0_臺大黑森林西側,YouBike2.0_臺大獸醫館南側,0.326,2.2,500119088.0,500119089.0
YouBike2.0_臺大黑森林西側,YouBike2.0_臺大新體育館東南側,0.968,3.9,500119088.0,500119090.0
YouBike2.0_臺大黑森林西側,YouBike2.0_臺大明達館北側(員工宿舍),0.381,2.3,500119088.0,500119091.0
YouBike2.0_臺大獸醫館南側,YouBike2.0_辛亥復興路口西北側,1.089,4.0,500119089.0,500101005.0
YouBike2.0_臺大獸醫館南側,YouBike2.0_新生南路三段52號前,1.425,5.0,500119089.0,500101008.0
YouBike2.0_臺大獸醫館南側,YouBike2.0_新生南路三段66號前,1.272,4.6,500119089.0,500101009.0
YouBike2.0_臺大獸醫館南側,YouBike2.0_新生南路三段82號前,1.178,4.3,500119089.0,500101010.0
YouBike2.0_臺大獸醫館南側,YouBike2.0_銘傳國小側門,1.049,5.6,500119089.0,500101021.0
YouBike2.0_臺大獸醫館南側,YouBike2.0_捷運公館站(2號出口),1.022,3.4,500119089.0,500101022.0
YouBike2.0_臺大獸醫館南側,YouBike2.0_第二學生活動中心,1.207,4.8,500119089.0,500101023.0
YouBike2.0_臺大獸醫館南側,YouBike2.0_臺灣科技大學正門,0.571,2.7,500119089.0,500101024.0
YouBike2.0_臺大獸醫館南側,YouBike2.0_臺灣科技大學側門,0.832,3.5,500119089.0,500101025.0
YouBike2.0_臺大獸醫館南側,YouBike2.0_臺大男七舍前,0.58,2.7,500119089.0,500101031.0
YouBike2.0_臺大獸醫館南側,YouBike2.0_臺大男一舍前,0.382,2.1,500119089.0,500101032.0
YouBike2.0_臺大獸醫館南側,YouBike2.0_臺大男六舍前,0.352,2.0,500119089.0,500101033.0
YouBike2.0_臺大獸醫館南側,YouBike2.0_臺大動物醫院前,0.471,1.9,500119089.0,500101034.0
YouBike2.0_臺大獸醫館南側,YouBike2.0_臺大萬才館前,0.771,3.3,500119089.0,500101036.0
YouBike2.0_臺大獸醫館南側,YouBike2.0_臺大國青大樓宿舍前,0.68,3.0,500119089.0,500101037.0
YouBike2.0_臺大獸醫館南側,YouBike2.0_臺大社科院圖書館前,0.525,1.9,500119089.0,500101038.0
YouBike2.0_臺大獸醫館南側,YouBike2.0_臺大法人語言訓練中心前,0.552,1.6,500119089.0,500101039.0
YouBike2.0_臺大獸醫館南側,YouBike2.0_臺大綜合體育館停車場前,1.33,4.3,500119089.0,500101040.0
YouBike2.0_臺大獸醫館南側,YouBike2.0_辛亥新生路口東南側,1.396,4.0,500119089.0,500101041.0
YouBike2.0_臺大獸醫館南側,YouBike2.0_基隆長興路口東側,0.289,2.1,500119089.0,500101042.0
YouBike2.0_臺大獸醫館南側,YouBike2.0_捷運公館站(3號出口),1.114,3.7,500119089.0,500101181.0
YouBike2.0_臺大獸醫館南側,YouBike2.0_新生南路三段94巷口,1.534,4.9,500119089.0,500101184.0
YouBike2.0_臺大獸醫館南側,YouBike2.0_基隆長興路口,0.267,1.2,500119089.0,500101193.0
YouBike2.0_臺大獸醫館南側,YouBike2.0_臺大資訊大樓,0.538,2.0,500119089.0,500101209.0
YouBike2.0_臺大獸醫館南側,YouBike2.0_捷運公館站(1號出口),1.036,4.7,500119089.0,500106003.0
YouBike2.0_臺大獸醫館南側,YouBike2.0_捷運公館站(4號出口),1.117,4.9,500119089.0,500106004.0
YouBike2.0_臺大獸醫館南側,YouBike2.0_臺大男八舍東側,0.378,2.1,500119089.0,500119043.0
YouBike2.0_臺大獸醫館南側,YouBike2.0_臺大禮賢樓東南側,1.041,3.1,500119089.0,500119044.0
YouBike2.0_臺大獸醫館南側,YouBike2.0_臺大農業陳列館北側,1.07,3.1,500119089.0,500119045.0
YouBike2.0_臺大獸醫館南側,YouBike2.0_臺大管理學院二館北側,1.168,4.9,500119089.0,500119046.0
YouBike2.0_臺大獸醫館南側,YouBike2.0_臺大土木系館,0.506,1.8,500119089.0,500119047.0
YouBike2.0_臺大獸醫館南側,YouBike2.0_臺大大一女舍北側,1.14,3.3,500119089.0,500119048.0
YouBike2.0_臺大獸醫館南側,YouBike2.0_臺大女九舍西南側,0.689,2.0,500119089.0,500119049.0
YouBike2.0_臺大獸醫館南側,YouBike2.0_臺大小福樓東側,0.718,2.1,500119089.0,500119050.0
YouBike2.0_臺大獸醫館南側,YouBike2.0_臺大立體機車停車場,0.333,0.9,500119089.0,500119051.0
YouBike2.0_臺大獸醫館南側,YouBike2.0_臺大工綜館南側,0.236,0.7,500119089.0,500119052.0
YouBike2.0_臺大獸醫館南側,YouBike2.0_臺大天文數學館南側,0.943,2.8,500119089.0,500119053.0
YouBike2.0_臺大獸醫館南側,YouBike2.0_臺大心理系館南側,0.767,2.2,500119089.0,500119054.0
YouBike2.0_臺大獸醫館南側,YouBike2.0_臺大樂學館東側,0.856,2.4,500119089.0,500119055.0
YouBike2.0_臺大獸醫館南側,YouBike2.0_臺大農化新館西側,1.012,2.9,500119089.0,500119056.0
YouBike2.0_臺大獸醫館南側,YouBike2.0_臺大五號館西側,0.732,2.1,500119089.0,500119057.0
YouBike2.0_臺大獸醫館南側,YouBike2.0_臺大舊體育館西側,1.028,3.0,500119089.0,500119058.0
YouBike2.0_臺大獸醫館南側,YouBike2.0_臺大共同教室東南側,0.762,2.2,500119089.0,500119060.0
YouBike2.0_臺大獸醫館南側,YouBike2.0_臺大鹿鳴堂東側,0.86,2.5,500119089.0,500119061.0
YouBike2.0_臺大獸醫館南側,YouBike2.0_臺大公館停車場西北側,1.214,4.0,500119089.0,500119062.0
YouBike2.0_臺大獸醫館南側,YouBike2.0_臺大第二行政大樓南側,0.884,2.6,500119089.0,500119063.0
YouBike2.0_臺大獸醫館南側,YouBike2.0_臺大明達館機車停車場,0.193,0.6,500119089.0,500119064.0
YouBike2.0_臺大獸醫館南側,YouBike2.0_臺大二號館,0.839,2.4,500119089.0,500119065.0
YouBike2.0_臺大獸醫館南側,YouBike2.0_臺大凝態館南側,1.142,3.3,500119089.0,500119066.0
YouBike2.0_臺大獸醫館南側,YouBike2.0_臺大社科院西側,0.434,1.3,500119089.0,500119067.0
YouBike2.0_臺大獸醫館南側,YouBike2.0_臺大社會系館南側,0.303,1.3,500119089.0,500119068.0
YouBike2.0_臺大獸醫館南側,YouBike2.0_臺大思亮館東南側,0.813,2.4,500119089.0,500119069.0
YouBike2.0_臺大獸醫館南側,YouBike2.0_臺大椰林小舖,0.982,2.9,500119089.0,500119070.0
YouBike2.0_臺大獸醫館南側,YouBike2.0_臺大計資中心南側,0.721,2.1,500119089.0,500119071.0
YouBike2.0_臺大獸醫館南側,YouBike2.0_臺大原分所北側,0.633,1.8,500119089.0,500119072.0
YouBike2.0_臺大獸醫館南側,YouBike2.0_臺大生命科學館西北側,0.781,2.3,500119089.0,500119074.0
YouBike2.0_臺大獸醫館南側,YouBike2.0_臺大第一活動中心西南側,0.354,1.0,500119089.0,500119075.0
YouBike2.0_臺大獸醫館南側,YouBike2.0_臺大博理館西側,0.228,0.7,500119089.0,500119076.0
YouBike2.0_臺大獸醫館南側,YouBike2.0_臺大博雅館西側,0.946,2.7,500119089.0,500119077.0
YouBike2.0_臺大獸醫館南側,YouBike2.0_臺大森林館北側,0.595,1.8,500119089.0,500119078.0
YouBike2.0_臺大獸醫館南側,YouBike2.0_臺大一號館,0.958,2.8,500119089.0,500119079.0
YouBike2.0_臺大獸醫館南側,YouBike2.0_臺大小小福西南側,0.883,2.6,500119089.0,500119080.0
YouBike2.0_臺大獸醫館南側,YouBike2.0_臺大教研館北側,1.07,3.1,500119089.0,500119081.0
YouBike2.0_臺大獸醫館南側,YouBike2.0_臺大四號館東北側,0.628,1.9,500119089.0,500119082.0
YouBike2.0_臺大獸醫館南側,YouBike2.0_臺大新生教室南側,0.866,2.5,500119089.0,500119083.0
YouBike2.0_臺大獸醫館南側,YouBike2.0_臺大鄭江樓北側,0.144,0.4,500119089.0,500119084.0
YouBike2.0_臺大獸醫館南側,YouBike2.0_臺大電機二館東南側,0.094,0.3,500119089.0,500119085.0
YouBike2.0_臺大獸醫館南側,YouBike2.0_臺大圖資系館北側,0.492,1.4,500119089.0,500119086.0
YouBike2.0_臺大獸醫館南側,YouBike2.0_臺大總圖書館西南側,0.467,1.4,500119089.0,500119087.0
YouBike2.0_臺大獸醫館南側,YouBike2.0_臺大黑森林西側,0.326,2.2,500119089.0,500119088.0
YouBike2.0_臺大獸醫館南側,YouBike2.0_臺大新體育館東南側,1.129,3.2,500119089.0,500119090.0
YouBike2.0_臺大獸醫館南側,YouBike2.0_臺大明達館北側(員工宿舍),0.265,0.8,500119089.0,500119091.0
YouBike2.0_臺大新體育館東南側,YouBike2.0_辛亥復興路口西北側,0.921,3.3,500119090.0,500101005.0
YouBike2.0_臺大新體育館東南側,YouBike2.0_新生南路三段52號前,0.415,2.4,500119090.0,500101008.0
YouBike2.0_臺大新體育館東南側,YouBike2.0_新生南路三段66號前,0.568,2.9,500119090.0,500101009.0
YouBike2.0_臺大新體育館東南側,YouBike2.0_新生南路三段82號前,0.605,2.7,500119090.0,500101010.0
YouBike2.0_臺大新體育館東南側,YouBike2.0_銘傳國小側門,1.077,5.7,500119090.0,500101021.0
YouBike2.0_臺大新體育館東南側,YouBike2.0_捷運公館站(2號出口),1.05,3.5,500119090.0,500101022.0
YouBike2.0_臺大新體育館東南側,YouBike2.0_第二學生活動中心,1.235,4.9,500119090.0,500101023.0
YouBike2.0_臺大新體育館東南側,YouBike2.0_臺灣科技大學正門,1.413,5.2,500119090.0,500101024.0
YouBike2.0_臺大新體育館東南側,YouBike2.0_臺灣科技大學側門,1.307,5.7,500119090.0,500101025.0
YouBike2.0_臺大新體育館東南側,YouBike2.0_臺大男七舍前,1.522,5.5,500119090.0,500101031.0
YouBike2.0_臺大新體育館東南側,YouBike2.0_臺大男一舍前,1.324,4.8,500119090.0,500101032.0
YouBike2.0_臺大新體育館東南側,YouBike2.0_臺大男六舍前,1.294,4.8,500119090.0,500101033.0
YouBike2.0_臺大新體育館東南側,YouBike2.0_臺大動物醫院前,1.414,4.6,500119090.0,500101034.0
YouBike2.0_臺大新體育館東南側,YouBike2.0_臺大萬才館前,0.975,4.0,500119090.0,500101036.0
YouBike2.0_臺大新體育館東南側,YouBike2.0_臺大國青大樓宿舍前,0.884,3.7,500119090.0,500101037.0
YouBike2.0_臺大新體育館東南側,YouBike2.0_臺大社科院圖書館前,0.729,2.6,500119090.0,500101038.0
YouBike2.0_臺大新體育館東南側,YouBike2.0_臺大法人語言訓練中心前,0.513,1.6,500119090.0,500101039.0
YouBike2.0_臺大新體育館東南側,YouBike2.0_臺大綜合體育館停車場前,0.184,1.0,500119090.0,500101040.0
YouBike2.0_臺大新體育館東南側,YouBike2.0_辛亥新生路口東南側,0.243,0.7,500119090.0,500101041.0
YouBike2.0_臺大新體育館東南側,YouBike2.0_基隆長興路口東側,1.231,4.9,500119090.0,500101042.0
YouBike2.0_臺大新體育館東南側,YouBike2.0_捷運公館站(3號出口),1.185,4.7,500119090.0,500101181.0
YouBike2.0_臺大新體育館東南側,YouBike2.0_新生南路三段94巷口,0.831,3.7,500119090.0,500101184.0
YouBike2.0_臺大新體育館東南側,YouBike2.0_基隆長興路口,1.21,4.0,500119090.0,500101193.0
YouBike2.0_臺大新體育館東南側,YouBike2.0_臺大資訊大樓,0.597,2.2,500119090.0,500101209.0
YouBike2.0_臺大新體育館東南側,YouBike2.0_捷運公館站(1號出口),1.064,4.8,500119090.0,500106003.0
YouBike2.0_臺大新體育館東南側,YouBike2.0_捷運公館站(4號出口),1.177,4.8,500119090.0,500106004.0
YouBike2.0_臺大新體育館東南側,YouBike2.0_臺大男八舍東側,1.32,4.8,500119090.0,500119043.0
YouBike2.0_臺大新體育館東南側,YouBike2.0_臺大禮賢樓東南側,1.09,3.2,500119090.0,500119044.0
YouBike2.0_臺大新體育館東南側,YouBike2.0_臺大農業陳列館北側,0.497,1.5,500119090.0,500119045.0
YouBike2.0_臺大新體育館東南側,YouBike2.0_臺大管理學院二館北側,1.217,5.1,500119090.0,500119046.0
YouBike2.0_臺大新體育館東南側,YouBike2.0_臺大土木系館,0.758,2.6,500119090.0,500119047.0
YouBike2.0_臺大新體育館東南側,YouBike2.0_臺大大一女舍北側,0.908,2.7,500119090.0,500119048.0
YouBike2.0_臺大新體育館東南側,YouBike2.0_臺大女九舍西南側,0.428,1.3,500119090.0,500119049.0
YouBike2.0_臺大新體育館東南側,YouBike2.0_臺大小福樓東側,0.44,1.3,500119090.0,500119050.0
YouBike2.0_臺大新體育館東南側,YouBike2.0_臺大立體機車停車場,1.175,3.5,500119090.0,500119051.0
YouBike2.0_臺大新體育館東南側,YouBike2.0_臺大工綜館南側,0.739,2.2,500119090.0,500119052.0
YouBike2.0_臺大新體育館東南側,YouBike2.0_臺大天文數學館南側,0.193,0.6,500119090.0,500119053.0
YouBike2.0_臺大新體育館東南側,YouBike2.0_臺大心理系館南側,0.628,1.9,500119090.0,500119054.0
YouBike2.0_臺大新體育館東南側,YouBike2.0_臺大樂學館東側,0.359,1.1,500119090.0,500119055.0
YouBike2.0_臺大新體育館東南側,YouBike2.0_臺大農化新館西側,0.777,2.2,500119090.0,500119056.0
YouBike2.0_臺大新體育館東南側,YouBike2.0_臺大五號館西側,0.686,2.0,500119090.0,500119057.0
YouBike2.0_臺大新體育館東南側,YouBike2.0_臺大舊體育館西側,0.151,0.5,500119090.0,500119058.0
YouBike2.0_臺大新體育館東南側,YouBike2.0_臺大共同教室東南側,0.811,2.4,500119090.0,500119060.0
YouBike2.0_臺大新體育館東南側,YouBike2.0_臺大鹿鳴堂東側,0.909,2.7,500119090.0,500119061.0
YouBike2.0_臺大新體育館東南側,YouBike2.0_臺大公館停車場西北側,1.263,4.2,500119090.0,500119062.0
YouBike2.0_臺大新體育館東南側,YouBike2.0_臺大第二行政大樓南側,0.65,1.9,500119090.0,500119063.0
YouBike2.0_臺大新體育館東南側,YouBike2.0_臺大明達館機車停車場,1.135,3.4,500119090.0,500119064.0
YouBike2.0_臺大新體育館東南側,YouBike2.0_臺大二號館,0.604,1.8,500119090.0,500119065.0
YouBike2.0_臺大新體育館東南側,YouBike2.0_臺大凝態館南側,0.11,0.3,500119090.0,500119066.0
YouBike2.0_臺大新體育館東南側,YouBike2.0_臺大社科院西側,0.625,1.9,500119090.0,500119067.0
YouBike2.0_臺大新體育館東南側,YouBike2.0_臺大社會系館南側,0.772,2.7,500119090.0,500119068.0
YouBike2.0_臺大新體育館東南側,YouBike2.0_臺大思亮館東南側,0.427,1.3,500119090.0,500119069.0
YouBike2.0_臺大新體育館東南側,YouBike2.0_臺大椰林小舖,0.752,2.2,500119090.0,500119070.0
YouBike2.0_臺大新體育館東南側,YouBike2.0_臺大計資中心南側,0.482,1.5,500119090.0,500119071.0
YouBike2.0_臺大新體育館東南側,YouBike2.0_臺大原分所北側,0.514,1.6,500119090.0,500119072.0
YouBike2.0_臺大新體育館東南側,YouBike2.0_臺大生命科學館西北側,0.83,2.5,500119090.0,500119074.0
YouBike2.0_臺大新體育館東南側,YouBike2.0_臺大第一活動中心西南側,0.775,2.3,500119090.0,500119075.0
YouBike2.0_臺大新體育館東南側,YouBike2.0_臺大博理館西側,0.827,2.5,500119090.0,500119076.0
YouBike2.0_臺大新體育館東南側,YouBike2.0_臺大博雅館西側,0.252,0.8,500119090.0,500119077.0
YouBike2.0_臺大新體育館東南側,YouBike2.0_臺大森林館北側,0.725,2.1,500119090.0,500119078.0
YouBike2.0_臺大新體育館東南側,YouBike2.0_臺大一號館,0.592,1.8,500119090.0,500119079.0
YouBike2.0_臺大新體育館東南側,YouBike2.0_臺大小小福西南側,0.763,2.2,500119090.0,500119080.0
YouBike2.0_臺大新體育館東南側,YouBike2.0_臺大教研館北側,1.119,3.3,500119090.0,500119081.0
YouBike2.0_臺大新體育館東南側,YouBike2.0_臺大四號館東北側,0.618,1.8,500119090.0,500119082.0
YouBike2.0_臺大新體育館東南側,YouBike2.0_臺大新生教室南側,0.387,1.2,500119090.0,500119083.0
YouBike2.0_臺大新體育館東南側,YouBike2.0_臺大鄭江樓北側,0.991,2.9,500119090.0,500119084.0
YouBike2.0_臺大新體育館東南側,YouBike2.0_臺大電機二館東南側,0.956,2.9,500119090.0,500119085.0
YouBike2.0_臺大新體育館東南側,YouBike2.0_臺大圖資系館北側,0.637,1.9,500119090.0,500119086.0
YouBike2.0_臺大新體育館東南側,YouBike2.0_臺大總圖書館西南側,0.866,2.6,500119090.0,500119087.0
YouBike2.0_臺大新體育館東南側,YouBike2.0_臺大黑森林西側,0.968,4.0,500119090.0,500119088.0
YouBike2.0_臺大新體育館東南側,YouBike2.0_臺大獸醫館南側,1.129,3.3,500119090.0,500119089.0
YouBike2.0_臺大新體育館東南側,YouBike2.0_臺大明達館北側(員工宿舍),1.378,4.1,500119090.0,500119091.0
YouBike2.0_臺大明達館北側(員工宿舍),YouBike2.0_辛亥復興路口西北側,1.274,4.5,500119091.0,500101005.0
YouBike2.0_臺大明達館北側(員工宿舍),YouBike2.0_新生南路三段52號前,1.673,5.7,500119091.0,500101008.0
YouBike2.0_臺大明達館北側(員工宿舍),YouBike2.0_新生南路三段66號前,1.52,5.3,500119091.0,500101009.0
YouBike2.0_臺大明達館北側(員工宿舍),YouBike2.0_新生南路三段82號前,1.426,5.0,500119091.0,500101010.0
YouBike2.0_臺大明達館北側(員工宿舍),YouBike2.0_銘傳國小側門,1.191,6.0,500119091.0,500101021.0
YouBike2.0_臺大明達館北側(員工宿舍),YouBike2.0_捷運公館站(2號出口),1.164,3.8,500119091.0,500101022.0
YouBike2.0_臺大明達館北側(員工宿舍),YouBike2.0_第二學生活動中心,1.349,5.2,500119091.0,500101023.0
YouBike2.0_臺大明達館北側(員工宿舍),YouBike2.0_臺灣科技大學正門,0.843,3.1,500119091.0,500101024.0
YouBike2.0_臺大明達館北側(員工宿舍),YouBike2.0_臺灣科技大學側門,0.927,4.0,500119091.0,500101025.0
YouBike2.0_臺大明達館北側(員工宿舍),YouBike2.0_臺大男七舍前,0.566,2.6,500119091.0,500101031.0
YouBike2.0_臺大明達館北側(員工宿舍),YouBike2.0_臺大男一舍前,0.368,2.0,500119091.0,500101032.0
YouBike2.0_臺大明達館北側(員工宿舍),YouBike2.0_臺大男六舍前,0.337,1.9,500119091.0,500101033.0
YouBike2.0_臺大明達館北側(員工宿舍),YouBike2.0_臺大動物醫院前,0.457,1.8,500119091.0,500101034.0
YouBike2.0_臺大明達館北側(員工宿舍),YouBike2.0_臺大萬才館前,0.957,3.8,500119091.0,500101036.0
YouBike2.0_臺大明達館北側(員工宿舍),YouBike2.0_臺大國青大樓宿舍前,0.865,3.5,500119091.0,500101037.0
YouBike2.0_臺大明達館北側(員工宿舍),YouBike2.0_臺大社科院圖書館前,0.71,2.5,500119091.0,500101038.0
YouBike2.0_臺大明達館北側(員工宿舍),YouBike2.0_臺大法人語言訓練中心前,0.737,2.1,500119091.0,500101039.0
YouBike2.0_臺大明達館北側(員工宿舍),YouBike2.0_臺大綜合體育館停車場前,1.578,5.0,500119091.0,500101040.0
YouBike2.0_臺大明達館北側(員工宿舍),YouBike2.0_辛亥新生路口東南側,1.644,4.8,500119091.0,500101041.0
YouBike2.0_臺大明達館北側(員工宿舍),YouBike2.0_基隆長興路口東側,0.275,2.0,500119091.0,500101042.0
YouBike2.0_臺大明達館北側(員工宿舍),YouBike2.0_捷運公館站(3號出口),1.255,4.1,500119091.0,500101181.0
YouBike2.0_臺大明達館北側(員工宿舍),YouBike2.0_新生南路三段94巷口,1.627,5.2,500119091.0,500101184.0
YouBike2.0_臺大明達館北側(員工宿舍),YouBike2.0_基隆長興路口,0.253,1.2,500119091.0,500101193.0
YouBike2.0_臺大明達館北側(員工宿舍),YouBike2.0_臺大資訊大樓,0.724,2.5,500119091.0,500101209.0
YouBike2.0_臺大明達館北側(員工宿舍),YouBike2.0_捷運公館站(1號出口),1.178,5.1,500119091.0,500106003.0
YouBike2.0_臺大明達館北側(員工宿舍),YouBike2.0_捷運公館站(4號出口),1.259,5.3,500119091.0,500106004.0
YouBike2.0_臺大明達館北側(員工宿舍),YouBike2.0_臺大男八舍東側,0.364,2.0,500119091.0,500119043.0
YouBike2.0_臺大明達館北側(員工宿舍),YouBike2.0_臺大禮賢樓東南側,1.004,3.0,500119091.0,500119044.0
YouBike2.0_臺大明達館北側(員工宿舍),YouBike2.0_臺大農業陳列館北側,1.318,3.8,500119091.0,500119045.0
YouBike2.0_臺大明達館北側(員工宿舍),YouBike2.0_臺大管理學院二館北側,1.13,4.8,500119091.0,500119046.0
YouBike2.0_臺大明達館北側(員工宿舍),YouBike2.0_臺大土木系館,0.754,2.5,500119091.0,500119047.0
YouBike2.0_臺大明達館北側(員工宿舍),YouBike2.0_臺大大一女舍北側,1.157,3.4,500119091.0,500119048.0
YouBike2.0_臺大明達館北側(員工宿舍),YouBike2.0_臺大女九舍西南側,0.938,2.7,500119091.0,500119049.0
YouBike2.0_臺大明達館北側(員工宿舍),YouBike2.0_臺大小福樓東側,0.966,2.8,500119091.0,500119050.0
YouBike2.0_臺大明達館北側(員工宿舍),YouBike2.0_臺大立體機車停車場,0.475,1.4,500119091.0,500119051.0
YouBike2.0_臺大明達館北側(員工宿舍),YouBike2.0_臺大工綜館南側,0.468,1.4,500119091.0,500119052.0
YouBike2.0_臺大明達館北側(員工宿舍),YouBike2.0_臺大天文數學館南側,1.192,3.5,500119091.0,500119053.0
YouBike2.0_臺大明達館北側(員工宿舍),YouBike2.0_臺大心理系館南側,1.015,3.0,500119091.0,500119054.0
YouBike2.0_臺大明達館北側(員工宿舍),YouBike2.0_臺大樂學館東側,1.064,3.0,500119091.0,500119055.0
YouBike2.0_臺大明達館北側(員工宿舍),YouBike2.0_臺大農化新館西側,1.1,3.2,500119091.0,500119056.0
YouBike2.0_臺大明達館北側(員工宿舍),YouBike2.0_臺大五號館西側,0.98,2.9,500119091.0,500119057.0
YouBike2.0_臺大明達館北側(員工宿舍),YouBike2.0_臺大舊體育館西側,1.276,3.7,500119091.0,500119058.0
YouBike2.0_臺大明達館北側(員工宿舍),YouBike2.0_臺大共同教室東南側,0.758,2.3,500119091.0,500119060.0
YouBike2.0_臺大明達館北側(員工宿舍),YouBike2.0_臺大鹿鳴堂東側,0.858,2.6,500119091.0,500119061.0
YouBike2.0_臺大明達館北側(員工宿舍),YouBike2.0_臺大公館停車場西北側,1.15,3.9,500119091.0,500119062.0
YouBike2.0_臺大明達館北側(員工宿舍),YouBike2.0_臺大第二行政大樓南側,1.009,3.0,500119091.0,500119063.0
YouBike2.0_臺大明達館北側(員工宿舍),YouBike2.0_臺大明達館機車停車場,0.179,0.5,500119091.0,500119064.0
YouBike2.0_臺大明達館北側(員工宿舍),YouBike2.0_臺大二號館,1.087,3.1,500119091.0,500119065.0
YouBike2.0_臺大明達館北側(員工宿舍),YouBike2.0_臺大凝態館南側,1.39,4.0,500119091.0,500119066.0
YouBike2.0_臺大明達館北側(員工宿舍),YouBike2.0_臺大社科院西側,0.619,1.8,500119091.0,500119067.0
YouBike2.0_臺大明達館北側(員工宿舍),YouBike2.0_臺大社會系館南側,0.488,1.8,500119091.0,500119068.0
YouBike2.0_臺大明達館北側(員工宿舍),YouBike2.0_臺大思亮館東南側,0.947,2.8,500119091.0,500119069.0
YouBike2.0_臺大明達館北側(員工宿舍),YouBike2.0_臺大椰林小舖,1.015,3.0,500119091.0,500119070.0
YouBike2.0_臺大明達館北側(員工宿舍),YouBike2.0_臺大計資中心南側,0.906,2.6,500119091.0,500119071.0
YouBike2.0_臺大明達館北側(員工宿舍),YouBike2.0_臺大原分所北側,0.881,2.6,500119091.0,500119072.0
YouBike2.0_臺大明達館北側(員工宿舍),YouBike2.0_臺大生命科學館西北側,0.748,2.2,500119091.0,500119074.0
YouBike2.0_臺大明達館北側(員工宿舍),YouBike2.0_臺大第一活動中心西南側,0.616,1.8,500119091.0,500119075.0
YouBike2.0_臺大明達館北側(員工宿舍),YouBike2.0_臺大博理館西側,0.413,1.2,500119091.0,500119076.0
YouBike2.0_臺大明達館北側(員工宿舍),YouBike2.0_臺大博雅館西側,1.194,3.5,500119091.0,500119077.0
YouBike2.0_臺大明達館北側(員工宿舍),YouBike2.0_臺大森林館北側,0.843,2.5,500119091.0,500119078.0
YouBike2.0_臺大明達館北側(員工宿舍),YouBike2.0_臺大一號館,1.207,3.5,500119091.0,500119079.0
YouBike2.0_臺大明達館北側(員工宿舍),YouBike2.0_臺大小小福西南側,0.869,2.6,500119091.0,500119080.0
YouBike2.0_臺大明達館北側(員工宿舍),YouBike2.0_臺大教研館北側,1.006,3.0,500119091.0,500119081.0
YouBike2.0_臺大明達館北側(員工宿舍),YouBike2.0_臺大四號館東北側,0.876,2.6,500119091.0,500119082.0
YouBike2.0_臺大明達館北側(員工宿舍),YouBike2.0_臺大新生教室南側,1.114,3.2,500119091.0,500119083.0
YouBike2.0_臺大明達館北側(員工宿舍),YouBike2.0_臺大鄭江樓北側,0.216,0.6,500119091.0,500119084.0
YouBike2.0_臺大明達館北側(員工宿舍),YouBike2.0_臺大電機二館東南側,0.279,0.8,500119091.0,500119085.0
YouBike2.0_臺大明達館北側(員工宿舍),YouBike2.0_臺大圖資系館北側,0.741,2.1,500119091.0,500119086.0
YouBike2.0_臺大明達館北側(員工宿舍),YouBike2.0_臺大總圖書館西南側,0.541,1.6,500119091.0,500119087.0
YouBike2.0_臺大明達館北側(員工宿舍),YouBike2.0_臺大黑森林西側,0.381,2.3,500119091.0,500119088.0
YouBike2.0_臺大明達館北側(員工宿舍),YouBike2.0_臺大獸醫館南側,0.265,0.7,500119091.0,500119089.0
YouBike2.0_臺大明達館北側(員工宿舍),YouBike2.0_臺大新體育館東南側,1.378,4.0,500119091.0,500119090.0
